Workbook

Sheet Auswertung Gesamt
A1: Name | B1: Summe
A2: Lanci | B2: =SUMIF('Auswertung Stage'!$A$2:$A$5,A2,'Auswertung Stage'!B2:V2) -> 43
A3: Sebbo | B3: =SUMIF('Auswertung Stage'!$A$2:$A$5,A3,'Auswertung Stage'!B3:V3) -> 32
A4: Janik | B4: =SUM('Auswertung Stage'!B4:V4) -> 130
A5: Reto | B5: =SUM('Auswertung Stage'!B5:V5) -> 216

Sheet Auswertung Stage
B1: S 01 | C1: S 02 | D1: S 03 | E1: S 04 | F1: S 05
A2: Lanci | B2: =SUMIF(Spieler_Teams!$A:$A,$A2,Spieler_Teams!C:C) -> 43 | C2: =SUMIF(Spieler_Teams!$A:$A,$A2,Spieler_Teams!D:D) -> 15 | D2: =SUMIF(Spieler_Teams!$A:$A,$A2,Spieler_Teams!E:E) -> 10 | E2: =SUMIF(Spieler_Teams!$A:$A,$A2,Spieler_Teams!F:F) -> 38 | F2: =SUMIF(Spieler_Teams!$A:$A,$A2,Spieler_Teams!G:G) -> 40
A3: Sebbo | B3: =SUMIF(Spieler_Teams!$A:$A,$A3,Spieler_Teams!C:C) -> 23 | C3: =SUMIF(Spieler_Teams!$A:$A,$A3,Spieler_Teams!D:D) -> 13 | D3: =SUMIF(Spieler_Teams!$A:$A,$A3,Spieler_Teams!E:E) -> 24 | E3: =SUMIF(Spieler_Teams!$A:$A,$A3,Spieler_Teams!F:F) -> 22 | F3: =SUMIF(Spieler_Teams!$A:$A,$A3,Spieler_Teams!G:G) -> 49
A4: Janik | B4: =SUMIF(Spieler_Teams!$A:$A,$A4,Spieler_Teams!C:C) -> 32 | C4: =SUMIF(Spieler_Teams!$A:$A,$A4,Spieler_Teams!D:D) -> 20 | D4: =SUMIF(Spieler_Teams!$A:$A,$A4,Spieler_Teams!E:E) -> 20 | E4: =SUMIF(Spieler_Teams!$A:$A,$A4,Spieler_Teams!F:F) -> 18 | F4: =SUMIF(Spieler_Teams!$A:$A,$A4,Spieler_Teams!G:G) -> 40
A5: Reto | B5: =SUMIF(Spieler_Teams!$A:$A,$A5,Spieler_Teams!C:C) -> 85 | C5: =SUMIF(Spieler_Teams!$A:$A,$A5,Spieler_Teams!D:D) -> 32 | D5: =SUMIF(Spieler_Teams!$A:$A,$A5,Spieler_Teams!E:E) -> 24 | E5: =SUMIF(Spieler_Teams!$A:$A,$A5,Spieler_Teams!F:F) -> 43 | F5: =SUMIF(Spieler_Teams!$A:$A,$A5,Spieler_Teams!G:G) -> 32

Sheet Spieler_Teams
A1: Spieler | B1: Fahrer | C1: Stage01 | D1: Stage02 | E1: Stage03 | F1: Stage04 | G1: Stage05
A2: Reto | B2: Ferrand-PrévotPaulineTeam Visma | Lease a Bike | C2: =SUMIF(Ergebnisse_Roh!C$2:C$21,$B2,Punktematrix!$B$2:$B$21) -> 8 | D2: =SUMIF(Ergebnisse_Roh!D$2:D$21,$B2,Punktematrix!$B$2:$B$21) -> 0 | E2: =SUMIF(Ergebnisse_Roh!E$2:E$21,$B2,Punktematrix!$B$2:$B$21) -> 0 | F2: =SUMIF(Ergebnisse_Roh!F$2:F$21,$B2,Punktematrix!$B$2:$B$21) -> 0 | G2: =SUMIF(Ergebnisse_Roh!G$2:G$21,$B2,Punktematrix!$B$2:$B$21) -> 0
A3: Reto | B3: VolleringDemiFDJ United - SUEZ | C3: =SUMIF(Ergebnisse_Roh!C$2:C$21,$B3,Punktematrix!$B$2:$B$21) -> 15 | D3: =SUMIF(Ergebnisse_Roh!D$2:D$21,$B3,Punktematrix!$B$2:$B$21) -> 0 | E3: =SUMIF(Ergebnisse_Roh!E$2:E$21,$B3,Punktematrix!$B$2:$B$21) -> 0 | F3: =SUMIF(Ergebnisse_Roh!F$2:F$21,$B3,Punktematrix!$B$2:$B$21) -> 15 | G3: =SUMIF(Ergebnisse_Roh!G$2:G$21,$B3,Punktematrix!$B$2:$B$21) -> 25
A4: Reto | B4: WiebesLorenaTeam SD Worx - Protime | C4: =SUMIF(Ergebnisse_Roh!C$2:C$21,$B4,Punktematrix!$B$2:$B$21) -> 30 | D4: =SUMIF(Ergebnisse_Roh!D$2:D$21,$B4,Punktematrix!$B$2:$B$21) -> 30 | E4: =SUMIF(Ergebnisse_Roh!E$2:E$21,$B4,Punktematrix!$B$2:$B$21) -> 2 | F4: =SUMIF(Ergebnisse_Roh!F$2:F$21,$B4,Punktematrix!$B$2:$B$21) -> 2 | G4: =SUMIF(Ergebnisse_Roh!G$2:G$21,$B4,Punktematrix!$B$2:$B$21) -> 2
A5: Reto | B5: BlasiPaulaUAE Team L'IMAD | C5: =SUMIF(Ergebnisse_Roh!C$2:C$21,$B5,Punktematrix!$B$2:$B$21) -> 6 | D5: =SUMIF(Ergebnisse_Roh!D$2:D$21,$B5,Punktematrix!$B$2:$B$21) -> 2 | E5: =SUMIF(Ergebnisse_Roh!E$2:E$21,$B5,Punktematrix!$B$2:$B$21) -> 4 | F5: =SUMIF(Ergebnisse_Roh!F$2:F$21,$B5,Punktematrix!$B$2:$B$21) -> 7 | G5: =SUMIF(Ergebnisse_Roh!G$2:G$21,$B5,Punktematrix!$B$2:$B$21) -> 1
A6: Reto | B6: KerbaolCédrineEF Education-Oatly | C6: =SUMIF(Ergebnisse_Roh!C$2:C$21,$B6,Punktematrix!$B$2:$B$21) -> 6 | D6: =SUMIF(Ergebnisse_Roh!D$2:D$21,$B6,Punktematrix!$B$2:$B$21) -> 0 | E6: =SUMIF(Ergebnisse_Roh!E$2:E$21,$B6,Punktematrix!$B$2:$B$21) -> 7 | F6: =SUMIF(Ergebnisse_Roh!F$2:F$21,$B6,Punktematrix!$B$2:$B$21) -> 9 | G6: =SUMIF(Ergebnisse_Roh!G$2:G$21,$B6,Punktematrix!$B$2:$B$21) -> 0
A7: Reto | B7: Le Court-PienaarKimAG Insurance - Soudal Team | C7: =SUMIF(Ergebnisse_Roh!C$2:C$21,$B7,Punktematrix!$B$2:$B$21) -> 20 | D7: =SUMIF(Ergebnisse_Roh!D$2:D$21,$B7,Punktematrix!$B$2:$B$21) -> 0 | E7: =SUMIF(Ergebnisse_Roh!E$2:E$21,$B7,Punktematrix!$B$2:$B$21) -> 11 | F7: =SUMIF(Ergebnisse_Roh!F$2:F$21,$B7,Punktematrix!$B$2:$B$21) -> 0 | G7: =SUMIF(Ergebnisse_Roh!G$2:G$21,$B7,Punktematrix!$B$2:$B$21) -> 4
A8: Reto | B8: KoolCharlotteFenix-Premier Tech | C8: =SUMIF(Ergebnisse_Roh!C$2:C$21,$B8,Punktematrix!$B$2:$B$21) -> 0 | D8: =SUMIF(Ergebnisse_Roh!D$2:D$21,$B8,Punktematrix!$B$2:$B$21) -> 0 | E8: =SUMIF(Ergebnisse_Roh!E$2:E$21,$B8,Punktematrix!$B$2:$B$21) -> 0 | F8: =SUMIF(Ergebnisse_Roh!F$2:F$21,$B8,Punktematrix!$B$2:$B$21) -> 0 | G8: =SUMIF(Ergebnisse_Roh!G$2:G$21,$B8,Punktematrix!$B$2:$B$21) -> 0
A9: Reto | B9: FaulknerKristenEF Education-Oatly | C9: =SUMIF(Ergebnisse_Roh!C$2:C$21,$B9,Punktematrix!$B$2:$B$21) -> 0 | D9: =SUMIF(Ergebnisse_Roh!D$2:D$21,$B9,Punktematrix!$B$2:$B$21) -> 0 | E9: =SUMIF(Ergebnisse_Roh!E$2:E$21,$B9,Punktematrix!$B$2:$B$21) -> 0 | F9: =SUMIF(Ergebnisse_Roh!F$2:F$21,$B9,Punktematrix!$B$2:$B$21) -> 10 | G9: =SUMIF(Ergebnisse_Roh!G$2:G$21,$B9,Punktematrix!$B$2:$B$21) -> 0
A10: Reto | B10: CANYON//SRAM | C10: =SUMIF(Ergebnisse_Roh!C$2:C$21,$B10,Punktematrix!$B$2:$B$21) -> 0 | D10: =SUMIF(Ergebnisse_Roh!D$2:D$21,$B10,Punktematrix!$B$2:$B$21) -> 0 | E10: =SUMIF(Ergebnisse_Roh!E$2:E$21,$B10,Punktematrix!$B$2:$B$21) -> 0 | F10: =SUMIF(Ergebnisse_Roh!F$2:F$21,$B10,Punktematrix!$B$2:$B$21) -> 0 | G10: =SUMIF(Ergebnisse_Roh!G$2:G$21,$B10,Punktematrix!$B$2:$B$21) -> 0
A11: Lanci | B11: VolleringDemiFDJ United - SUEZ | C11: =SUMIF(Ergebnisse_Roh!C$2:C$21,$B11,Punktematrix!$B$2:$B$21) -> 15 | D11: =SUMIF(Ergebnisse_Roh!D$2:D$21,$B11,Punktematrix!$B$2:$B$21) -> 0 | E11: =SUMIF(Ergebnisse_Roh!E$2:E$21,$B11,Punktematrix!$B$2:$B$21) -> 0 | F11: =SUMIF(Ergebnisse_Roh!F$2:F$21,$B11,Punktematrix!$B$2:$B$21) -> 15 | G11: =SUMIF(Ergebnisse_Roh!G$2:G$21,$B11,Punktematrix!$B$2:$B$21) -> 25
A12: Lanci | B12: RüeggNoemiEF Education-Oatly | C12: =SUMIF(Ergebnisse_Roh!C$2:C$21,$B12,Punktematrix!$B$2:$B$21) -> 11 | D12: =SUMIF(Ergebnisse_Roh!D$2:D$21,$B12,Punktematrix!$B$2:$B$21) -> 8 | E12: =SUMIF(Ergebnisse_Roh!E$2:E$21,$B12,Punktematrix!$B$2:$B$21) -> 10 | F12: =SUMIF(Ergebnisse_Roh!F$2:F$21,$B12,Punktematrix!$B$2:$B$21) -> 0 | G12: =SUMIF(Ergebnisse_Roh!G$2:G$21,$B12,Punktematrix!$B$2:$B$21) -> 0
A13: Lanci | B13: NiewiadomaKasiaCANYON//SRAM | C13: =SUMIF(Ergebnisse_Roh!C$2:C$21,$B13,Punktematrix!$B$2:$B$21) -> 9 | D13: =SUMIF(Ergebnisse_Roh!D$2:D$21,$B13,Punktematrix!$B$2:$B$21) -> 0 | E13: =SUMIF(Ergebnisse_Roh!E$2:E$21,$B13,Punktematrix!$B$2:$B$21) -> 0 | F13: =SUMIF(Ergebnisse_Roh!F$2:F$21,$B13,Punktematrix!$B$2:$B$21) -> 3 | G13: =SUMIF(Ergebnisse_Roh!G$2:G$21,$B13,Punktematrix!$B$2:$B$21) -> 15
... A50: Janik | B50: FDJ United - SUEZ | C50: =SUMIF(Ergebnisse_Roh!C$2:C$21,$B50,Punktematrix!$B$2:$B$21) -> 0 | D50: =SUMIF(Ergebnisse_Roh!D$2:D$21,$B50,Punktematrix!$B$2:$B$21) -> 0 | E50: =SUMIF(Ergebnisse_Roh!E$2:E$21,$B50,Punktematrix!$B$2:$B$21) -> 0 | F50: =SUMIF(Ergebnisse_Roh!F$2:F$21,$B50,Punktematrix!$B$2:$B$21) -> 0 | G50: =SUMIF(Ergebnisse_Roh!G$2:G$21,$B50,Punktematrix!$B$2:$B$21) -> 0

Sheet Ergebnisse_Roh
A1: Etappe | B1: Platz | C1: S01 | D1: S02 | E1: S03 | F1: S04 | G1: S05
A2: 1 | B2: 1 | C2: WiebesLorenaTeam SD Worx - Protime | D2: WiebesLorenaTeam SD Worx - Protime | E2: HaugsetSigrid YtterhusUno-X Mobility | F2: ReusserMarlenMovistar Team | G2: VolleringDemiFDJ United - SUEZ
A3: 1 | B3: 2 | C3: Le Court-PienaarKimAG Insurance - Soudal Team | D3: BalsamoElisaLidl - Trek | E3: KopeckyLotteTeam SD Worx - Protime | F3: NooijenLiekeTeam Visma | Lease a Bike | G3: ReusserMarlenMovistar Team
A4: 1 | B4: 3 | C4: VolleringDemiFDJ United - SUEZ | D4: VosMarianneTeam Visma | Lease a Bike | E4: VosMarianneTeam Visma | Lease a Bike | F4: VolleringDemiFDJ United - SUEZ | G4: NiewiadomaKasiaCANYON//SRAM
A5: 1 | B5: 4 | C5: PietersePuckFenix-Premier Tech | D5: BossuytShariAG Insurance - Soudal Team | E5: OstolazaUsoaLaboral Kutxa - Fundación Euskadi | F5: BäckstedtZoeCANYON//SRAM | G5: WłodarczykDominikaUAE Team L'IMAD
A6: 1 | B6: 5 | C6: RüeggNoemiEF Education-Oatly | D6: PaternosterLetiziaLiv AlUla Jayco | E6: Le Court-PienaarKimAG Insurance - Soudal Team | F6: BredewoldMischaTeam SD Worx - Protime | G6: HolmgrenIsabellaLidl - Trek
A7: 1 | B7: 6 | C7: Longo BorghiniElisaUAE Team L'IMAD | D7: BäckstedtZoeCANYON//SRAM | E7: RüeggNoemiEF Education-Oatly | F7: FaulknerKristenEF Education-Oatly | G7: NiedermaierAntoniaCANYON//SRAM
A8: 1 | B8: 7 | C8: NiewiadomaKasiaCANYON//SRAM | D8: NelsonJosieTeam Picnic PostNL | E8: GeryCéliaFDJ United - SUEZ | F8: KerbaolCédrineEF Education-Oatly | G8: VinkeNienkeTeam SD Worx - Protime
A9: 1 | B9: 8 | C9: Ferrand-PrévotPaulineTeam Visma | Lease a Bike | D9: RüeggNoemiEF Education-Oatly | E9: MulMalwinaCofidis Women Team | F9: MarkusRiejanneLidl - Trek | G9: de VriesFemkeTeam Visma | Lease a Bike
A10: 1 | B10: 9 | C10: ReusserMarlenMovistar Team | D10: MulMalwinaCofidis Women Team | E10: KerbaolCédrineEF Education-Oatly | F10: ClaesLotteFenix-Premier Tech | G10: Fisher-BlackNiamhLidl - Trek
A11: 1 | B11: 10 | C11: KerbaolCédrineEF Education-Oatly | D11: RiedmannLindaLotto Intermarché Ladies | E11: Trinca ColonelMonicaLiv AlUla Jayco | F11: Longo BorghiniElisaUAE Team L'IMAD | G11: de JongThalitaHuman Powered Health
A12: 1 | B12: 11 | C12: Fisher-BlackNiamhLidl - Trek | D12: JansenElineVolkerWessels Cycling Team | E12: WłodarczykDominikaUAE Team L'IMAD | F12: BlasiPaulaUAE Team L'IMAD | G12: PietersePuckFenix-Premier Tech
A13: 1 | B13: 12 | C13: BlasiPaulaUAE Team L'IMAD | D13: WilliamsLilyHuman Powered Health | E13: MarkusRiejanneLidl - Trek | F13: CouzensMillieFenix-Premier Tech | G13: Le Court-PienaarKimAG Insurance - Soudal Team
... A16: 1 | B16: 15 | C16: GarcíaMaviUAE Team L'IMAD | D16: CouzensMillieFenix-Premier Tech | E16: PietersePuckFenix-Premier Tech | F16: de VriesFemkeTeam Visma | Lease a Bike | G16: BlasiPaulaUAE Team L'IMAD
A17: 1 | B17: Gelb | C17: WiebesLorenaTeam SD Worx - Protime | D17: WiebesLorenaTeam SD Worx - Protime | E17: HaugsetSigrid YtterhusUno-X Mobility | F17: ReusserMarlenMovistar Team | G17: ReusserMarlenMovistar Team
A18: 1 | B18: Grün | C18: WiebesLorenaTeam SD Worx - Protime | D18: WiebesLorenaTeam SD Worx - Protime | E18: WiebesLorenaTeam SD Worx - Protime | F18: WiebesLorenaTeam SD Worx - Protime | G18: WiebesLorenaTeam SD Worx - Protime
A19: 1 | B19: Weiß | C19: BlasiPaulaUAE Team L'IMAD | D19: BlasiPaulaUAE Team L'IMAD | E19: BlasiPaulaUAE Team L'IMAD | F19: BlasiPaulaUAE Team L'IMAD | G19: NiedermaierAntoniaCANYON//SRAM
A20: 1 | B20: Berg | C20: MahéOcéaneMa Petite Entreprise | D20: MahéOcéaneMa Petite Entreprise | E20: PietersePuckFenix-Premier Tech | F20: PietersePuckFenix-Premier Tech | G20: PietersePuckFenix-Premier Tech
A21: 1 | B21: Mannschaft | C21: UAE Team L'IMAD | D21: EF Education-Oatly | E21: Team SD Worx - Protime | F21: Team Visma | Lease a Bike | G21: Lidl - Trek

Sheet Startlist2026
A1: BIB | B1: Specialty | C1: Age | D1: Rider | E1: Team | F1: S01 | G1: S02 | H1: S03 | I1: S04 | J1: S05
A2: 1 | B2: Classic | C2: 34 | D2: Ferrand-PrévotPaulineTeam Visma | Lease a Bike | E2: Team Visma | Lease a Bike | F2: =SUMIF(Ergebnisse_Roh!C$2:C$21,$D2,Punktematrix!$B$2:$B$21) -> 8 | G2: =SUMIF(Ergebnisse_Roh!D$2:D$21,$D2,Punktematrix!$B$2:$B$21) -> 0 | H2: =SUMIF(Ergebnisse_Roh!E$2:E$21,$D2,Punktematrix!$B$2:$B$21) -> 0 | I2: =SUMIF(Ergebnisse_Roh!F$2:F$21,$D2,Punktematrix!$B$2:$B$21) -> 0 | J2: =SUMIF(Ergebnisse_Roh!G$2:G$21,$D2,Punktematrix!$B$2:$B$21) -> 0
A3: 2 | B3: GC | C3: 21 | D3: BunelMarionTeam Visma | Lease a Bike | E3: Team Visma | Lease a Bike | F3: =SUMIF(Ergebnisse_Roh!C$2:C$21,$D3,Punktematrix!$B$2:$B$21) -> 0 | G3: =SUMIF(Ergebnisse_Roh!D$2:D$21,$D3,Punktematrix!$B$2:$B$21) -> 0 | H3: =SUMIF(Ergebnisse_Roh!E$2:E$21,$D3,Punktematrix!$B$2:$B$21) -> 0 | I3: =SUMIF(Ergebnisse_Roh!F$2:F$21,$D3,Punktematrix!$B$2:$B$21) -> 0 | J3: =SUMIF(Ergebnisse_Roh!G$2:G$21,$D3,Punktematrix!$B$2:$B$21) -> 0
A4: 3 | B4: GC | C4: 32 | D4: de VriesFemkeTeam Visma | Lease a Bike | E4: Team Visma | Lease a Bike | F4: =SUMIF(Ergebnisse_Roh!C$2:C$21,$D4,Punktematrix!$B$2:$B$21) -> 0 | G4: =SUMIF(Ergebnisse_Roh!D$2:D$21,$D4,Punktematrix!$B$2:$B$21) -> 0 | H4: =SUMIF(Ergebnisse_Roh!E$2:E$21,$D4,Punktematrix!$B$2:$B$21) -> 0 | I4: =SUMIF(Ergebnisse_Roh!F$2:F$21,$D4,Punktematrix!$B$2:$B$21) -> 1 | J4: =SUMIF(Ergebnisse_Roh!G$2:G$21,$D4,Punktematrix!$B$2:$B$21) -> 8
A5: 4 | B5: TT | C5: 23 | D5: HengeveldDaniekTeam Visma | Lease a Bike | E5: Team Visma | Lease a Bike | F5: =SUMIF(Ergebnisse_Roh!C$2:C$21,$D5,Punktematrix!$B$2:$B$21) -> 0 | G5: =SUMIF(Ergebnisse_Roh!D$2:D$21,$D5,Punktematrix!$B$2:$B$21) -> 0 | H5: =SUMIF(Ergebnisse_Roh!E$2:E$21,$D5,Punktematrix!$B$2:$B$21) -> 0 | I5: =SUMIF(Ergebnisse_Roh!F$2:F$21,$D5,Punktematrix!$B$2:$B$21) -> 0 | J5: =SUMIF(Ergebnisse_Roh!G$2:G$21,$D5,Punktematrix!$B$2:$B$21) -> 0
A6: 5 | B6: TT | C6: 25 | D6: NooijenLiekeTeam Visma | Lease a Bike | E6: Team Visma | Lease a Bike | F6: =SUMIF(Ergebnisse_Roh!C$2:C$21,$D6,Punktematrix!$B$2:$B$21) -> 0 | G6: =SUMIF(Ergebnisse_Roh!D$2:D$21,$D6,Punktematrix!$B$2:$B$21) -> 0 | H6: =SUMIF(Ergebnisse_Roh!E$2:E$21,$D6,Punktematrix!$B$2:$B$21) -> 0 | I6: =SUMIF(Ergebnisse_Roh!F$2:F$21,$D6,Punktematrix!$B$2:$B$21) -> 20 | J6: =SUMIF(Ergebnisse_Roh!G$2:G$21,$D6,Punktematrix!$B$2:$B$21) -> 0
A7: 6 | B7: Hills | C7: 24 | D7: Van DamSarahTeam Visma | Lease a Bike | E7: Team Visma | Lease a Bike | F7: =SUMIF(Ergebnisse_Roh!C$2:C$21,$D7,Punktematrix!$B$2:$B$21) -> 0 | G7: =SUMIF(Ergebnisse_Roh!D$2:D$21,$D7,Punktematrix!$B$2:$B$21) -> 0 | H7: =SUMIF(Ergebnisse_Roh!E$2:E$21,$D7,Punktematrix!$B$2:$B$21) -> 0 | I7: =SUMIF(Ergebnisse_Roh!F$2:F$21,$D7,Punktematrix!$B$2:$B$21) -> 0 | J7: =SUMIF(Ergebnisse_Roh!G$2:G$21,$D7,Punktematrix!$B$2:$B$21) -> 0
A8: 7 | B8: Classic | C8: 39 | D8: VosMarianneTeam Visma | Lease a Bike | E8: Team Visma | Lease a Bike | F8: =SUMIF(Ergebnisse_Roh!C$2:C$21,$D8,Punktematrix!$B$2:$B$21) -> 0 | G8: =SUMIF(Ergebnisse_Roh!D$2:D$21,$D8,Punktematrix!$B$2:$B$21) -> 15 | H8: =SUMIF(Ergebnisse_Roh!E$2:E$21,$D8,Punktematrix!$B$2:$B$21) -> 15 | I8: =SUMIF(Ergebnisse_Roh!F$2:F$21,$D8,Punktematrix!$B$2:$B$21) -> 0 | J8: =SUMIF(Ergebnisse_Roh!G$2:G$21,$D8,Punktematrix!$B$2:$B$21) -> 0
A9: 11 | B9: Classic | C9: 29 | D9: VolleringDemiFDJ United - SUEZ | E9: FDJ United - SUEZ | F9: =SUMIF(Ergebnisse_Roh!C$2:C$21,$D9,Punktematrix!$B$2:$B$21) -> 15 | G9: =SUMIF(Ergebnisse_Roh!D$2:D$21,$D9,Punktematrix!$B$2:$B$21) -> 0 | H9: =SUMIF(Ergebnisse_Roh!E$2:E$21,$D9,Punktematrix!$B$2:$B$21) -> 0 | I9: =SUMIF(Ergebnisse_Roh!F$2:F$21,$D9,Punktematrix!$B$2:$B$21) -> 15 | J9: =SUMIF(Ergebnisse_Roh!G$2:G$21,$D9,Punktematrix!$B$2:$B$21) -> 25
A10: 12 | B10: GC | C10: 27 | D10: BerthetJulietteFDJ United - SUEZ | E10: FDJ United - SUEZ | F10: =SUMIF(Ergebnisse_Roh!C$2:C$21,$D10,Punktematrix!$B$2:$B$21) -> 0 | G10: =SUMIF(Ergebnisse_Roh!D$2:D$21,$D10,Punktematrix!$B$2:$B$21) -> 0 | H10: =SUMIF(Ergebnisse_Roh!E$2:E$21,$D10,Punktematrix!$B$2:$B$21) -> 0 | I10: =SUMIF(Ergebnisse_Roh!F$2:F$21,$D10,Punktematrix!$B$2:$B$21) -> 0 | J10: =SUMIF(Ergebnisse_Roh!G$2:G$21,$D10,Punktematrix!$B$2:$B$21) -> 3
A11: 13 | B11: Classic | C11: 20 | D11: GeryCéliaFDJ United - SUEZ | E11: FDJ United - SUEZ | F11: =SUMIF(Ergebnisse_Roh!C$2:C$21,$D11,Punktematrix!$B$2:$B$21) -> 0 | G11: =SUMIF(Ergebnisse_Roh!D$2:D$21,$D11,Punktematrix!$B$2:$B$21) -> 2 | H11: =SUMIF(Ergebnisse_Roh!E$2:E$21,$D11,Punktematrix!$B$2:$B$21) -> 9 | I11: =SUMIF(Ergebnisse_Roh!F$2:F$21,$D11,Punktematrix!$B$2:$B$21) -> 0 | J11: =SUMIF(Ergebnisse_Roh!G$2:G$21,$D11,Punktematrix!$B$2:$B$21) -> 0
A12: 14 | B12: Classic | C12: 26 | D12: KochFranziskaFDJ United - SUEZ | E12: FDJ United - SUEZ | F12: =SUMIF(Ergebnisse_Roh!C$2:C$21,$D12,Punktematrix!$B$2:$B$21) -> 0 | G12: =SUMIF(Ergebnisse_Roh!D$2:D$21,$D12,Punktematrix!$B$2:$B$21) -> 0 | H12: =SUMIF(Ergebnisse_Roh!E$2:E$21,$D12,Punktematrix!$B$2:$B$21) -> 0 | I12: =SUMIF(Ergebnisse_Roh!F$2:F$21,$D12,Punktematrix!$B$2:$B$21) -> 0 | J12: =SUMIF(Ergebnisse_Roh!G$2:G$21,$D12,Punktematrix!$B$2:$B$21) -> 0
A13: 15 | B13: Hills | C13: 32 | D13: KraakAmberFDJ United - SUEZ | E13: FDJ United - SUEZ | F13: =SUMIF(Ergebnisse_Roh!C$2:C$21,$D13,Punktematrix!$B$2:$B$21) -> 0 | G13: =SUMIF(Ergebnisse_Roh!D$2:D$21,$D13,Punktematrix!$B$2:$B$21) -> 0 | H13: =SUMIF(Ergebnisse_Roh!E$2:E$21,$D13,Punktematrix!$B$2:$B$21) -> 0 | I13: =SUMIF(Ergebnisse_Roh!F$2:F$21,$D13,Punktematrix!$B$2:$B$21) -> 0 | J13: =SUMIF(Ergebnisse_Roh!G$2:G$21,$D13,Punktematrix!$B$2:$B$21) -> 0
... A147: 207 | B147: Classic | C147: 28 | D147: ValentinConstanceMayenne Monbana My Pie | E147: Mayenne Monbana My Pie | F147: =SUMIF(Ergebnisse_Roh!C$2:C$21,$D147,Punktematrix!$B$2:$B$21) -> 0 | G147: =SUMIF(Ergebnisse_Roh!D$2:D$21,$D147,Punktematrix!$B$2:$B$21) -> 0 | H147: =SUMIF(Ergebnisse_Roh!E$2:E$21,$D147,Punktematrix!$B$2:$B$21) -> 0 | I147: =SUMIF(Ergebnisse_Roh!F$2:F$21,$D147,Punktematrix!$B$2:$B$21) -> 0 | J147: =SUMIF(Ergebnisse_Roh!G$2:G$21,$D147,Punktematrix!$B$2:$B$21) -> 0
D148: Team Visma | Lease a Bike | F148: =SUMIF(Ergebnisse_Roh!C$2:C$21,$D148,Punktematrix!$B$2:$B$21) -> 0 | G148: =SUMIF(Ergebnisse_Roh!D$2:D$21,$D148,Punktematrix!$B$2:$B$21) -> 0 | H148: =SUMIF(Ergebnisse_Roh!E$2:E$21,$D148,Punktematrix!$B$2:$B$21) -> 0 | I148: =SUMIF(Ergebnisse_Roh!F$2:F$21,$D148,Punktematrix!$B$2:$B$21) -> 2 | J148: =SUMIF(Ergebnisse_Roh!G$2:G$21,$D148,Punktematrix!$B$2:$B$21) -> 0
D149: FDJ United - SUEZ | F149: =SUMIF(Ergebnisse_Roh!C$2:C$21,$D149,Punktematrix!$B$2:$B$21) -> 0 | G149: =SUMIF(Ergebnisse_Roh!D$2:D$21,$D149,Punktematrix!$B$2:$B$21) -> 0 | H149: =SUMIF(Ergebnisse_Roh!E$2:E$21,$D149,Punktematrix!$B$2:$B$21) -> 0 | I149: =SUMIF(Ergebnisse_Roh!F$2:F$21,$D149,Punktematrix!$B$2:$B$21) -> 0 | J149: =SUMIF(Ergebnisse_Roh!G$2:G$21,$D149,Punktematrix!$B$2:$B$21) -> 0
D150: CANYON//SRAM | F150: =SUMIF(Ergebnisse_Roh!C$2:C$21,$D150,Punktematrix!$B$2:$B$21) -> 0 | G150: =SUMIF(Ergebnisse_Roh!D$2:D$21,$D150,Punktematrix!$B$2:$B$21) -> 0 | H150: =SUMIF(Ergebnisse_Roh!E$2:E$21,$D150,Punktematrix!$B$2:$B$21) -> 0 | I150: =SUMIF(Ergebnisse_Roh!F$2:F$21,$D150,Punktematrix!$B$2:$B$21) -> 0 | J150: =SUMIF(Ergebnisse_Roh!G$2:G$21,$D150,Punktematrix!$B$2:$B$21) -> 0
D151: UAE Team L'IMAD | F151: =SUMIF(Ergebnisse_Roh!C$2:C$21,$D151,Punktematrix!$B$2:$B$21) -> 2 | G151: =SUMIF(Ergebnisse_Roh!D$2:D$21,$D151,Punktematrix!$B$2:$B$21) -> 0 | H151: =SUMIF(Ergebnisse_Roh!E$2:E$21,$D151,Punktematrix!$B$2:$B$21) -> 0 | I151: =SUMIF(Ergebnisse_Roh!F$2:F$21,$D151,Punktematrix!$B$2:$B$21) -> 0 | J151: =SUMIF(Ergebnisse_Roh!G$2:G$21,$D151,Punktematrix!$B$2:$B$21) -> 0
D152: Team SD Worx - Protime | F152: =SUMIF(Ergebnisse_Roh!C$2:C$21,$D152,Punktematrix!$B$2:$B$21) -> 0 | G152: =SUMIF(Ergebnisse_Roh!D$2:D$21,$D152,Punktematrix!$B$2:$B$21) -> 0 | H152: =SUMIF(Ergebnisse_Roh!E$2:E$21,$D152,Punktematrix!$B$2:$B$21) -> 2 | I152: =SUMIF(Ergebnisse_Roh!F$2:F$21,$D152,Punktematrix!$B$2:$B$21) -> 0 | J152: =SUMIF(Ergebnisse_Roh!G$2:G$21,$D152,Punktematrix!$B$2:$B$21) -> 0
D153: Movistar Team | F153: =SUMIF(Ergebnisse_Roh!C$2:C$21,$D153,Punktematrix!$B$2:$B$21) -> 0 | G153: =SUMIF(Ergebnisse_Roh!D$2:D$21,$D153,Punktematrix!$B$2:$B$21) -> 0 | H153: =SUMIF(Ergebnisse_Roh!E$2:E$21,$D153,Punktematrix!$B$2:$B$21) -> 0 | I153: =SUMIF(Ergebnisse_Roh!F$2:F$21,$D153,Punktematrix!$B$2:$B$21) -> 0 | J153: =SUMIF(Ergebnisse_Roh!G$2:G$21,$D153,Punktematrix!$B$2:$B$21) -> 0
D154: Lidl - Trek | F154: =SUMIF(Ergebnisse_Roh!C$2:C$21,$D154,Punktematrix!$B$2:$B$21) -> 0 | G154: =SUMIF(Ergebnisse_Roh!D$2:D$21,$D154,Punktematrix!$B$2:$B$21) -> 0 | H154: =SUMIF(Ergebnisse_Roh!E$2:E$21,$D154,Punktematrix!$B$2:$B$21) -> 0 | I154: =SUMIF(Ergebnisse_Roh!F$2:F$21,$D154,Punktematrix!$B$2:$B$21) -> 0 | J154: =SUMIF(Ergebnisse_Roh!G$2:G$21,$D154,Punktematrix!$B$2:$B$21) -> 2
D155: AG Insurance - Soudal Team | F155: =SUMIF(Ergebnisse_Roh!C$2:C$21,$D155,Punktematrix!$B$2:$B$21) -> 0 | G155: =SUMIF(Ergebnisse_Roh!D$2:D$21,$D155,Punktematrix!$B$2:$B$21) -> 0 | H155: =SUMIF(Ergebnisse_Roh!E$2:E$21,$D155,Punktematrix!$B$2:$B$21) -> 0 | I155: =SUMIF(Ergebnisse_Roh!F$2:F$21,$D155,Punktematrix!$B$2:$B$21) -> 0 | J155: =SUMIF(Ergebnisse_Roh!G$2:G$21,$D155,Punktematrix!$B$2:$B$21) -> 0
D156: EF Education-Oatly | F156: =SUMIF(Ergebnisse_Roh!C$2:C$21,$D156,Punktematrix!$B$2:$B$21) -> 0 | G156: =SUMIF(Ergebnisse_Roh!D$2:D$21,$D156,Punktematrix!$B$2:$B$21) -> 2 | H156: =SUMIF(Ergebnisse_Roh!E$2:E$21,$D156,Punktematrix!$B$2:$B$21) -> 0 | I156: =SUMIF(Ergebnisse_Roh!F$2:F$21,$D156,Punktematrix!$B$2:$B$21) -> 0 | J156: =SUMIF(Ergebnisse_Roh!G$2:G$21,$D156,Punktematrix!$B$2:$B$21) -> 0
D157: Fenix-Premier Tech | F157: =SUMIF(Ergebnisse_Roh!C$2:C$21,$D157,Punktematrix!$B$2:$B$21) -> 0 | G157: =SUMIF(Ergebnisse_Roh!D$2:D$21,$D157,Punktematrix!$B$2:$B$21) -> 0 | H157: =SUMIF(Ergebnisse_Roh!E$2:E$21,$D157,Punktematrix!$B$2:$B$21) -> 0 | I157: =SUMIF(Ergebnisse_Roh!F$2:F$21,$D157,Punktematrix!$B$2:$B$21) -> 0 | J157: =SUMIF(Ergebnisse_Roh!G$2:G$21,$D157,Punktematrix!$B$2:$B$21) -> 0
D158: Human Powered Health | F158: =SUMIF(Ergebnisse_Roh!C$2:C$21,$D158,Punktematrix!$B$2:$B$21) -> 0 | G158: =SUMIF(Ergebnisse_Roh!D$2:D$21,$D158,Punktematrix!$B$2:$B$21) -> 0 | H158: =SUMIF(Ergebnisse_Roh!E$2:E$21,$D158,Punktematrix!$B$2:$B$21) -> 0 | I158: =SUMIF(Ergebnisse_Roh!F$2:F$21,$D158,Punktematrix!$B$2:$B$21) -> 0 | J158: =SUMIF(Ergebnisse_Roh!G$2:G$21,$D158,Punktematrix!$B$2:$B$21) -> 0
D159: Liv AlUla Jayco | F159: =SUMIF(Ergebnisse_Roh!C$2:C$21,$D159,Punktematrix!$B$2:$B$21) -> 0 | G159: =SUMIF(Ergebnisse_Roh!D$2:D$21,$D159,Punktematrix!$B$2:$B$21) -> 0 | H159: =SUMIF(Ergebnisse_Roh!E$2:E$21,$D159,Punktematrix!$B$2:$B$21) -> 0 | I159: =SUMIF(Ergebnisse_Roh!F$2:F$21,$D159,Punktematrix!$B$2:$B$21) -> 0 | J159: =SUMIF(Ergebnisse_Roh!G$2:G$21,$D159,Punktematrix!$B$2:$B$21) -> 0
... D168: Mayenne Monbana My Pie | F168: =SUMIF(Ergebnisse_Roh!C$2:C$21,$D168,Punktematrix!$B$2:$B$21) -> 0 | G168: =SUMIF(Ergebnisse_Roh!D$2:D$21,$D168,Punktematrix!$B$2:$B$21) -> 0 | H168: =SUMIF(Ergebnisse_Roh!E$2:E$21,$D168,Punktematrix!$B$2:$B$21) -> 0 | I168: =SUMIF(Ergebnisse_Roh!F$2:F$21,$D168,Punktematrix!$B$2:$B$21) -> 0 | J168: =SUMIF(Ergebnisse_Roh!G$2:G$21,$D168,Punktematrix!$B$2:$B$21) -> 0

Sheet Punktematrix
A1: Platz | B1: Punkte | C1: GC | D1: Mountain | E1: Sprint | F1: Youth | G1: TeamRank
A2: 1 | B2: 25 | C2: 75 | D2: 20 | E2: 20 | F2: 15 | G2: 30
A3: 2 | B3: 20 | C3: 70 | D3: 18 | E3: 18 | F3: 10 | G3: 25
A4: 3 | B4: 15 | C4: 65 | D4: 16 | E4: 16 | F4: 5 | G4: 20
A5: 4 | B5: 12 | C5: 60 | D5: 14 | E5: 14
A6: 5 | B6: 11 | C6: 55 | D6: 12 | E6: 12
A7: 6 | B7: 10 | C7: 50 | D7: 10 | E7: 10
A8: 7 | B8: 9 | C8: 45 | D8: 8 | E8: 8
A9: 8 | B9: 8 | C9: 40 | D9: 6 | E9: 6
A10: 9 | B10: 7 | C10: 35 | D10: 4 | E10: 4
A11: 10 | B11: 6 | C11: 30 | D11: 2 | E11: 2
A12: 11 | B12: 5 | C12: 25
A13: 12 | B13: 4 | C13: 20
A14: 13 | B14: 3 | C14: 15
A15: 14 | B15: 2 | C15: 10
A16: 15 | B16: 1 | C16: 5
A17: Gelb | B17: 3
A18: Grün | B18: 2
A19: Weiß | B19: 2
A20: Berg | B20: 2
A21: Mannschaft | B21: 2

Sheet S01
A1: 1 | B1: 1 | C1: +0:00 | D1: 47 | F1: Sprint | G1: 27 | H1: WiebesLorenaTeam SD Worx - Protime | I1: Team SD Worx - Protime | J1: 210 | K1: 50 | L1: 10″ | M1: 3:29:113:29:11
A2: 2 | B2: 2 | C2: +0:04 | D2: 71 | F2: Classic | G2: 30 | H2: Le Court-PienaarKimAG Insurance - Soudal Team | I2: AG Insurance - Soudal Team | J2: 150 | K2: 30 | L2: 6″ | M2: ,,0:00
A3: 3 | B3: 3 | C3: +0:06 | D3: 11 | F3: Classic | G3: 29 | H3: VolleringDemiFDJ United - SUEZ | I3: FDJ United - SUEZ | J3: 110 | K3: 18 | L3: 4″ | M3: ,,0:00
A4: 4 | B4: 4 | C4: +0:10 | D4: 91 | F4: Classic | G4: 24 | H4: PietersePuckFenix-Premier Tech | I4: Fenix-Premier Tech | J4: 90 | K4: 13 | M4: ,,0:00
A5: 5 | B5: 5 | C5: +0:10 | D5: 86 | F5: Classic | G5: 25 | H5: RüeggNoemiEF Education-Oatly | I5: EF Education-Oatly | J5: 70 | K5: 10 | M5: ,,0:00
A6: 6 | B6: 6 | C6: +0:10 | D6: 35 | F6: Classic | G6: 34 | H6: Longo BorghiniElisaUAE Team L'IMAD | I6: UAE Team L'IMAD | J6: 55 | K6: 7 | M6: ,,0:00
A7: 7 | B7: 7 | C7: +0:10 | D7: 21 | F7: Classic | G7: 31 | H7: NiewiadomaKasiaCANYON//SRAM | I7: CANYON//SRAM | J7: 45 | K7: 4 | M7: ,,0:00
A8: 8 | B8: 8 | C8: +0:10 | D8: 1 | F8: Classic | G8: 34 | H8: Ferrand-PrévotPaulineTeam Visma | Lease a Bike | I8: Team Visma | Lease a Bike | J8: 40 | K8: 3 | M8: ,,0:00
A9: 9 | B9: 9 | C9: +0:10 | D9: 85 | F9: Hills | G9: 25 | H9: ReusserMarlenMovistar Team | I9: EF Education-Oatly | J9: 35 | K9: 2 | M9: ,,0:00
A10: 10 | B10: 10 | C10: +0:10 | D10: 51 | F10: TT | G10: 34 | H10: KerbaolCédrineEF Education-Oatly | I10: Movistar Team | J10: 30 | K10: 1 | M10: ,,0:00
A11: 11 | B11: 11 | C11: +0:15 | D11: 64 | F11: GC | G11: 25 | H11: Fisher-BlackNiamhLidl - Trek | I11: Lidl - Trek | J11: 25 | M11: 0:050:05
A12: 12 | B12: 12 | C12: +0:18 | D12: 32 | F12: Classic | G12: 23 | H12: BlasiPaulaUAE Team L'IMAD | I12: UAE Team L'IMAD | J12: 20 | M12: 0:080:08
A13: 13 | B13: 13 | C13: +0:18 | D13: 41 | F13: Classic | G13: 36 | H13: van der BreggenAnnaTeam SD Worx - Protime | I13: Team SD Worx - Protime | J13: 15 | M13: ,,0:08
A14: 14 | B14: 14 | C14: +0:18 | D14: 65 | F14: Climber | G14: 21 | H14: HolmgrenIsabellaLidl - Trek | I14: Lidl - Trek | J14: 10 | M14: ,,0:08
A15: 15 | B15: 15 | C15: +0:18 | D15: 34 | F15: Hills | G15: 42 | H15: GarcíaMaviUAE Team L'IMAD | I15: UAE Team L'IMAD | J15: 5 | M15: ,,0:08
A16: 16 | B16: 16 | C16: +0:18 | D16: 12 | F16: GC | G16: 27 | H16: BerthetJulietteFDJ United - SUEZ | I16: FDJ United - SUEZ | M16: ,,0:08
A17: 17 | B17: 17 | C17: +0:18 | D17: 25 | F17: GC | G17: 23 | H17: NiedermaierAntoniaCANYON//SRAM | I17: CANYON//SRAM | M17: ,,0:08
A18: 18 | B18: 18 | C18: +0:18 | D18: 7 | F18: Classic | G18: 39 | H18: VosMarianneTeam Visma | Lease a Bike | I18: Team Visma | Lease a Bike | M18: ,,0:08
A19: 19 | B19: 19 | C19: +0:26 | D19: 131 | F19: Hills | G19: 29 | H19: MorierÉmilieSt Michel - Preference Home - Auber93 | I19: St Michel - Preference Home - Auber93 | M19: 0:160:16
A20: 20 | B20: 20 | C20: +0:26 | D20: 111 | F20: Hills | G20: 27 | H20: Trinca ColonelMonicaLiv AlUla Jayco | I20: Liv AlUla Jayco | M20: ,,0:16
A21: 21 | B21: 21 | C21: +0:26 | D21: 104 | F21: TT | G21: 32 | H21: de JongThalitaHuman Powered Health | I21: Human Powered Health | M21: ,,0:16
A22: 22 | B22: 22 | C22: +0:29 | D22: 141 | F22: Hills | G22: 22 | H22: MulMalwinaCofidis Women Team | I22: Cofidis Women Team | M22: 0:190:19
A23: 23 | B23: 23 | C23: +0:29 | D23: 95 | F23: GC | G23: 28 | H23: KastelijnYaraFenix-Premier Tech | I23: Fenix-Premier Tech | M23: ,,0:19
A24: 24 | B24: 24 | C24: +0:29 | D24: 151 | F24: Hills | G24: 28 | H24: OstolazaUsoaLaboral Kutxa - Fundación Euskadi | I24: Laboral Kutxa - Fundación Euskadi | M24: ,,0:19
A25: 25 | B25: 25 | C25: +0:32 | D25: 124 | F25: Classic | G25: 25 | H25: GeorgiPfeifferTeam Picnic PostNL | I25: Team Picnic PostNL | M25: 0:220:22
A26: 26 | B26: 26 | C26: +0:32 | D26: 77 | F26: GC | G26: 29 | H26: ŽigartUrškaAG Insurance - Soudal Team | I26: AG Insurance - Soudal Team | M26: ,,0:22
A27: 27 | B27: 27 | C27: +0:32 | D27: 13 | F27: Classic | G27: 20 | H27: GeryCéliaFDJ United - SUEZ | I27: FDJ United - SUEZ | M27: ,,0:22
... A70: 70 | B70: 70 | C70: +1:55 | D70: 84 | F70: Classic | G70: 33 | H70: FaulknerKristenEF Education-Oatly | I70: EF Education-Oatly | M70: 1:451:45
A71: 72 | D71: 57 | F71: Classic | G71: 33 | H71: SierraArlenisMovistar Team | I71: Movistar Team | M71: 1:561:56
A72: 73 | D72: 203 | F72: Hills | G72: 25 | H72: CoutinhoAliceMayenne Monbana My Pie | I72: Mayenne Monbana My Pie | M72: ,,1:56
A73: 74 | D73: 73 | F73: Hills | G73: 27 | H73: BorghesiLetiziaAG Insurance - Soudal Team | I73: AG Insurance - Soudal Team | M73: 2:142:14
A74: 75 | D74: 72 | F74: Hills | G74: 29 | H74: BenitoMireiaAG Insurance - Soudal Team | I74: AG Insurance - Soudal Team | M74: ,,2:14
A75: 76 | D75: 165 | F75: TT | G75: 24 | H75: MolenaarLauraVolkerWessels Cycling Team | I75: VolkerWessels Cycling Team | M75: ,,2:14
A76: 77 | D76: 17 | F76: Hills | G76: 27 | H76: MuzicÉvitaFDJ United - SUEZ | I76: FDJ United - SUEZ | M76: 2:172:17
A77: 78 | D77: 23 | F77: Sprint | G77: 27 | H77: ConsonniChiaraCANYON//SRAM | I77: CANYON//SRAM | M77: ,,2:17
A78: 79 | D78: 106 | F78: Classic | G78: 27 | H78: RaaijmakersMaritHuman Powered Health | I78: Human Powered Health | M78: ,,2:17
A79: 80 | D79: 127 | F79: Hills | G79: 24 | H79: NelsonJosieTeam Picnic PostNL | I79: Team Picnic PostNL | M79: 2:252:25
A80: 81 | D80: 191 | F80: Climber | G80: 22 | H80: LatimierClémenceMa Petite Entreprise | I80: Ma Petite Entreprise | M80: 2:382:38
A81: 82 | D81: 82 | F81: Classic | G81: 24 | H81: BertonNinaEF Education-Oatly | I81: EF Education-Oatly | M81: 2:442:44
A82: 83 | D82: 66 | F82: TT | G82: 31 | H82: MarkusRiejanneLidl - Trek | I82: Lidl - Trek | M82: 2:462:46
... A107: 108 | D107: 154 | F107: Hills | G107: 24 | H107: ErasoIdoia Laboral Kutxa - Fundación Euskadi | I107: Laboral Kutxa - Fundación Euskadi | M107: 6:276:27
A108: DNF | D108: 176 | F108: Sprint | G108: 27 | H108: TomasiLauraUno-X Mobility | I108: Uno-X Mobility
A109: Rnk | B109: GC | C109: Timelag | D109: BIB | E109: H2H | F109: Specialty | G109: Age | H109: Rider | I109: Team | J109: UCI | K109: Pnt | M109: Time
A110: 1 | B110: 1 | C110: +0:00 | D110: 47 | F110: Sprint | G110: 27 | H110: WiebesLorenaTeam SD Worx - Protime | I110: Team SD Worx - Protime | J110: 210 | K110: 50 | L110: 10″ | M110: 3:29:113:29:11
A111: 2 | B111: 2 | C111: +0:04 | D111: 71 | F111: Classic | G111: 30 | H111: Le Court-PienaarKimAG Insurance - Soudal Team | I111: AG Insurance - Soudal Team | J111: 150 | K111: 30 | L111: 6″ | M111: ,,0:00
A112: 3 | B112: 3 | C112: +0:06 | D112: 11 | F112: Classic | G112: 29 | H112: VolleringDemiFDJ United - SUEZ | I112: FDJ United - SUEZ | J112: 110 | K112: 18 | L112: 4″ | M112: ,,0:00
A113: 4 | B113: 4 | C113: +0:10 | D113: 91 | F113: Classic | G113: 24 | H113: PietersePuckFenix-Premier Tech | I113: Fenix-Premier Tech | J113: 90 | K113: 13 | M113: ,,0:00
A114: 5 | B114: 5 | C114: +0:10 | D114: 86 | F114: Classic | G114: 25 | H114: RüeggNoemiEF Education-Oatly | I114: EF Education-Oatly | J114: 70 | K114: 10 | M114: ,,0:00
A115: 6 | B115: 6 | C115: +0:10 | D115: 35 | F115: Classic | G115: 34 | H115: Longo BorghiniElisaUAE Team L'IMAD | I115: UAE Team L'IMAD | J115: 55 | K115: 7 | M115: ,,0:00
A116: 7 | B116: 7 | C116: +0:10 | D116: 21 | F116: Classic | G116: 31 | H116: NiewiadomaKasiaCANYON//SRAM | I116: CANYON//SRAM | J116: 45 | K116: 4 | M116: ,,0:00
A117: 8 | B117: 8 | C117: +0:10 | D117: 1 | F117: Classic | G117: 34 | H117: Ferrand-PrévotPaulineTeam Visma | Lease a Bike | I117: Team Visma | Lease a Bike | J117: 40 | K117: 3 | M117: ,,0:00
A118: 9 | B118: 9 | C118: +0:10 | D118: 85 | F118: Hills | G118: 25 | H118: ReusserMarlenMovistar Team | I118: EF Education-Oatly | J118: 35 | K118: 2 | M118: ,,0:00
A119: 10 | B119: 10 | C119: +0:10 | D119: 51 | F119: TT | G119: 34 | H119: KerbaolCédrineEF Education-Oatly | I119: Movistar Team | J119: 30 | K119: 1 | M119: ,,0:00
A120: 11 | B120: 11 | C120: +0:15 | D120: 64 | F120: GC | G120: 25 | H120: Fisher-BlackNiamhLidl - Trek | I120: Lidl - Trek | J120: 25 | M120: 0:050:05
A121: 12 | B121: 12 | C121: +0:18 | D121: 32 | F121: Classic | G121: 23 | H121: BlasiPaulaUAE Team L'IMAD | I121: UAE Team L'IMAD | J121: 20 | M121: 0:080:08
A122: 13 | B122: 13 | C122: +0:18 | D122: 41 | F122: Classic | G122: 36 | H122: van der BreggenAnnaTeam SD Worx - Protime | I122: Team SD Worx - Protime | J122: 15 | M122: ,,0:08
A123: 14 | B123: 14 | C123: +0:18 | D123: 65 | F123: Climber | G123: 21 | H123: HolmgrenIsabellaLidl - Trek | I123: Lidl - Trek | J123: 10 | M123: ,,0:08
A124: 15 | B124: 15 | C124: +0:18 | D124: 34 | F124: Hills | G124: 42 | H124: GarcíaMaviUAE Team L'IMAD | I124: UAE Team L'IMAD | J124: 5 | M124: ,,0:08
A125: 16 | B125: 16 | C125: +0:18 | D125: 12 | F125: GC | G125: 27 | H125: BerthetJulietteFDJ United - SUEZ | I125: FDJ United - SUEZ | M125: ,,0:08
A126: 17 | B126: 17 | C126: +0:18 | D126: 25 | F126: GC | G126: 23 | H126: NiedermaierAntoniaCANYON//SRAM | I126: CANYON//SRAM | M126: ,,0:08
A127: 18 | B127: 18 | C127: +0:18 | D127: 7 | F127: Classic | G127: 39 | H127: VosMarianneTeam Visma | Lease a Bike | I127: Team Visma | Lease a Bike | M127: ,,0:08
A128: 19 | B128: 19 | C128: +0:26 | D128: 131 | F128: Hills | G128: 29 | H128: MorierÉmilieSt Michel - Preference Home - Auber93 | I128: St Michel - Preference Home - Auber93 | M128: 0:160:16
A129: 20 | B129: 20 | C129: +0:26 | D129: 111 | F129: Hills | G129: 27 | H129: Trinca ColonelMonicaLiv AlUla Jayco | I129: Liv AlUla Jayco | M129: ,,0:16
A130: 21 | B130: 21 | C130: +0:26 | D130: 104 | F130: TT | G130: 32 | H130: de JongThalitaHuman Powered Health | I130: Human Powered Health | M130: ,,0:16
A131: 22 | B131: 22 | C131: +0:29 | D131: 141 | F131: Hills | G131: 22 | H131: MulMalwinaCofidis Women Team | I131: Cofidis Women Team | M131: 0:190:19
A132: 23 | B132: 23 | C132: +0:29 | D132: 95 | F132: GC | G132: 28 | H132: KastelijnYaraFenix-Premier Tech | I132: Fenix-Premier Tech | M132: ,,0:19
A133: 24 | B133: 24 | C133: +0:29 | D133: 151 | F133: Hills | G133: 28 | H133: OstolazaUsoaLaboral Kutxa - Fundación Euskadi | I133: Laboral Kutxa - Fundación Euskadi | M133: ,,0:19
A134: 25 | B134: 25 | C134: +0:32 | D134: 124 | F134: Classic | G134: 25 | H134: GeorgiPfeifferTeam Picnic PostNL | I134: Team Picnic PostNL | M134: 0:220:22
A135: 26 | B135: 26 | C135: +0:32 | D135: 77 | F135: GC | G135: 29 | H135: ŽigartUrškaAG Insurance - Soudal Team | I135: AG Insurance - Soudal Team | M135: ,,0:22
A136: 27 | B136: 27 | C136: +0:32 | D136: 13 | F136: Classic | G136: 20 | H136: GeryCéliaFDJ United - SUEZ | I136: FDJ United - SUEZ | M136: ,,0:22
... A251: 142 | B251: 142 | C251: +15:18 | D251: 97 | F251: TT | G251: 29 | H251: SchweinbergerChristinaFenix-Premier Tech | I251: Fenix-Premier Tech | M251: ,,15:08
A252: 143 | D252: 146 | F252: TT | G252: 26 | H252: LudwigHannahCofidis Women Team | I252: Cofidis Women Team | M252: 19:1719:17
A253: 144 | D253: 196 | F253: TT | G253: 26 | H253: Le MouëlCéliaMa Petite Entreprise | I253: Ma Petite Entreprise | M253: ,,19:17
A254: DNF | D254: 176 | F254: Sprint | G254: 27 | H254: TomasiLauraUno-X Mobility | I254: Uno-X Mobility
A256: Rnk | B256: BIB | C256: H2H | D256: Specialty | E256: Age | F256: Rider | G256: Team | H256: UCI | J256: Time | K256: Time won/lost
A257: 1 | B257: 47 | D257: Sprint | E257: 27 | F257: WiebesLorenaTeam SD Worx - Protime | G257: Team SD Worx - Protime | H257: 25 | I257: 10″ | J257: 3:29:013:29:01
A258: 2 | B258: 71 | D258: Classic | E258: 30 | F258: Le Court-PienaarKimAG Insurance - Soudal Team | G258: AG Insurance - Soudal Team | I258: 6″ | J258: 0:040:04
A259: 3 | B259: 11 | D259: Classic | E259: 29 | F259: VolleringDemiFDJ United - SUEZ | G259: FDJ United - SUEZ | I259: 4″ | J259: 0:060:06
A260: 4 | B260: 91 | D260: Classic | E260: 24 | F260: PietersePuckFenix-Premier Tech | G260: Fenix-Premier Tech | J260: 0:100:10
A261: 5 | B261: 86 | D261: Classic | E261: 25 | F261: RüeggNoemiEF Education-Oatly | G261: EF Education-Oatly | J261: ,,0:10
A262: 6 | B262: 35 | D262: Classic | E262: 34 | F262: NiewiadomaKasiaCANYON//SRAM | G262: UAE Team L'IMAD | J262: ,,0:10
A263: 7 | B263: 21 | D263: Classic | E263: 31 | F263: Longo BorghiniElisaUAE Team L'IMAD | G263: CANYON//SRAM | J263: ,,0:10
A264: 8 | B264: 1 | D264: Classic | E264: 34 | F264: Ferrand-PrévotPaulineTeam Visma | Lease a Bike | G264: Team Visma | Lease a Bike | J264: ,,0:10
A265: 9 | B265: 85 | D265: Hills | E265: 25 | F265: KerbaolCédrineEF Education-Oatly | G265: EF Education-Oatly | J265: ,,0:10
A266: 10 | B266: 51 | D266: TT | E266: 34 | F266: ReusserMarlenMovistar Team | G266: Movistar Team | J266: ,,0:10
A267: 11 | B267: 64 | D267: GC | E267: 25 | F267: Fisher-BlackNiamhLidl - Trek | G267: Lidl - Trek | J267: 0:150:15
A268: 12 | B268: 32 | D268: Classic | E268: 23 | F268: BlasiPaulaUAE Team L'IMAD | G268: UAE Team L'IMAD | J268: 0:180:18
A269: 13 | B269: 41 | D269: Classic | E269: 36 | F269: van der BreggenAnnaTeam SD Worx - Protime | G269: Team SD Worx - Protime | J269: ,,0:18
A270: 14 | B270: 65 | D270: Climber | E270: 21 | F270: HolmgrenIsabellaLidl - Trek | G270: Lidl - Trek | J270: ,,0:18
A271: 15 | B271: 34 | D271: Hills | E271: 42 | F271: BerthetJulietteFDJ United - SUEZ | G271: UAE Team L'IMAD | J271: ,,0:18
... A398: 142 | B398: 97 | D398: TT | E398: 29 | F398: SchweinbergerChristinaFenix-Premier Tech | G398: Fenix-Premier Tech | J398: ,,15:18
A400: Rnk | B400: BIB | C400: H2H | D400: Specialty | E400: Age | F400: Rider | G400: Team | H400: Pnt | I400: Today
A401: 1 | B401: 47 | D401: Sprint | E401: 27 | F401: WiebesLorenaTeam SD Worx - Protime | G401: Team SD Worx - Protime | H401: 50 | I401: 50
A402: 2 | B402: 71 | D402: Classic | E402: 30 | F402: Le Court-PienaarKimAG Insurance - Soudal Team | G402: AG Insurance - Soudal Team | H402: 30 | I402: 30
A403: 3 | B403: 154 | D403: Hills | E403: 24 | F403: ErasoIdoiaLaboral Kutxa - Fundación Euskadi | G403: Laboral Kutxa - Fundación Euskadi | H403: 25 | I403: 25
A404: 4 | B404: 166 | D404: TT | E404: 23 | F404: RijnbeekMaudVolkerWessels Cycling Team | G404: VolkerWessels Cycling Team | H404: 20 | I404: 20
A405: 5 | B405: 11 | D405: Classic | E405: 29 | F405: VolleringDemiFDJ United - SUEZ | G405: FDJ United - SUEZ | H405: 20 | I405: 20
A406: 6 | B406: 91 | D406: Classic | E406: 24 | F406: MahéOcéaneMa Petite Entreprise | G406: Fenix-Premier Tech | H406: 18 | I406: 18
A407: 7 | B407: 197 | D407: Hills | E407: 24 | F407: PietersePuckFenix-Premier Tech | G407: Ma Petite Entreprise | H407: 17 | I407: 17
A408: 8 | B408: 86 | D408: Classic | E408: 25 | F408: RüeggNoemiEF Education-Oatly | G408: EF Education-Oatly | H408: 16 | I408: 16
...

Sheet Tabelle8
A1: Rnk | B1: GC | C1: Timelag | D1: BIB | E1: H2H | F1: Specialty | G1: Age | H1: Rider | I1: Team | J1: UCI | K1: Pnt | M1: Time
A2: 1 | B2: 1 | C2: +0:00 | D2: 47 | F2: Sprint | G2: 27 | H2: WiebesLorenaTeam SD Worx - Protime | I2: Team SD Worx - Protime | J2: 210 | K2: 50 | L2: 10″ | M2: 3:42:083:42:08
A3: 2 | B3: 32 | C3: +0:51 | D3: 61 | F3: Classic | G3: 28 | H3: BalsamoElisaLidl - Trek | I3: Lidl - Trek | J3: 150 | K3: 30 | L3: 6″ | M3: ,,0:00
A4: 3 | B4: 11 | C4: +0:24 | D4: 7 | F4: Classic | G4: 39 | H4: VosMarianneTeam Visma | Lease a Bike | I4: Team Visma | Lease a Bike | J4: 110 | K4: 18 | L4: 4″ | M4: ,,0:00
A5: 4 | B5: 76 | C5: +4:23 | D5: 74 | F5: Sprint | G5: 25 | H5: BossuytShariAG Insurance - Soudal Team | I5: AG Insurance - Soudal Team | J5: 90 | K5: 13 | M5: ,,0:00
A6: 5 | B6: 71 | C6: +3:44 | D6: 115 | F6: Classic | G6: 27 | H6: PaternosterLetiziaLiv AlUla Jayco | I6: Liv AlUla Jayco | J6: 70 | K6: 10 | M6: ,,0:00
A7: 6 | B7: 61 | C7: +2:45 | D7: 127 | F7: Hills | G7: 24 | H7: BäckstedtZoeCANYON//SRAM | I7: Team Picnic PostNL | J7: 55 | K7: 7 | M7: ,,0:00
A8: 7 | B8: 33 | C8: +0:57 | D8: 22 | F8: TT | G8: 21 | H8: NelsonJosieTeam Picnic PostNL | I8: CANYON//SRAM | J8: 45 | K8: 4 | M8: ,,0:00
A9: 8 | B9: 4 | C9: +0:20 | D9: 86 | F9: Classic | G9: 25 | H9: RüeggNoemiEF Education-Oatly | I9: EF Education-Oatly | J9: 40 | K9: 3 | M9: ,,0:00
A10: 9 | B10: 22 | C10: +0:39 | D10: 141 | F10: Hills | G10: 22 | H10: MulMalwinaCofidis Women Team | I10: Cofidis Women Team | J10: 35 | K10: 2 | M10: ,,0:00
A11: 10 | B11: 40 | C11: +1:07 | D11: 186 | F11: Hills | G11: 23 | H11: RiedmannLindaLotto Intermarché Ladies | I11: Lotto Intermarché Ladies | J11: 30 | K11: 1 | M11: ,,0:00
A12: 11 | B12: 29 | C12: +0:50 | D12: 164 | F12: Hills | G12: 24 | H12: JansenElineVolkerWessels Cycling Team | I12: VolkerWessels Cycling Team | J12: 25 | M12: ,,0:00
A13: 12 | B13: 57 | C13: +2:16 | D13: 107 | F13: Classic | G13: 32 | H13: WilliamsLilyHuman Powered Health | I13: Human Powered Health | J13: 20 | M13: ,,0:00
A14: 13 | B14: 34 | C14: +0:57 | D14: 31 | F14: Hills | G14: 25 | H14: WłodarczykDominikaUAE Team L'IMAD | I14: UAE Team L'IMAD | J14: 15 | M14: ,,0:00
A15: 14 | B15: 25 | C15: +0:42 | D15: 13 | F15: Classic | G15: 20 | H15: GeryCéliaFDJ United - SUEZ | I15: FDJ United - SUEZ | J15: 10 | M15: ,,0:00
A16: 15 | B16: 75 | C16: +4:19 | D16: 94 | F16: Classic | G16: 22 | H16: CouzensMillieFenix-Premier Tech | I16: Fenix-Premier Tech | J16: 5 | M16: ,,0:00
A17: 16 | B17: 6 | C17: +0:20 | D17: 85 | F17: Hills | G17: 25 | H17: KerbaolCédrineEF Education-Oatly | I17: EF Education-Oatly | M17: ,,0:00
A18: 17 | B18: 23 | C18: +0:39 | D18: 151 | F18: Hills | G18: 28 | H18: OstolazaUsoaLaboral Kutxa - Fundación Euskadi | I18: Laboral Kutxa - Fundación Euskadi | M18: ,,0:00
A19: 18 | B19: 5 | C19: +0:20 | D19: 35 | F19: Classic | G19: 34 | H19: Longo BorghiniElisaUAE Team L'IMAD | I19: UAE Team L'IMAD | M19: ,,0:00
A20: 19 | B20: 13 | C20: +0:28 | D20: 32 | F20: Classic | G20: 23 | H20: BlasiPaulaUAE Team L'IMAD | I20: UAE Team L'IMAD | M20: ,,0:00
A21: 20 | B21: 58 | C21: +2:34 | D21: 73 | F21: Hills | G21: 27 | H21: BorghesiLetiziaAG Insurance - Soudal Team | I21: AG Insurance - Soudal Team | M21: ,,0:00
A22: 21 | B22: 14 | C22: +0:28 | D22: 34 | F22: Hills | G22: 42 | H22: GarcíaMaviUAE Team L'IMAD | I22: UAE Team L'IMAD | M22: ,,0:00
A23: 22 | B23: 56 | C23: +2:05 | D23: 84 | F23: Classic | G23: 33 | H23: FaulknerKristenEF Education-Oatly | I23: EF Education-Oatly | M23: ,,0:00
A24: 23 | B24: 30 | C24: +0:50 | D24: 6 | F24: Hills | G24: 24 | H24: Van DamSarahTeam Visma | Lease a Bike | I24: Team Visma | Lease a Bike | M24: ,,0:00
A25: 24 | B25: 42 | C25: +1:14 | D25: 24 | F25: Classic | G25: 30 | H25: KlöserRosa MariaCANYON//SRAM | I25: CANYON//SRAM | M25: ,,0:00
A26: 25 | B26: 67 | C26: +3:14 | D26: 36 | F26: Classic | G26: 29 | H26: PersicoSilviaUAE Team L'IMAD | I26: UAE Team L'IMAD | M26: ,,0:00
A27: 26 | B27: 19 | C27: +0:36 | D27: 104 | F27: TT | G27: 32 | H27: de JongThalitaHuman Powered Health | I27: Human Powered Health | M27: ,,0:00
A28: 27 | B28: 15 | C28: +0:28 | D28: 65 | F28: Climber | G28: 21 | H28: HolmgrenIsabellaLidl - Trek | I28: Lidl - Trek | M28: ,,0:00
... A139: 138 | B139: 138 | C139: +40:12 | D139: 184 | F139: Hills | G139: 23 | H139: HinojosaRominaLotto Intermarché Ladies | I139: Lotto Intermarché Ladies | M139: 24:5824:58
A140: 139 | B140: 139 | C140: +41:26 | D140: 182 | F140: Classic | G140: 21 | H140: BoelsDinaLotto Intermarché Ladies | I140: Lotto Intermarché Ladies | J140: -5 | L140: -60″ | M140: ,,24:58
A141: DNF | D141: 183 | F141: Sprint | G141: 22 | H141: EbrasElisabethLotto Intermarché Ladies | I141: Lotto Intermarché Ladies
A142: DNF | D142: 185 | F142: Hills | G142: 26 | H142: MeertMariekeLotto Intermarché Ladies | I142: Lotto Intermarché Ladies
A143: DNF | D143: 187 | F143: Sprint | G143: 22 | H143: VervloetSterreLotto Intermarché Ladies | I143: Lotto Intermarché Ladies
A144: DNF | D144: 165 | F144: TT | G144: 24 | H144: MolenaarLauraVolkerWessels Cycling Team | I144: VolkerWessels Cycling Team
A145: DNS | D145: 33 | F145: Hills | G145: 35 | H145: ChapmanBrodieUAE Team L'IMAD | I145: UAE Team L'IMAD
A146: DNS | D146: 97 | F146: TT | G146: 29 | H146: SchweinbergerChristinaFenix-Premier Tech | I146: Fenix-Premier Tech
A148: Rnk | B148: Prev | C148: ▼▲ | D148: BIB | E148: H2H | F148: Specialty | G148: Age | H148: Rider | I148: Team | J148: UCI | L148: Time | M148: Time won/lost
A149: 1 | B149: 1 | C149: - | D149: 47 | F149: Sprint | G149: 27 | H149: WiebesLorenaTeam SD Worx - Protime | I149: Team SD Worx - Protime | J149: 25 | K149: 20″ | L149: 7:10:597:10:59 | M149: ..
A150: 2 | B150: 2 | C150: - | D150: 71 | F150: Classic | G150: 30 | H150: Le Court-PienaarKimAG Insurance - Soudal Team | I150: AG Insurance - Soudal Team | K150: 6″ | L150: 0:140:14 | M150: ..
A151: 3 | B151: 3 | C151: - | D151: 11 | F151: Classic | G151: 29 | H151: VolleringDemiFDJ United - SUEZ | I151: FDJ United - SUEZ | K151: 4″ | L151: 0:160:16 | M151: ..
A152: 4 | B152: 5 | C152: ▲1 | D152: 86 | F152: Classic | G152: 25 | H152: RüeggNoemiEF Education-Oatly | I152: EF Education-Oatly | L152: 0:200:20 | M152: ..
A153: 5 | B153: 6 | C153: ▲1 | D153: 35 | F153: Classic | G153: 34 | H153: Longo BorghiniElisaUAE Team L'IMAD | I153: UAE Team L'IMAD | L153: ,,0:20 | M153: ..
A154: 6 | B154: 9 | C154: ▲3 | D154: 85 | F154: Hills | G154: 25 | H154: KerbaolCédrineEF Education-Oatly | I154: EF Education-Oatly | L154: ,,0:20 | M154: ..
A155: 7 | B155: 7 | C155: - | D155: 21 | F155: Classic | G155: 31 | H155: NiewiadomaKasiaCANYON//SRAM | I155: CANYON//SRAM | L155: ,,0:20 | M155: ..
A156: 8 | B156: 4 | C156: ▼4 | D156: 91 | F156: Classic | G156: 24 | H156: PietersePuckFenix-Premier Tech | I156: Fenix-Premier Tech | L156: ,,0:20 | M156: ..
A157: 9 | B157: 8 | C157: ▼1 | D157: 1 | F157: Classic | G157: 34 | H157: Ferrand-PrévotPaulineTeam Visma | Lease a Bike | I157: Team Visma | Lease a Bike | L157: ,,0:20 | M157: ..
A158: 10 | B158: 10 | C158: - | D158: 51 | F158: TT | G158: 34 | H158: ReusserMarlenMovistar Team | I158: Movistar Team | L158: ,,0:20 | M158: ..
A159: 11 | B159: 18 | C159: ▲7 | D159: 7 | F159: Classic | G159: 39 | H159: VosMarianneTeam Visma | Lease a Bike | I159: Team Visma | Lease a Bike | K159: 4″ | L159: 0:240:24 | M159: ..
A160: 12 | B160: 11 | C160: ▼1 | D160: 64 | F160: GC | G160: 25 | H160: Fisher-BlackNiamhLidl - Trek | I160: Lidl - Trek | L160: 0:250:25 | M160: ..
A161: 13 | B161: 12 | C161: ▼1 | D161: 32 | F161: Classic | G161: 23 | H161: BlasiPaulaUAE Team L'IMAD | I161: UAE Team L'IMAD | L161: 0:280:28 | M161: ..
A162: 14 | B162: 15 | C162: ▲1 | D162: 34 | F162: Hills | G162: 42 | H162: GarcíaMaviUAE Team L'IMAD | I162: UAE Team L'IMAD | L162: ,,0:28 | M162: ..
A163: 15 | B163: 14 | C163: ▼1 | D163: 65 | F163: Climber | G163: 21 | H163: HolmgrenIsabellaLidl - Trek | I163: Lidl - Trek | L163: ,,0:28 | M163: ..
A164: 16 | B164: 16 | C164: - | D164: 12 | F164: GC | G164: 27 | H164: BerthetJulietteFDJ United - SUEZ | I164: FDJ United - SUEZ | L164: ,,0:28 | M164: ..
A165: 17 | B165: 17 | C165: - | D165: 25 | F165: GC | G165: 23 | H165: NiedermaierAntoniaCANYON//SRAM | I165: CANYON//SRAM | L165: ,,0:28 | M165: ..
A166: 18 | B166: 13 | C166: ▼5 | D166: 41 | F166: Classic | G166: 36 | H166: van der BreggenAnnaTeam SD Worx - Protime | I166: Team SD Worx - Protime | L166: ,,0:28 | M166: ..
A167: 19 | B167: 21 | C167: ▲2 | D167: 104 | F167: TT | G167: 32 | H167: de JongThalitaHuman Powered Health | I167: Human Powered Health | L167: 0:360:36 | M167: ..
A168: 20 | B168: 19 | C168: ▼1 | D168: 131 | F168: Hills | G168: 29 | H168: MorierÉmilieSt Michel - Preference Home - Auber93 | I168: St Michel - Preference Home - Auber93 | L168: ,,0:36 | M168: ..
A169: 21 | B169: 20 | C169: ▼1 | D169: 111 | F169: Hills | G169: 27 | H169: Trinca ColonelMonicaLiv AlUla Jayco | I169: Liv AlUla Jayco | L169: ,,0:36 | M169: ..
A170: 22 | B170: 22 | C170: - | D170: 141 | F170: Hills | G170: 22 | H170: MulMalwinaCofidis Women Team | I170: Cofidis Women Team | L170: 0:390:39 | M170: ..
A171: 23 | B171: 24 | C171: ▲1 | D171: 151 | F171: Hills | G171: 28 | H171: OstolazaUsoaLaboral Kutxa - Fundación Euskadi | I171: Laboral Kutxa - Fundación Euskadi | L171: ,,0:39 | M171: ..
... A179: 31 | B179: 29 | C179: ▼2 | D179: 3 | F179: GC | G179: 32 | H179: de VriesFemkeTeam Visma | Lease a Bike | I179: Team Visma | Lease a Bike | L179: ,,0:50 | M179: ..
A180: 32 | B180: 36 | C180: ▲4 | D180: 61 | F180: Classic | G180: 28 | H180: BalsamoElisaLidl - Trek | I180: Lidl - Trek | K180: 6″ | L180: 0:510:51 | M180: ..
A181: 33 | B181: 38 | C181: ▲5 | D181: 22 | F181: TT | G181: 21 | H181: BäckstedtZoeCANYON//SRAM | I181: CANYON//SRAM | L181: 0:570:57 | M181: ..
A182: 34 | B182: 35 | C182: ▲1 | D182: 31 | F182: Hills | G182: 25 | H182: WłodarczykDominikaUAE Team L'IMAD | I182: UAE Team L'IMAD | L182: ,,0:57 | M182: ..
A183: 35 | B183: 33 | C183: ▼2 | D183: 76 | F183: Hills | G183: 30 | H183: GhekiereJustineAG Insurance - Soudal Team | I183: AG Insurance - Soudal Team | L183: ,,0:57 | M183: ..
A184: 36 | B184: 37 | C184: ▲1 | D184: 171 | F184: Hills | G184: 31 | H184: AalerudKatrineUno-X Mobility | I184: Uno-X Mobility | L184: ,,0:57 | M184: ..
A185: 37 | B185: 34 | C185: ▼3 | D185: 193 | F185: Hills | G185: 28 | H185: AsencioLauraMa Petite Entreprise | I185: Ma Petite Entreprise | L185: ,,0:57 | M185: ..
A186: 38 | B186: 39 | C186: ▲1 | D186: 136 | F186: Hills | G186: 22 | H186: MullerSolèneSt Michel - Preference Home - Auber93 | I186: St Michel - Preference Home - Auber93 | L186: 1:021:02 | M186: ..
A187: 39 | B187: 41 | C187: ▲2 | D187: 142 | F187: Classic | G187: 21 | H187: BegoJulieCofidis Women Team | I187: Cofidis Women Team | L187: 1:041:04 | M187: ..
A188: 40 | B188: 42 | C188: ▲2 | D188: 186 | F188: Hills | G188: 23 | H188: RiedmannLindaLotto Intermarché Ladies | I188: Lotto Intermarché Ladies | L188: 1:071:07 | M188: ..
A189: 41 | B189: 43 | C189: ▲2 | D189: 173 | F189: Hills | G189: 27 | H189: EdsethMarte BergUno-X Mobility | I189: Uno-X Mobility | L189: ,,1:07 | M189: ..
A190: 42 | B190: 44 | C190: ▲2 | D190: 24 | F190: Classic | G190: 30 | H190: KlöserRosa MariaCANYON//SRAM | I190: CANYON//SRAM | L190: 1:141:14 | M190: ..
A191: 43 | B191: 51 | C191: ▲8 | D191: 157 | F191: Hills | G191: 28 | H191: SilvestriDeboraLaboral Kutxa - Fundación Euskadi | I191: Laboral Kutxa - Fundación Euskadi | L191: ,,1:14 | M191: ..
A192: 44 | B192: 50 | C192: ▲6 | D192: 156 | F192: Hills | G192: 29 | H192: PatiñoPaulaLaboral Kutxa - Fundación Euskadi | I192: Laboral Kutxa - Fundación Euskadi | L192: ,,1:14 | M192: ..
... A287: 139 | B287: 139 | C287: - | D287: 182 | F287: Classic | G287: 21 | H287: BoelsDinaLotto Intermarché Ladies | I287: Lotto Intermarché Ladies | L287: 41:2641:26 | M287: ..
A289: Rnk | B289: Prev | C289: ▼▲ | D289: BIB | E289: H2H | F289: Specialty | G289: Age | H289: Rider | I289: Team | J289: Pnt | K289: Today
A290: 1 | B290: 1 | C290: - | D290: 47 | F290: Sprint | G290: 27 | H290: WiebesLorenaTeam SD Worx - Protime | I290: Team SD Worx - Protime | J290: 111 | K290: 61
A291: 2 | B291: 2 | C291: - | D291: 71 | F291: Classic | G291: 30 | H291: Le Court-PienaarKimAG Insurance - Soudal Team | I291: AG Insurance - Soudal Team | J291: 30
A292: 3 | D292: 61 | F292: Classic | G292: 28 | H292: BalsamoElisaLidl - Trek | I292: Lidl - Trek | J292: 30 | K292: 30
A293: 4 | B293: 8 | C293: ▲4 | D293: 86 | F293: Classic | G293: 25 | H293: RüeggNoemiEF Education-Oatly | I293: EF Education-Oatly | J293: 26 | K293: 10
A294: 5 | D294: 164 | F294: Hills | G294: 24 | H294: JansenElineVolkerWessels Cycling Team | I294: VolkerWessels Cycling Team | J294: 26 | K294: 26
A295: 6 | B295: 3 | C295: ▼3 | D295: 154 | F295: Hills | G295: 24 | H295: ErasoIdoiaLaboral Kutxa - Fundación Euskadi | I295: Laboral Kutxa - Fundación Euskadi | J295: 25
A296: 7 | D296: 153 | F296: Climber | G296: 28 | H296: BiriukovaYuliiaLaboral Kutxa - Fundación Euskadi | I296: Laboral Kutxa - Fundación Euskadi | J296: 25 | K296: 25
A297: 8 | B297: 4 | C297: ▼4 | D297: 11 | F297: Classic | G297: 29 | H297: VosMarianneTeam Visma | Lease a Bike | I297: FDJ United - SUEZ | J297: 20
A298: 9 | D298: 7 | F298: Classic | G298: 39 | H298: VolleringDemiFDJ United - SUEZ | I298: Team Visma | Lease a Bike | J298: 20 | K298: 20
A299: 10 | B299: 5 | C299: ▼5 | D299: 166 | F299: TT | G299: 23 | H299: RijnbeekMaudVolkerWessels Cycling Team | I299: VolkerWessels Cycling Team | J299: 20
A300: 11 | B300: 6 | C300: ▼5 | D300: 91 | F300: Classic | G300: 24 | H300: PietersePuckFenix-Premier Tech | I300: Fenix-Premier Tech | J300: 18
A301: 12 | D301: 74 | F301: Sprint | G301: 25 | H301: BossuytShariAG Insurance - Soudal Team | I301: AG Insurance - Soudal Team | J301: 18 | K301: 18
A302: 13 | D302: 103 | F302: Hills | G302: 23 | H302: CipressiCarlottaHuman Powered Health | I302: Human Powered Health | J302: 17 | K302: 17
A303: 14 | B303: 7 | C303: ▼7 | D303: 197 | F303: Hills | G303: 24 | H303: MahéOcéaneMa Petite Entreprise | I303: Ma Petite Entreprise | J303: 17
A304: 15 | D304: 115 | F304: Classic | G304: 27 | H304: PaternosterLetiziaLiv AlUla Jayco | I304: Liv AlUla Jayco | J304: 16 | K304: 16
A305: 16 | B305: 9 | C305: ▼7 | D305: 85 | F305: Hills | G305: 25 | H305: KerbaolCédrineEF Education-Oatly | I305: EF Education-Oatly | J305: 15
A306: 17 | D306: 143 | F306: Hills | G306: 21 | H306: ComteEmaCofidis Women Team | I306: Cofidis Women Team | J306: 15 | K306: 15
A307: 18 | B307: 10 | C307: ▼8 | D307: 147 | F307: Hills | G307: 29 | H307: NoskováNikolaCofidis Women Team | I307: Cofidis Women Team | J307: 15
A308: 19 | B308: 11 | C308: ▼8 | D308: 35 | F308: Classic | G308: 34 | H308: NelsonJosieTeam Picnic PostNL | I308: UAE Team L'IMAD | J308: 14
A309: 20 | D309: 127 | F309: Hills | G309: 24 | H309: Longo BorghiniElisaUAE Team L'IMAD | I309: Team Picnic PostNL | J309: 14 | K309: 14
A310: 21 | B310: 12 | C310: ▼9 | D310: 34 | F310: Hills | G310: 42 | H310: GarcíaMaviUAE Team L'IMAD | I310: UAE Team L'IMAD | J310: 13
A311: 22 | B311: 27 | C311: ▲5 | D311: 173 | F311: Hills | G311: 27 | H311: EdsethMarte BergUno-X Mobility | I311: Uno-X Mobility | J311: 13 | K311: 10
A312: 23 | D312: 175 | F312: Hills | G312: 32 | H312: KosterAnouskaUno-X Mobility | I312: Uno-X Mobility | J312: 13 | K312: 13
A313: 24 | B313: 13 | C313: ▼11 | D313: 96 | F313: Sprint | G313: 27 | H313: KoolCharlotteFenix-Premier Tech | I313: Fenix-Premier Tech | J313: 13
...

Sheet Tabelle9
A1: Rnk | B1: GC | C1: Timelag | D1: BIB | E1: H2H | F1: Specialty | G1: Age | H1: Rider | I1: Team | J1: UCI | K1: Pnt | M1: Time
A2: 1 | B2: 1 | C2: +0:00 | D2: 174 | F2: Hills | G2: 27 | H2: HaugsetSigrid Ytterhus Uno-X Mobility | I2: Uno-X Mobility | J2: 210 | K2: 50 | L2: 16″ | M2: 4:05:594:05:59
A3: 2 | B3: 30 | C3: +2:54 | D3: 45 | F3: Classic | G3: 30 | H3: KopeckyLotte Team SD Worx - Protime | I3: Team SD Worx - Protime | J3: 150 | K3: 30 | L3: 10″ | M3: 1:241:24
A4: 3 | B4: 5 | C4: +2:10 | D4: 7 | F4: Classic | G4: 39 | H4: VosMarianneTeam Visma | Lease a Bike | I4: Team Visma | Lease a Bike | J4: 110 | K4: 18 | L4: 4″ | M4: 2:482:48
A5: 4 | B5: 23 | C5: +2:29 | D5: 151 | F5: Hills | G5: 28 | H5: OstolazaUsoaLaboral Kutxa - Fundación Euskadi | I5: Laboral Kutxa - Fundación Euskadi | J5: 90 | K5: 13 | M5: ,,2:48
A6: 5 | B6: 2 | C6: +2:02 | D6: 71 | F6: Classic | G6: 30 | H6: Le Court-PienaarKimAG Insurance - Soudal Team | I6: AG Insurance - Soudal Team | J6: 70 | K6: 10 | L6: 2″ | M6: ,,2:48
A7: 6 | B7: 4 | C7: +2:10 | D7: 86 | F7: Classic | G7: 25 | H7: RüeggNoemiEF Education-Oatly | I7: EF Education-Oatly | J7: 55 | K7: 7 | M7: ,,2:48
A8: 7 | B8: 25 | C8: +2:32 | D8: 13 | F8: Classic | G8: 20 | H8: GeryCéliaFDJ United - SUEZ | I8: FDJ United - SUEZ | J8: 45 | K8: 4 | M8: ,,2:48
A9: 8 | B9: 6 | C9: +2:10 | D9: 85 | F9: Hills | G9: 25 | H9: MulMalwinaCofidis Women Team | I9: EF Education-Oatly | J9: 40 | K9: 3 | M9: ,,2:48
A10: 9 | B10: 22 | C10: +2:29 | D10: 141 | F10: Hills | G10: 22 | H10: KerbaolCédrineEF Education-Oatly | I10: Cofidis Women Team | J10: 35 | K10: 2 | M10: ,,2:48
A11: 10 | B11: 20 | C11: +2:26 | D11: 111 | F11: Hills | G11: 27 | H11: Trinca ColonelMonicaLiv AlUla Jayco | I11: Liv AlUla Jayco | J11: 30 | K11: 1 | M11: ,,2:48
A12: 11 | B12: 27 | C12: +2:47 | D12: 31 | F12: Hills | G12: 25 | H12: WłodarczykDominikaUAE Team L'IMAD | I12: UAE Team L'IMAD | J12: 25 | M12: ,,2:48
A13: 12 | B13: 37 | C13: +4:56 | D13: 66 | F13: TT | G13: 31 | H13: MarkusRiejanneLidl - Trek | I13: Lidl - Trek | J13: 20 | M13: ,,2:48
A14: 13 | B14: 19 | C14: +2:26 | D14: 104 | F14: TT | G14: 32 | H14: de JongThalitaHuman Powered Health | I14: Human Powered Health | J14: 15 | M14: ,,2:48
A15: 14 | B15: 13 | C15: +2:18 | D15: 32 | F15: Hills | G15: 23 | H15: BlasiPaulaUAE Team L'IMAD | I15: UAE Team L'IMAD | J15: 10 | M15: ,,2:48
A16: 15 | B16: 9 | C16: +2:10 | D16: 91 | F16: Classic | G16: 24 | H16: PietersePuckFenix-Premier Tech | I16: Fenix-Premier Tech | J16: 5 | M16: ,,2:48
A17: 16 | B17: 8 | C17: +2:10 | D17: 21 | F17: Classic | G17: 31 | H17: NiewiadomaKasiaCANYON//SRAM | I17: CANYON//SRAM | M17: ,,2:48
A18: 17 | B18: 28 | C18: +2:47 | D18: 193 | F18: Hills | G18: 28 | H18: AsencioLauraMa Petite Entreprise | I18: Ma Petite Entreprise | M18: ,,2:48
A19: 18 | B19: 16 | C19: +2:18 | D19: 25 | F19: GC | G19: 23 | H19: NiedermaierAntoniaCANYON//SRAM | I19: CANYON//SRAM | M19: ,,2:48
A20: 19 | B20: 14 | C20: +2:18 | D20: 34 | F20: Hills | G20: 42 | H20: Longo BorghiniElisaUAE Team L'IMAD | I20: UAE Team L'IMAD | M20: ,,2:48
A21: 20 | B21: 7 | C21: +2:10 | D21: 35 | F21: Classic | G21: 34 | H21: GarcíaMaviUAE Team L'IMAD | I21: UAE Team L'IMAD | M21: ,,2:48
A22: 21 | B22: 32 | C22: +3:15 | D22: 46 | F22: GC | G22: 22 | H22: VinkeNienkeTeam SD Worx - Protime | I22: Team SD Worx - Protime | M22: ,,2:48
A23: 22 | B23: 21 | C23: +2:26 | D23: 131 | F23: Hills | G23: 29 | H23: MorierÉmilieSt Michel - Preference Home - Auber93 | I23: St Michel - Preference Home - Auber93 | M23: ,,2:48
A24: 23 | B24: 3 | C24: +2:06 | D24: 11 | F24: Classic | G24: 29 | H24: VolleringDemiFDJ United - SUEZ | I24: FDJ United - SUEZ | M24: ,,2:48
A25: 24 | B25: 12 | C25: +2:15 | D25: 64 | F25: GC | G25: 25 | H25: Fisher-BlackNiamhLidl - Trek | I25: Lidl - Trek | M25: ,,2:48
A26: 25 | B26: 33 | C26: +3:15 | D26: 102 | F26: Hills | G26: 28 | H26: BuijsmanNinaHuman Powered Health | I26: Human Powered Health | M26: ,,2:48
A27: 26 | B27: 39 | C27: +6:20 | D27: 147 | F27: Hills | G27: 29 | H27: NoskováNikolaCofidis Women Team | I27: Cofidis Women Team | M27: ,,2:48
A28: 27 | B28: 15 | C28: +2:18 | D28: 65 | F28: Climber | G28: 21 | H28: HolmgrenIsabellaLidl - Trek | I28: Lidl - Trek | M28: ,,2:48
... A139: 138 | B139: 137 | C139: +59:30 | D139: 146 | F139: TT | G139: 26 | H139: LudwigHannahCofidis Women Team | I139: Cofidis Women Team | M139: ,,25:51
A140: DNF | D140: 182 | F140: Classic | G140: 21 | H140: BoelsDinaLotto Intermarché Ladies | I140: Lotto Intermarché Ladies
A142: Rnk | B142: Prev | C142: ▼▲ | D142: BIB | E142: H2H | F142: Specialty | G142: Age | H142: Rider | I142: Team | J142: UCI | L142: Time | M142: Time won/lost
A143: 1 | B143: 46 | C143: ▲45 | D143: 174 | F143: Hills | G143: 27 | H143: HaugsetSigrid YtterhusUno-X Mobility | I143: Uno-X Mobility | J143: 25 | K143: 16″ | L143: 11:17:56 11:17:56 | M143: ..
A144: 2 | B144: 2 | C144: - | D144: 71 | F144: Classic | G144: 30 | H144: Le Court-PienaarKimAG Insurance - Soudal Team | I144: AG Insurance - Soudal Team | K144: 8″ | L144: 2:022:02 | M144: ..
A145: 3 | B145: 3 | C145: - | D145: 11 | F145: Classic | G145: 29 | H145: VolleringDemiFDJ United - SUEZ | I145: FDJ United - SUEZ | K145: 4″ | L145: 2:062:06 | M145: ..
A146: 4 | B146: 4 | C146: - | D146: 86 | F146: Classic | G146: 25 | H146: RüeggNoemiEF Education-Oatly | I146: EF Education-Oatly | L146: 2:102:10 | M146: ..
A147: 5 | B147: 11 | C147: ▲6 | D147: 7 | F147: Classic | G147: 39 | H147: VosMarianneTeam Visma | Lease a Bike | I147: Team Visma | Lease a Bike | K147: 8″ | L147: ,,2:10 | M147: ..
A148: 6 | B148: 6 | C148: - | D148: 85 | F148: Hills | G148: 25 | H148: Longo BorghiniElisaUAE Team L'IMAD | I148: EF Education-Oatly | L148: ,,2:10 | M148: ..
A149: 7 | B149: 5 | C149: ▼2 | D149: 35 | F149: Classic | G149: 34 | H149: KerbaolCédrineEF Education-Oatly | I149: UAE Team L'IMAD | L149: ,,2:10 | M149: ..
A150: 8 | B150: 7 | C150: ▼1 | D150: 21 | F150: Classic | G150: 31 | H150: NiewiadomaKasiaCANYON//SRAM | I150: CANYON//SRAM | L150: ,,2:10 | M150: ..
A151: 9 | B151: 8 | C151: ▼1 | D151: 91 | F151: Classic | G151: 24 | H151: PietersePuckFenix-Premier Tech | I151: Fenix-Premier Tech | L151: ,,2:10 | M151: ..
A152: 10 | B152: 9 | C152: ▼1 | D152: 1 | F152: Classic | G152: 34 | H152: Ferrand-PrévotPaulineTeam Visma | Lease a Bike | I152: Team Visma | Lease a Bike | L152: ,,2:10 | M152: ..
A153: 11 | B153: 10 | C153: ▼1 | D153: 51 | F153: TT | G153: 34 | H153: ReusserMarlenMovistar Team | I153: Movistar Team | L153: ,,2:10 | M153: ..
A154: 12 | B154: 12 | C154: - | D154: 64 | F154: GC | G154: 25 | H154: Fisher-BlackNiamhLidl - Trek | I154: Lidl - Trek | L154: 2:152:15 | M154: ..
A155: 13 | B155: 13 | C155: - | D155: 32 | F155: Hills | G155: 23 | H155: BlasiPaulaUAE Team L'IMAD | I155: UAE Team L'IMAD | L155: 2:182:18 | M155: ..
A156: 14 | B156: 14 | C156: - | D156: 34 | F156: Hills | G156: 42 | H156: GarcíaMaviUAE Team L'IMAD | I156: UAE Team L'IMAD | L156: ,,2:18 | M156: ..
A157: 15 | B157: 15 | C157: - | D157: 65 | F157: Climber | G157: 21 | H157: NiedermaierAntoniaCANYON//SRAM | I157: Lidl - Trek | L157: ,,2:18 | M157: ..
A158: 16 | B158: 17 | C158: ▲1 | D158: 25 | F158: GC | G158: 23 | H158: HolmgrenIsabellaLidl - Trek | I158: CANYON//SRAM | L158: ,,2:18 | M158: ..
A159: 17 | B159: 16 | C159: ▼1 | D159: 12 | F159: GC | G159: 27 | H159: BerthetJulietteFDJ United - SUEZ | I159: FDJ United - SUEZ | L159: ,,2:18 | M159: ..
... A171: 29 | B171: 36 | C171: ▲7 | D171: 171 | F171: Hills | G171: 31 | H171: KopeckyLotteTeam SD Worx - Protime | I171: Uno-X Mobility | L171: ,,2:47 | M171: ..
A172: 30 | B172: 60 | C172: ▲30 | D172: 45 | F172: Classic | G172: 30 | H172: AalerudKatrineUno-X Mobility | I172: Team SD Worx - Protime | K172: 10″ | L172: 2:542:54 | M172: ..
A173: 31 | B173: 43 | C173: ▲12 | D173: 157 | F173: Hills | G173: 28 | H173: SilvestriDeboraLaboral Kutxa - Fundación Euskadi | I173: Laboral Kutxa - Fundación Euskadi | L173: 3:043:04 | M173: ..
A174: 32 | B174: 50 | C174: ▲18 | D174: 46 | F174: GC | G174: 22 | H174: VinkeNienkeTeam SD Worx - Protime | I174: Team SD Worx - Protime | L174: 3:153:15 | M174: ..
A175: 33 | B175: 52 | C175: ▲19 | D175: 102 | F175: Hills | G175: 28 | H175: BuijsmanNinaHuman Powered Health | I175: Human Powered Health | L175: ,,3:15 | M175: ..
A176: 34 | B176: 35 | C176: ▲1 | D176: 76 | F176: Hills | G176: 30 | H176: GhekiereJustineAG Insurance - Soudal Team | I176: AG Insurance - Soudal Team | L176: 3:343:34 | M176: ..
A177: 35 | B177: 42 | C177: ▲7 | D177: 24 | F177: Classic | G177: 30 | H177: KlöserRosa MariaCANYON//SRAM | I177: CANYON//SRAM | L177: 3:513:51 | M177: ..
A178: 36 | B178: 62 | C178: ▲26 | D178: 191 | F178: Climber | G178: 22 | H178: LatimierClémenceMa Petite Entreprise | I178: Ma Petite Entreprise | L178: 4:484:48 | M178: ..
A179: 37 | B179: 65 | C179: ▲28 | D179: 66 | F179: TT | G179: 31 | H179: MarkusRiejanneLidl - Trek | I179: Lidl - Trek | L179: 4:564:56 | M179: ..
A180: 38 | B180: 68 | C180: ▲30 | D180: 67 | F180: Classic | G180: 38 | H180: SprattAmandaLidl - Trek | I180: Lidl - Trek | L180: 5:105:10 | M180: ..
A181: 39 | B181: 78 | C181: ▲39 | D181: 147 | F181: Hills | G181: 29 | H181: NoskováNikolaCofidis Women Team | I181: Cofidis Women Team | L181: 6:206:20 | M181: ..
A182: 40 | B182: 33 | C182: ▼7 | D182: 22 | F182: TT | G182: 21 | H182: BäckstedtZoeCANYON//SRAM | I182: CANYON//SRAM | L182: 6:226:22 | M182: ..
A183: 41 | B183: 38 | C183: ▼3 | D183: 136 | F183: Hills | G183: 22 | H183: MullerSolèneSt Michel - Preference Home - Auber93 | I183: St Michel - Preference Home - Auber93 | L183: 6:276:27 | M183: ..
A184: 42 | B184: 44 | C184: ▲2 | D184: 156 | F184: Hills | G184: 29 | H184: PatiñoPaulaLaboral Kutxa - Fundación Euskadi | I184: Laboral Kutxa - Fundación Euskadi | L184: 6:396:39 | M184: ..
... A208: 66 | B208: 70 | C208: ▲4 | D208: 42 | F208: Hills | G208: 26 | H208: BredewoldMischaTeam SD Worx - Protime | I208: Team SD Worx - Protime | L208: 19:1019:10 | M208: ..
A209: 67 | B209: 1 | C209: ▼66 | D209: 47 | F209: Sprint | G209: 27 | H209: WiebesLorenaTeam SD Worx - Protime | I209: Team SD Worx - Protime | K209: 20″ | L209: 19:2119:21 | M209: ..
A210: 68 | B210: 76 | C210: ▲8 | D210: 74 | F210: Sprint | G210: 25 | H210: BossuytShariAG Insurance - Soudal Team | I210: AG Insurance - Soudal Team | L210: 19:5419:54 | M210: ..
A211: 69 | B211: 92 | C211: ▲23 | D211: 5 | F211: TT | G211: 25 | H211: NooijenLiekeTeam Visma | Lease a Bike | I211: Team Visma | Lease a Bike | L211: 19:5919:59 | M211: ..
A212: 70 | B212: 26 | C212: ▼44 | D212: 124 | F212: Classic | G212: 25 | H212: GeorgiPfeifferTeam Picnic PostNL | I212: Team Picnic PostNL | L212: 20:0320:03 | M212: ..
A213: 71 | B213: 28 | C213: ▼43 | D213: 117 | F213: GC | G213: 25 | H213: SmuldersSilkeLiv AlUla Jayco | I213: Liv AlUla Jayco | L213: 20:0520:05 | M213: ..
A214: 72 | B214: 29 | C214: ▼43 | D214: 164 | F214: Hills | G214: 24 | H214: JansenElineVolkerWessels Cycling Team | I214: VolkerWessels Cycling Team | L214: 20:1120:11 | M214: ..
A215: 73 | B215: 32 | C215: ▼41 | D215: 61 | F215: Classic | G215: 28 | H215: BalsamoElisaLidl - Trek | I215: Lidl - Trek | K215: 6″ | L215: 20:1220:12 | M215: ..
A216: 74 | B216: 39 | C216: ▼35 | D216: 142 | F216: Classic | G216: 21 | H216: BegoJulieCofidis Women Team | I216: Cofidis Women Team | L216: 20:2520:25 | M216: ..
A217: 75 | B217: 40 | C217: ▼35 | D217: 186 | F217: Hills | G217: 23 | H217: RiedmannLindaLotto Intermarché Ladies | I217: Lotto Intermarché Ladies | L217: 20:2820:28 | M217: ..
A218: 76 | B218: 51 | C218: ▼25 | D218: 105 | F218: Climber | G218: 26 | H218: MalcottiBarbaraHuman Powered Health | I218: Human Powered Health | L218: 20:4620:46 | M218: ..
A219: 77 | B219: 53 | C219: ▼24 | D219: 175 | F219: Hills | G219: 32 | H219: KosterAnouskaUno-X Mobility | I219: Uno-X Mobility | L219: ,,20:46 | M219: ..
A220: 78 | B220: 117 | C220: ▲39 | D220: 14 | F220: Classic | G220: 26 | H220: KochFranziskaFDJ United - SUEZ | I220: FDJ United - SUEZ | L220: 21:0521:05 | M220: ..
A221: 79 | B221: 57 | C221: ▼22 | D221: 107 | F221: Classic | G221: 32 | H221: WilliamsLilyHuman Powered Health | I221: Human Powered Health | L221: 21:3721:37 | M221: ..
A222: 80 | B222: 58 | C222: ▼22 | D222: 73 | F222: Hills | G222: 27 | H222: BorghesiLetiziaAG Insurance - Soudal Team | I222: AG Insurance - Soudal Team | L222: 21:5521:55 | M222: ..
A223: 81 | B223: 63 | C223: ▼18 | D223: 82 | F223: Classic | G223: 25 | H223: BertonNinaEF Education-Oatly | I223: EF Education-Oatly | L223: 22:2522:25 | M223: ..
A224: 82 | B224: 69 | C224: ▼13 | D224: 87 | F224: Classic | G224: 23 | H224: TowersAliceEF Education-Oatly | I224: EF Education-Oatly | L224: 22:5822:58 | M224: ..
A225: 83 | B225: 71 | C225: ▼12 | D225: 115 | F225: Classic | G225: 27 | H225: PaternosterLetiziaLiv AlUla Jayco | I225: Liv AlUla Jayco | L225: 23:0523:05 | M225: ..
A226: 84 | B226: 72 | C226: ▼12 | D226: 116 | F226: Hills | G226: 27 | H226: Roseman-GannonRubyLiv AlUla Jayco | I226: Liv AlUla Jayco | L226: ,,23:05 | M226: ..
A227: 85 | B227: 75 | C227: ▼10 | D227: 94 | F227: Classic | G227: 22 | H227: CouzensMillieFenix-Premier Tech | I227: Fenix-Premier Tech | L227: 23:4023:40 | M227: ..
... A280: 138 | B280: 138 | C280: - | D280: 184 | F280: Hills | G280: 23 | H280: HinojosaRominaLotto Intermarché Ladies | I280: Lotto Intermarché Ladies | L280: 59:3359:33 | M280: ..
A282: Rnk | B282: Prev | C282: ▼▲ | D282: BIB | E282: H2H | F282: Specialty | G282: Age | H282: Rider | I282: Team | J282: Pnt | K282: Today
A283: 1 | B283: 1 | C283: - | D283: 47 | F283: Sprint | G283: 27 | H283: WiebesLorenaTeam SD Worx - Protime | I283: Team SD Worx - Protime | J283: 111
A284: 2 | D284: 174 | F284: Hills | G284: 27 | H284: HaugsetSigrid YtterhusUno-X Mobility | I284: Uno-X Mobility | J284: 55 | K284: 55
A285: 3 | B285: 4 | C285: ▲1 | D285: 86 | F285: Classic | G285: 25 | H285: RüeggNoemiEF Education-Oatly | I285: EF Education-Oatly | J285: 52 | K285: 26
A286: 4 | B286: 38 | C286: ▲34 | D286: 45 | F286: Classic | G286: 30 | H286: KopeckyLotteTeam SD Worx - Protime | I286: Team SD Worx - Protime | J286: 51 | K286: 45
A287: 5 | B287: 2 | C287: ▼3 | D287: 71 | F287: Classic | G287: 30 | H287: Le Court-PienaarKimAG Insurance - Soudal Team | I287: AG Insurance - Soudal Team | J287: 47 | K287: 17
A288: 6 | B288: 9 | C288: ▲3 | D288: 7 | F288: Classic | G288: 39 | H288: BalsamoElisaLidl - Trek | I288: Team Visma | Lease a Bike | J288: 42 | K288: 22
A289: 7 | B289: 3 | C289: ▼4 | D289: 61 | F289: Classic | G289: 28 | H289: VosMarianneTeam Visma | Lease a Bike | I289: Lidl - Trek | J289: 30
A290: 8 | B290: 11 | C290: ▲3 | D290: 91 | F290: Classic | G290: 24 | H290: PietersePuckFenix-Premier Tech | I290: Fenix-Premier Tech | J290: 27 | K290: 9
A291: 9 | B291: 16 | C291: ▲7 | D291: 85 | F291: Hills | G291: 25 | H291: KerbaolCédrineEF Education-Oatly | I291: EF Education-Oatly | J291: 26 | K291: 11
A292: 10 | B292: 5 | C292: ▼5 | D292: 164 | F292: Hills | G292: 24 | H292: JansenElineVolkerWessels Cycling Team | I292: VolkerWessels Cycling Team | J292: 26
A293: 11 | B293: 6 | C293: ▼5 | D293: 154 | F293: Hills | G293: 24 | H293: ErasoIdoiaLaboral Kutxa - Fundación Euskadi | I293: Laboral Kutxa - Fundación Euskadi | J293: 25
A294: 12 | B294: 7 | C294: ▼5 | D294: 153 | F294: Climber | G294: 28 | H294: BiriukovaYuliiaLaboral Kutxa - Fundación Euskadi | I294: Laboral Kutxa - Fundación Euskadi | J294: 25
A295: 13 | B295: 8 | C295: ▼5 | D295: 11 | F295: Classic | G295: 29 | H295: VolleringDemiFDJ United - SUEZ | I295: FDJ United - SUEZ | J295: 20
A296: 14 | B296: 10 | C296: ▼4 | D296: 166 | F296: TT | G296: 23 | H296: RijnbeekMaudVolkerWessels Cycling Team | I296: VolkerWessels Cycling Team | J296: 20
A297: 15 | D297: 151 | F297: Hills | G297: 28 | H297: OstolazaUsoaLaboral Kutxa - Fundación Euskadi | I297: Laboral Kutxa - Fundación Euskadi | J297: 19 | K297: 19
A298: 16 | B298: 31 | C298: ▲15 | D298: 36 | F298: Classic | G298: 29 | H298: PersicoSilviaUAE Team L'IMAD | I298: UAE Team L'IMAD | J298: 19 | K298: 10
...

Sheet Tabelle10
A1: Rnk | B1: GC | C1: Timelag | D1: BIB | E1: H2H | F1: Specialty | G1: Age | H1: Rider | I1: Team | J1: UCI | K1: Pnt | M1: Time | N1: Avg
A2: 1 | B2: 1 | C2: +0:00 | D2: 51 | F2: TT | G2: 34 | H2: ReusserMarlenMovistar Team | I2: Movistar Team | J2: 210 | K2: 50 | M2: 27.30,09 | N2: 45816
A3: 2 | B3: 65 | C3: +17:53 | D3: 5 | F3: TT | G3: 25 | H3: NooijenLiekeTeam Visma | Lease a Bike | I3: Team Visma | Lease a Bike | J3: 150 | K3: 30 | M3: 0.04,08 | N3: 45703
A4: 3 | B4: 2 | C4: +0:14 | D4: 11 | F4: Classic | G4: 29 | H4: VolleringDemiFDJ United - SUEZ | I4: FDJ United - SUEZ | J4: 110 | K4: 18 | M4: 0.17,92 | N4: 45323
A5: 4 | B5: 34 | C5: +4:32 | D5: 22 | F5: TT | G5: 21 | H5: BäckstedtZoeCANYON//SRAM | I5: CANYON//SRAM | J5: 90 | K5: 13 | M5: 0.19,91 | N5: 45269
A6: 5 | B6: 64 | C6: +17:45 | D6: 42 | F6: Hills | G6: 26 | H6: BredewoldMischaTeam SD Worx - Protime | I6: Team SD Worx - Protime | J6: 70 | K6: 10 | M6: 0.45,42 | N6: 44588
A7: 6 | B7: 38 | C7: +6:14 | D7: 84 | F7: Classic | G7: 33 | H7: FaulknerKristenEF Education-Oatly | I7: EF Education-Oatly | J7: 55 | K7: 7 | M7: 0.54,43 | N7: 44353
A8: 7 | B8: 3 | C8: +0:54 | D8: 85 | F8: Hills | G8: 25 | H8: KerbaolCédrineEF Education-Oatly | I8: EF Education-Oatly | J8: 45 | K8: 4 | M8: 0.54,6 | N8: 44348
A9: 8 | B9: 91 | C9: +27:00 | D9: 93 | F9: Hills | G9: 33 | H9: MarkusRiejanneLidl - Trek | I9: Fenix-Premier Tech | J9: 40 | K9: 3 | M9: 0.55,01 | N9: 44338
A10: 9 | B10: 28 | C10: +3:47 | D10: 66 | F10: TT | G10: 31 | H10: ClaesLotteFenix-Premier Tech | I10: Lidl - Trek | J10: 35 | K10: 2 | M10: 1.00,95 | N10: 44184
A11: 10 | B11: 5 | C11: +1:03 | D11: 35 | F11: Classic | G11: 34 | H11: Longo BorghiniElisaUAE Team L'IMAD | I11: UAE Team L'IMAD | J11: 30 | K11: 1 | M11: 1.03,23 | N11: 44125
A12: 11 | B12: 7 | C12: +1:12 | D12: 32 | F12: Hills | G12: 23 | H12: BlasiPaulaUAE Team L'IMAD | I12: UAE Team L'IMAD | J12: 25 | M12: 1.04,7 | N12: 44087
A13: 12 | B13: 79 | C13: +22:38 | D13: 94 | F13: Classic | G13: 22 | H13: CouzensMillieFenix-Premier Tech | I13: Fenix-Premier Tech | J13: 20 | M13: 1.08,84 | N13: 43981
A14: 13 | B14: 6 | C14: +1:09 | D14: 21 | F14: Classic | G14: 31 | H14: NiewiadomaKasiaCANYON//SRAM | I14: CANYON//SRAM | J14: 15 | M14: 1.08,93 | N14: 43979
A15: 14 | B15: 8 | C15: +1:17 | D15: 41 | F15: Classic | G15: 36 | H15: van der BreggenAnnaTeam SD Worx - Protime | I15: Team SD Worx - Protime | J15: 10 | M15: 1.09,89 | N15: 43954
A16: 15 | B16: 10 | C16: +1:47 | D16: 3 | F16: Hills | G16: 32 | H16: de VriesFemkeTeam Visma | Lease a Bike | I16: Team Visma | Lease a Bike | J16: 5 | M16: 1.17,01 | N16: 43773
A17: 16 | B17: 119 | C17: +42:13 | D17: 181 | F17: TT | G17: 30 | H17: TasSandrineLotto Intermarché Ladies | I17: Lotto Intermarché Ladies | M17: 1.19,3 | N17: 43715
A18: 17 | B18: 129 | C18: +45:27 | D18: 196 | F18: TT | G18: 26 | H18: Le MouëlCéliaMa Petite Entreprise | I18: Ma Petite Entreprise | M18: 1.20,26 | N18: 43691
A19: 18 | B19: 11 | C19: +1:59 | D19: 31 | F19: Hills | G19: 25 | H19: WłodarczykDominikaUAE Team L'IMAD | I19: UAE Team L'IMAD | M19: 1.22,43 | N19: 43636
A20: 19 | B20: 17 | C20: +2:30 | D20: 46 | F20: GC | G20: 22 | H20: KochFranziskaFDJ United - SUEZ | I20: Team SD Worx - Protime | M20: 1.25,28 | N20: 43564
A21: 20 | B21: 69 | C21: +20:22 | D21: 14 | F21: Classic | G21: 26 | H21: VinkeNienkeTeam SD Worx - Protime | I21: FDJ United - SUEZ | M21: 1.27,84 | N21: 43500
A22: 21 | B22: 104 | C22: +34:16 | D22: 4 | F22: TT | G22: 23 | H22: HengeveldDaniekTeam Visma | Lease a Bike | I22: Team Visma | Lease a Bike | M22: 1.29,1 | N22: 43469
A23: 22 | B23: 13 | C23: +2:11 | D23: 171 | F23: Hills | G23: 31 | H23: AalerudKatrineUno-X Mobility | I23: Uno-X Mobility | M23: 1.34,59 | N23: 43332
A24: 23 | B24: 95 | C24: +30:27 | D24: 103 | F24: Hills | G24: 23 | H24: CipressiCarlottaHuman Powered Health | I24: Human Powered Health | M24: 1.34,99 | N24: 43322
A25: 24 | B25: 9 | C25: +1:43 | D25: 25 | F25: GC | G25: 23 | H25: NiedermaierAntoniaCANYON//SRAM | I25: CANYON//SRAM | M25: 1.35,66 | N25: 43305
A26: 25 | B26: 73 | C26: +21:04 | D26: 107 | F26: Classic | G26: 32 | H26: WilliamsLilyHuman Powered Health | I26: Human Powered Health | M26: 1.37,3 | N26: 43265
A27: 26 | B27: 53 | C27: +9:27 | D27: 6 | F27: Hills | G27: 24 | H27: Van DamSarahTeam Visma | Lease a Bike | I27: Team Visma | Lease a Bike | M27: 1.44,41 | N27: 43089
A28: 27 | B28: 66 | C28: +18:56 | D28: 47 | F28: Sprint | G28: 27 | H28: WiebesLorenaTeam SD Worx - Protime | I28: Team SD Worx - Protime | M28: 1.45,08 | N28: 43073
... A139: 138 | B139: 138 | C139: +1:03:37 | D139: 146 | F139: TT | G139: 26 | H139: LudwigHannahCofidis Women Team | I139: Cofidis Women Team | M139: 6.17,78 | N139: 37280
A141: Rnk | B141: Prev | C141: ▼▲ | D141: BIB | E141: H2H | F141: Specialty | G141: Age | H141: Rider | I141: Team | J141: UCI | L141: Time | M141: Time won/lost
A142: 1 | B142: 11 | C142: ▲10 | D142: 51 | F142: TT | G142: 34 | H142: ReusserMarlenMovistar Team | I142: Movistar Team | J142: 25 | L142: 11:47:36 11:47:36 | M142: ..
A143: 2 | B143: 3 | C143: ▲1 | D143: 11 | F143: Classic | G143: 29 | H143: VolleringDemiFDJ United - SUEZ | I143: FDJ United - SUEZ | K143: 4″ | L143: 0:140:14 | M143: ..
A144: 3 | B144: 6 | C144: ▲3 | D144: 85 | F144: Hills | G144: 25 | H144: KerbaolCédrineEF Education-Oatly | I144: EF Education-Oatly | L144: 0:540:54 | M144: ..
A145: 4 | B145: 1 | C145: ▼3 | D145: 174 | F145: Hills | G145: 27 | H145: HaugsetSigrid YtterhusUno-X Mobility | I145: Uno-X Mobility | K145: 16″ | L145: 0:560:56 | M145: ..
A146: 5 | B146: 7 | C146: ▲2 | D146: 35 | F146: Classic | G146: 34 | H146: Longo BorghiniElisaUAE Team L'IMAD | I146: UAE Team L'IMAD | L146: 1:031:03 | M146: ..
A147: 6 | B147: 8 | C147: ▲2 | D147: 21 | F147: Classic | G147: 31 | H147: NiewiadomaKasiaCANYON//SRAM | I147: CANYON//SRAM | L147: 1:091:09 | M147: ..
A148: 7 | B148: 13 | C148: ▲6 | D148: 32 | F148: Hills | G148: 23 | H148: BlasiPaulaUAE Team L'IMAD | I148: UAE Team L'IMAD | L148: 1:121:12 | M148: ..
A149: 8 | B149: 18 | C149: ▲10 | D149: 41 | F149: Classic | G149: 36 | H149: van der BreggenAnnaTeam SD Worx - Protime | I149: Team SD Worx - Protime | L149: 1:171:17 | M149: ..
A150: 9 | B150: 16 | C150: ▲7 | D150: 25 | F150: GC | G150: 23 | H150: NiedermaierAntoniaCANYON//SRAM | I150: CANYON//SRAM | L150: 1:431:43 | M150: ..
A151: 10 | B151: 26 | C151: ▲16 | D151: 3 | F151: Hills | G151: 32 | H151: de VriesFemkeTeam Visma | Lease a Bike | I151: Team Visma | Lease a Bike | L151: 1:471:47 | M151: ..
A152: 11 | B152: 27 | C152: ▲16 | D152: 31 | F152: Hills | G152: 25 | H152: WłodarczykDominikaUAE Team L'IMAD | I152: UAE Team L'IMAD | L152: 1:591:59 | M152: ..
A153: 12 | B153: 15 | C153: ▲3 | D153: 65 | F153: Climber | G153: 21 | H153: HolmgrenIsabellaLidl - Trek | I153: Lidl - Trek | L153: 2:082:08 | M153: ..
A154: 13 | B154: 29 | C154: ▲16 | D154: 171 | F154: Hills | G154: 31 | H154: AalerudKatrineUno-X Mobility | I154: Uno-X Mobility | L154: 2:112:11 | M154: ..
A155: 14 | B155: 10 | C155: ▼4 | D155: 1 | F155: Classic | G155: 34 | H155: Ferrand-PrévotPaulineTeam Visma | Lease a Bike | I155: Team Visma | Lease a Bike | L155: 2:132:13 | M155: ..
A156: 15 | B156: 2 | C156: ▼13 | D156: 71 | F156: Classic | G156: 30 | H156: Le Court-PienaarKimAG Insurance - Soudal Team | I156: AG Insurance - Soudal Team | K156: 8″ | L156: 2:152:15 | M156: ..
A157: 16 | B157: 20 | C157: ▲4 | D157: 111 | F157: Hills | G157: 27 | H157: Trinca ColonelMonicaLiv AlUla Jayco | I157: Liv AlUla Jayco | L157: 2:292:29 | M157: ..
A158: 17 | B158: 32 | C158: ▲15 | D158: 46 | F158: GC | G158: 22 | H158: VinkeNienkeTeam SD Worx - Protime | I158: Team SD Worx - Protime | L158: 2:302:30 | M158: ..
A159: 18 | B159: 17 | C159: ▼1 | D159: 12 | F159: GC | G159: 27 | H159: BerthetJulietteFDJ United - SUEZ | I159: FDJ United - SUEZ | L159: 2:522:52 | M159: ..
A160: 19 | B160: 14 | C160: ▼5 | D160: 34 | F160: Hills | G160: 42 | H160: GarcíaMaviUAE Team L'IMAD | I160: UAE Team L'IMAD | L160: 2:552:55 | M160: ..
A161: 20 | B161: 4 | C161: ▼16 | D161: 86 | F161: Classic | G161: 25 | H161: RüeggNoemiEF Education-Oatly | I161: EF Education-Oatly | L161: 3:013:01 | M161: ..
A162: 21 | B162: 21 | C162: - | D162: 131 | F162: Hills | G162: 29 | H162: MorierÉmilieSt Michel - Preference Home - Auber93 | I162: St Michel - Preference Home - Auber93 | L162: 3:023:02 | M162: ..
A163: 22 | B163: 19 | C163: ▼3 | D163: 104 | F163: TT | G163: 32 | H163: de JongThalitaHuman Powered Health | I163: Human Powered Health | L163: 3:043:04 | M163: ..
A164: 23 | B164: 12 | C164: ▼11 | D164: 64 | F164: GC | G164: 25 | H164: Fisher-BlackNiamhLidl - Trek | I164: Lidl - Trek | L164: 3:073:07 | M164: ..
A165: 24 | B165: 5 | C165: ▼19 | D165: 7 | F165: Classic | G165: 39 | H165: VosMarianneTeam Visma | Lease a Bike | I165: Team Visma | Lease a Bike | K165: 8″ | L165: 3:153:15 | M165: ..
A166: 25 | B166: 33 | C166: ▲8 | D166: 102 | F166: Hills | G166: 28 | H166: BuijsmanNinaHuman Powered Health | I166: Human Powered Health | L166: 3:263:26 | M166: ..
A167: 26 | B167: 9 | C167: ▼17 | D167: 91 | F167: Classic | G167: 24 | H167: PietersePuckFenix-Premier Tech | I167: Fenix-Premier Tech | L167: 3:383:38 | M167: ..
A168: 27 | B168: 24 | C168: ▼3 | D168: 95 | F168: GC | G168: 28 | H168: KastelijnYaraFenix-Premier Tech | I168: Fenix-Premier Tech | L168: 3:403:40 | M168: ..
A169: 28 | B169: 37 | C169: ▲9 | D169: 66 | F169: TT | G169: 31 | H169: MarkusRiejanneLidl - Trek | I169: Lidl - Trek | L169: 3:473:47 | M169: ..
A170: 29 | B170: 31 | C170: ▲2 | D170: 157 | F170: Hills | G170: 28 | H170: SilvestriDeboraLaboral Kutxa - Fundación Euskadi | I170: Laboral Kutxa - Fundación Euskadi | L170: 3:513:51 | M170: ..
A171: 30 | B171: 23 | C171: ▼7 | D171: 151 | F171: Hills | G171: 28 | H171: OstolazaUsoaLaboral Kutxa - Fundación Euskadi | I171: Laboral Kutxa - Fundación Euskadi | L171: 4:004:00 | M171: ..
A172: 31 | B172: 25 | C172: ▼6 | D172: 13 | F172: Classic | G172: 20 | H172: GeryCéliaFDJ United - SUEZ | I172: FDJ United - SUEZ | L172: 4:014:01 | M172: ..
A173: 32 | B173: 30 | C173: ▼2 | D173: 45 | F173: Classic | G173: 30 | H173: KopeckyLotteTeam SD Worx - Protime | I173: Team SD Worx - Protime | K173: 10″ | L173: 4:174:17 | M173: ..
A174: 33 | B174: 22 | C174: ▼11 | D174: 141 | F174: Hills | G174: 22 | H174: MulMalwinaCofidis Women Team | I174: Cofidis Women Team | L174: ,,4:17 | M174: ..
A175: 34 | B175: 40 | C175: ▲6 | D175: 22 | F175: TT | G175: 21 | H175: BäckstedtZoeCANYON//SRAM | I175: CANYON//SRAM | L175: 4:324:32 | M175: ..
A176: 35 | B176: 34 | C176: ▼1 | D176: 76 | F176: Hills | G176: 30 | H176: GhekiereJustineAG Insurance - Soudal Team | I176: AG Insurance - Soudal Team | L176: 5:015:01 | M176: ..
A177: 36 | B177: 28 | C177: ▼8 | D177: 193 | F177: Hills | G177: 28 | H177: AsencioLauraMa Petite Entreprise | I177: Ma Petite Entreprise | L177: 5:135:13 | M177: ..
A178: 37 | B178: 35 | C178: ▼2 | D178: 24 | F178: Classic | G178: 30 | H178: KlöserRosa MariaCANYON//SRAM | I178: CANYON//SRAM | L178: 5:315:31 | M178: ..
A179: 38 | B179: 49 | C179: ▲11 | D179: 84 | F179: Classic | G179: 33 | H179: FaulknerKristenEF Education-Oatly | I179: EF Education-Oatly | L179: 6:146:14 | M179: ..
A180: 39 | B180: 43 | C180: ▲4 | D180: 37 | F180: Hills | G180: 24 | H180: SquibanMaevaUAE Team L'IMAD | I180: UAE Team L'IMAD | L180: 6:166:16 | M180: ..
A181: 40 | B181: 38 | C181: ▼2 | D181: 67 | F181: Classic | G181: 38 | H181: SprattAmandaLidl - Trek | I181: Lidl - Trek | L181: 6:316:31 | M181: ..
A182: 41 | B182: 45 | C182: ▲4 | D182: 113 | F182: TT | G182: 25 | H182: GontovaNadiaLiv AlUla Jayco | I182: Liv AlUla Jayco | L182: 6:506:50 | M182: ..
A183: 42 | B183: 36 | C183: ▼6 | D183: 191 | F183: Climber | G183: 22 | H183: LatimierClémenceMa Petite Entreprise | I183: Ma Petite Entreprise | L183: 6:516:51 | M183: ..
A184: 43 | B184: 41 | C184: ▼2 | D184: 136 | F184: Hills | G184: 22 | H184: MullerSolèneSt Michel - Preference Home - Auber93 | I184: St Michel - Preference Home - Auber93 | L184: 7:027:02 | M184: ..
A185: 44 | B185: 39 | C185: ▼5 | D185: 147 | F185: Hills | G185: 29 | H185: NoskováNikolaCofidis Women Team | I185: Cofidis Women Team | L185: 7:347:34 | M185: ..
... A206: 65 | B206: 69 | C206: ▲4 | D206: 5 | F206: TT | G206: 25 | H206: NooijenLiekeTeam Visma | Lease a Bike | I206: Team Visma | Lease a Bike | L206: 17:5317:53 | M206: ..
A207: 66 | B207: 67 | C207: ▲1 | D207: 47 | F207: Sprint | G207: 27 | H207: WiebesLorenaTeam SD Worx - Protime | I207: Team SD Worx - Protime | K207: 20″ | L207: 18:5618:56 | M207: ..
A208: 67 | B208: 64 | C208: ▼3 | D208: 54 | F208: Hills | G208: 28 | H208: LippertLianeMovistar Team | I208: Movistar Team | L208: 18:5818:58 | M208: ..
A209: 68 | B209: 71 | C209: ▲3 | D209: 117 | F209: GC | G209: 25 | H209: SmuldersSilkeLiv AlUla Jayco | I209: Liv AlUla Jayco | L209: 20:1920:19 | M209: ..
A210: 69 | B210: 78 | C210: ▲9 | D210: 14 | F210: Classic | G210: 26 | H210: KochFranziskaFDJ United - SUEZ | I210: FDJ United - SUEZ | L210: 20:2220:22 | M210: ..
A211: 70 | B211: 70 | C211: - | D211: 124 | F211: Classic | G211: 25 | H211: GeorgiPfeifferTeam Picnic PostNL | I211: Team Picnic PostNL | L211: 20:2620:26 | M211: ..
A212: 71 | B212: 65 | C212: ▼6 | D212: 127 | F212: Hills | G212: 24 | H212: NelsonJosieTeam Picnic PostNL | I212: Team Picnic PostNL | L212: 20:5820:58 | M212: ..
A213: 72 | B213: 73 | C213: ▲1 | D213: 61 | F213: Classic | G213: 28 | H213: BalsamoElisaLidl - Trek | I213: Lidl - Trek | K213: 6″ | L213: ,,20:58 | M213: ..
A214: 73 | B214: 79 | C214: ▲6 | D214: 107 | F214: Classic | G214: 32 | H214: WilliamsLilyHuman Powered Health | I214: Human Powered Health | L214: 21:0421:04 | M214: ..
A215: 74 | B215: 72 | C215: ▼2 | D215: 164 | F215: Hills | G215: 24 | H215: JansenElineVolkerWessels Cycling Team | I215: VolkerWessels Cycling Team | L215: 21:0821:08 | M215: ..
A216: 75 | B216: 68 | C216: ▼7 | D216: 74 | F216: Sprint | G216: 25 | H216: BossuytShariAG Insurance - Soudal Team | I216: AG Insurance - Soudal Team | L216: 21:1421:14 | M216: ..
A217: 76 | B217: 75 | C217: ▼1 | D217: 186 | F217: Hills | G217: 23 | H217: RiedmannLindaLotto Intermarché Ladies | I217: Lotto Intermarché Ladies | L217: 21:3121:31 | M217: ..
A218: 77 | B218: 74 | C218: ▼3 | D218: 142 | F218: Classic | G218: 21 | H218: BegoJulieCofidis Women Team | I218: Cofidis Women Team | L218: 21:4021:40 | M218: ..
A219: 78 | B219: 81 | C219: ▲3 | D219: 82 | F219: Classic | G219: 25 | H219: BertonNinaEF Education-Oatly | I219: EF Education-Oatly | L219: 22:2622:26 | M219: ..
A220: 79 | B220: 85 | C220: ▲6 | D220: 94 | F220: Classic | G220: 22 | H220: CouzensMillieFenix-Premier Tech | I220: Fenix-Premier Tech | L220: 22:3822:38 | M220: ..
A221: 80 | B221: 76 | C221: ▼4 | D221: 105 | F221: Climber | G221: 26 | H221: MalcottiBarbaraHuman Powered Health | I221: Human Powered Health | L221: 22:5622:56 | M221: ..
A222: 81 | B222: 80 | C222: ▼1 | D222: 73 | F222: Hills | G222: 27 | H222: BorghesiLetiziaAG Insurance - Soudal Team | I222: AG Insurance - Soudal Team | L222: 23:2423:24 | M222: ..
A223: 82 | B223: 77 | C223: ▼5 | D223: 175 | F223: Hills | G223: 32 | H223: KosterAnouskaUno-X Mobility | I223: Uno-X Mobility | L223: 23:2523:25 | M223: ..
A224: 83 | B224: 84 | C224: ▲1 | D224: 116 | F224: Hills | G224: 27 | H224: Roseman-GannonRubyLiv AlUla Jayco | I224: Liv AlUla Jayco | L224: 24:1724:17 | M224: ..
A225: 84 | B225: 89 | C225: ▲5 | D225: 112 | F225: Classic | G225: 20 | H225: CouplandMackenzieLiv AlUla Jayco | I225: Liv AlUla Jayco | L225: 25:1025:10 | M225: ..
... A279: 138 | B279: 137 | C279: ▼1 | D279: 146 | F279: TT | G279: 26 | H279: LudwigHannahCofidis Women Team | I279: Cofidis Women Team | L279: 1:03:371:03:37 | M279: ..
A281: Rnk | B281: Prev | C281: ▼▲ | D281: BIB | E281: H2H | F281: Specialty | G281: Age | H281: Rider | I281: Team | J281: Pnt | K281: Today
A282: 1 | B282: 1 | C282: - | D282: 47 | F282: Sprint | G282: 27 | H282: WiebesLorenaTeam SD Worx - Protime | I282: Team SD Worx - Protime | J282: 111
A283: 2 | B283: 2 | C283: - | D283: 174 | F283: Hills | G283: 27 | H283: HaugsetSigrid YtterhusUno-X Mobility | I283: Uno-X Mobility | J283: 55
A284: 3 | B284: 3 | C284: - | D284: 86 | F284: Classic | G284: 25 | H284: RüeggNoemiEF Education-Oatly | I284: EF Education-Oatly | J284: 52
A285: 4 | B285: 4 | C285: - | D285: 45 | F285: Classic | G285: 30 | H285: KopeckyLotteTeam SD Worx - Protime | I285: Team SD Worx - Protime | J285: 51
...

Sheet Tabelle11
A1: Rnk | B1: GC | C1: Timelag | D1: BIB | E1: H2H | F1: Specialty | G1: Age | H1: Rider | I1: Team | J1: UCI | K1: Pnt | M1: Time
A2: 1 | B2: 2 | C2: +0:12 | D2: 11 | F2: Classic | G2: 29 | H2: VolleringDemiFDJ United - SUEZ | I2: FDJ United - SUEZ | J2: 210 | K2: 50 | L2: 14″ | M2: 3:53:543:53:54
A3: 2 | B3: 1 | C3: +0:00 | D3: 51 | F3: TT | G3: 34 | H3: ReusserMarlenMovistar Team | I3: Movistar Team | J3: 150 | K3: 30 | L3: 12″ | M3: ,,0:00
A4: 3 | B4: 3 | C4: +1:17 | D4: 21 | F4: Classic | G4: 31 | H4: NiewiadomaKasiaCANYON//SRAM | I4: CANYON//SRAM | J4: 110 | K4: 18 | L4: 4″ | M4: ,,0:00
A5: 4 | B5: 5 | C5: +2:54 | D5: 31 | F5: Hills | G5: 25 | H5: WłodarczykDominikaUAE Team L'IMAD | I5: UAE Team L'IMAD | J5: 90 | K5: 13 | L5: 2″ | M5: 0:450:45
A6: 5 | B6: 7 | C6: +3:05 | D6: 65 | F6: Climber | G6: 21 | H6: HolmgrenIsabellaLidl - Trek | I6: Lidl - Trek | J6: 70 | K6: 10 | M6: ,,0:45
A7: 6 | B7: 4 | C7: +2:40 | D7: 25 | F7: GC | G7: 23 | H7: NiedermaierAntoniaCANYON//SRAM | I7: CANYON//SRAM | J7: 55 | K7: 7 | M7: ,,0:45
A8: 7 | B8: 11 | C8: +3:54 | D8: 46 | F8: GC | G8: 22 | H8: VinkeNienkeTeam SD Worx - Protime | I8: Team SD Worx - Protime | J8: 45 | K8: 4 | M8: 1:121:12
A9: 8 | B9: 8 | C9: +3:11 | D9: 3 | F9: Hills | G9: 32 | H9: de VriesFemkeTeam Visma | Lease a Bike | I9: Team Visma | Lease a Bike | J9: 40 | K9: 3 | M9: ,,1:12
A10: 9 | B10: 14 | C10: +4:28 | D10: 104 | F10: TT | G10: 32 | H10: Fisher-BlackNiamh Lidl - Trek | I10: Human Powered Health | J10: 35 | K10: 2 | M10: ,,1:12
A11: 10 | B11: 15 | C11: +4:34 | D11: 64 | F11: GC | G11: 25 | H11: de JongThalitaHuman Powered Health | I11: Lidl - Trek | J11: 30 | K11: 1 | M11: 1:151:15
A12: 11 | B12: 18 | C12: +5:33 | D12: 91 | F12: Classic | G12: 24 | H12: PietersePuckFenix-Premier Tech | I12: Fenix-Premier Tech | J12: 25 | M12: 1:431:43
A13: 12 | B13: 13 | C13: +4:10 | D13: 71 | F13: Classic | G13: 30 | H13: Le Court-PienaarKimAG Insurance - Soudal Team | I13: AG Insurance - Soudal Team | J13: 20 | M13: ,,1:43
A14: 13 | B14: 16 | C14: +4:47 | D14: 12 | F14: GC | G14: 27 | H14: BerthetJulietteFDJ United - SUEZ | I14: FDJ United - SUEZ | J14: 15 | M14: ,,1:43
A15: 14 | B15: 6 | C15: +2:58 | D15: 35 | F15: Classic | G15: 34 | H15: Longo BorghiniElisaUAE Team L'IMAD | I15: UAE Team L'IMAD | J15: 10 | M15: ,,1:43
A16: 15 | B16: 10 | C16: +3:51 | D16: 32 | F16: Hills | G16: 23 | H16: BlasiPaulaUAE Team L'IMAD | I16: UAE Team L'IMAD | J16: 5 | M16: 2:272:27
A17: 16 | B17: 23 | C17: +9:10 | D17: 67 | F17: Classic | G17: 38 | H17: SprattAmandaLidl - Trek | I17: Lidl - Trek | M17: ,,2:27
A18: 17 | B18: 9 | C18: +3:41 | D18: 85 | F18: Hills | G18: 25 | H18: KerbaolCédrineEF Education-Oatly | I18: EF Education-Oatly | M18: 2:352:35
A19: 18 | B19: 12 | C19: +4:04 | D19: 41 | F19: Classic | G19: 36 | H19: van der BreggenAnnaTeam SD Worx - Protime | I19: Team SD Worx - Protime | M19: ,,2:35
A20: 19 | B20: 17 | C20: +5:00 | D20: 1 | F20: Classic | G20: 34 | H20: Ferrand-PrévotPaulineTeam Visma | Lease a Bike | I20: Team Visma | Lease a Bike | J20: -15 | M20: ,,2:35
A21: 20 | B21: 19 | C21: +7:52 | D21: 76 | F21: Hills | G21: 30 | H21: GhekiereJustineAG Insurance - Soudal Team | I21: AG Insurance - Soudal Team | M21: 2:392:39
A22: 21 | B22: 86 | C22: +48:59 | D22: 196 | F22: TT | G22: 26 | H22: Le MouëlCéliaMa Petite Entreprise | I22: Ma Petite Entreprise | M22: 3:203:20
A23: 22 | B23: 30 | C23: +11:42 | D23: 81 | F23: Classic | G23: 24 | H23: VallieresMagdeleineEF Education-Oatly | I23: EF Education-Oatly | M23: 3:273:27
A24: 23 | B24: 31 | C24: +12:04 | D24: 37 | F24: Hills | G24: 24 | H24: SquibanMaevaUAE Team L'IMAD | I24: UAE Team L'IMAD | M24: 5:365:36
A25: 24 | B25: 21 | C25: +8:43 | D25: 34 | F25: Hills | G25: 42 | H25: GarcíaMaviUAE Team L'IMAD | I25: UAE Team L'IMAD | M25: ,,5:36
A26: 25 | B26: 25 | C26: +9:29 | D26: 131 | F26: Hills | G26: 29 | H26: MorierÉmilieSt Michel - Preference Home - Auber93 | I26: St Michel - Preference Home - Auber93 | M26: 6:156:15
A27: 26 | B27: 26 | C27: +9:53 | D27: 102 | F27: Hills | G27: 28 | H27: BuijsmanNinaHuman Powered Health | I27: Human Powered Health | M27: ,,6:15
A28: 27 | B28: 77 | C28: +44:25 | D28: 197 | F28: Hills | G28: 24 | H28: MahéOcéaneMa Petite Entreprise | I28: Ma Petite Entreprise | M28: ,,6:15
A29: 28 | B29: 45 | C29: +23:28 | D29: 201 | F29: Hills | G29: 27 | H29: PerekitkoKarolinaMayenne Monbana My Pie | I29: Mayenne Monbana My Pie | M29: ,,6:15
A30: 29 | B30: 20 | C30: +8:38 | D30: 171 | F30: Hills | G30: 31 | H30: AalerudKatrineUno-X Mobility | I30: Uno-X Mobility | M30: ,,6:15
A31: 30 | B31: 33 | C31: +13:17 | D31: 113 | F31: TT | G31: 25 | H31: GontovaNadiaLiv AlUla Jayco | I31: Liv AlUla Jayco | M31: ,,6:15
A32: 31 | B32: 29 | C32: +11:40 | D32: 193 | F32: Hills | G32: 28 | H32: AsencioLauraMa Petite Entreprise | I32: Ma Petite Entreprise | M32: ,,6:15
... A136: 135 | B136: 129 | C136: +1:15:22 | D136: 135 | F136: Classic | G136: 37 | H136: JacksonAlisonSt Michel - Preference Home - Auber93 | I136: St Michel - Preference Home - Auber93 | M136: ,,30:08
A137: DNF | D137: 134 | F137: Hills | G137: 26 | H137: GrangierIndiaSt Michel - Preference Home - Auber93 | I137: St Michel - Preference Home - Auber93
A138: DNS | D138: 172 | F138: Classic | G138: 30 | H138: BeekhuisTeuntjeUno-X Mobility | I138: Uno-X Mobility
A139: DNS | D139: 146 | F139: TT | G139: 26 | H139: LudwigHannahCofidis Women Team | I139: Cofidis Women Team
A141: Rnk | B141: Prev | C141: ▼▲ | D141: BIB | E141: H2H | F141: Specialty | G141: Age | H141: Rider | I141: Team | J141: UCI | L141: Time | M141: Time won/lost
A142: 1 | B142: 1 | C142: - | D142: 51 | F142: TT | G142: 34 | H142: ReusserMarlenMovistar Team | I142: Movistar Team | J142: 25 | K142: 12″ | L142: 15:41:18 15:41:18 | M142: ..
A143: 2 | B143: 2 | C143: - | D143: 11 | F143: Classic | G143: 29 | H143: VolleringDemiFDJ United - SUEZ | I143: FDJ United - SUEZ | K143: 18″ | L143: 0:120:12 | M143: ..
A144: 3 | B144: 6 | C144: ▲3 | D144: 21 | F144: Classic | G144: 31 | H144: NiewiadomaKasiaCANYON//SRAM | I144: CANYON//SRAM | K144: 4″ | L144: 1:171:17 | M144: ..
A145: 4 | B145: 9 | C145: ▲5 | D145: 25 | F145: GC | G145: 23 | H145: NiedermaierAntoniaCANYON//SRAM | I145: CANYON//SRAM | L145: 2:402:40 | M145: ..
A146: 5 | B146: 11 | C146: ▲6 | D146: 31 | F146: Hills | G146: 25 | H146: WłodarczykDominikaUAE Team L'IMAD | I146: UAE Team L'IMAD | K146: 2″ | L146: 2:542:54 | M146: ..
A147: 6 | B147: 5 | C147: ▼1 | D147: 35 | F147: Classic | G147: 34 | H147: Longo BorghiniElisaUAE Team L'IMAD | I147: UAE Team L'IMAD | L147: 2:582:58 | M147: ..
A148: 7 | B148: 12 | C148: ▲5 | D148: 65 | F148: Climber | G148: 21 | H148: HolmgrenIsabellaLidl - Trek | I148: Lidl - Trek | L148: 3:053:05 | M148: ..
A149: 8 | B149: 10 | C149: ▲2 | D149: 3 | F149: Hills | G149: 32 | H149: de VriesFemkeTeam Visma | Lease a Bike | I149: Team Visma | Lease a Bike | L149: 3:113:11 | M149: ..
A150: 9 | B150: 3 | C150: ▼6 | D150: 85 | F150: Hills | G150: 25 | H150: BlasiPaulaUAE Team L'IMAD | I150: EF Education-Oatly | L150: 3:413:41 | M150: ..
A151: 10 | B151: 7 | C151: ▼3 | D151: 32 | F151: Hills | G151: 23 | H151: KerbaolCédrineEF Education-Oatly | I151: UAE Team L'IMAD | L151: 3:513:51 | M151: ..
A152: 11 | B152: 17 | C152: ▲6 | D152: 46 | F152: GC | G152: 22 | H152: VinkeNienkeTeam SD Worx - Protime | I152: Team SD Worx - Protime | L152: 3:543:54 | M152: ..
A153: 12 | B153: 8 | C153: ▼4 | D153: 41 | F153: Classic | G153: 36 | H153: van der BreggenAnnaTeam SD Worx - Protime | I153: Team SD Worx - Protime | L153: 4:044:04 | M153: ..
A154: 13 | B154: 15 | C154: ▲2 | D154: 71 | F154: Classic | G154: 30 | H154: Le Court-PienaarKimAG Insurance - Soudal Team | I154: AG Insurance - Soudal Team | K154: 8″ | L154: 4:104:10 | M154: ..
A155: 14 | B155: 22 | C155: ▲8 | D155: 104 | F155: TT | G155: 32 | H155: de JongThalitaHuman Powered Health | I155: Human Powered Health | L155: 4:284:28 | M155: ..
A156: 15 | B156: 23 | C156: ▲8 | D156: 64 | F156: GC | G156: 25 | H156: Fisher-BlackNiamhLidl - Trek | I156: Lidl - Trek | L156: 4:344:34 | M156: ..
A157: 16 | B157: 18 | C157: ▲2 | D157: 12 | F157: GC | G157: 27 | H157: BerthetJulietteFDJ United - SUEZ | I157: FDJ United - SUEZ | L157: 4:474:47 | M157: ..
A158: 17 | B158: 14 | C158: ▼3 | D158: 1 | F158: Classic | G158: 34 | H158: Ferrand-PrévotPaulineTeam Visma | Lease a Bike | I158: Team Visma | Lease a Bike | L158: 5:005:00 | M158: ..
A159: 18 | B159: 26 | C159: ▲8 | D159: 91 | F159: Classic | G159: 24 | H159: PietersePuckFenix-Premier Tech | I159: Fenix-Premier Tech | L159: 5:335:33 | M159: ..
A160: 19 | B160: 35 | C160: ▲16 | D160: 76 | F160: Hills | G160: 30 | H160: GhekiereJustineAG Insurance - Soudal Team | I160: AG Insurance - Soudal Team | L160: 7:527:52 | M160: ..
A161: 20 | B161: 13 | C161: ▼7 | D161: 171 | F161: Hills | G161: 31 | H161: AalerudKatrineUno-X Mobility | I161: Uno-X Mobility | L161: 8:388:38 | M161: ..
A162: 21 | B162: 19 | C162: ▼2 | D162: 34 | F162: Hills | G162: 42 | H162: GarcíaMaviUAE Team L'IMAD | I162: UAE Team L'IMAD | L162: 8:438:43 | M162: ..
A163: 22 | B163: 4 | C163: ▼18 | D163: 174 | F163: Hills | G163: 27 | H163: HaugsetSigrid YtterhusUno-X Mobility | I163: Uno-X Mobility | K163: 16″ | L163: 9:109:10 | M163: ..
A164: 23 | B164: 40 | C164: ▲17 | D164: 67 | F164: Classic | G164: 38 | H164: SprattAmandaLidl - Trek | I164: Lidl - Trek | L164: ,,9:10 | M164: ..
A165: 24 | B165: 20 | C165: ▼4 | D165: 86 | F165: Classic | G165: 25 | H165: RüeggNoemiEF Education-Oatly | I165: EF Education-Oatly | L165: 9:289:28 | M165: ..
A166: 25 | B166: 21 | C166: ▼4 | D166: 131 | F166: Hills | G166: 29 | H166: MorierÉmilieSt Michel - Preference Home - Auber93 | I166: St Michel - Preference Home - Auber93 | L166: 9:299:29 | M166: ..
A167: 26 | B167: 25 | C167: ▼1 | D167: 102 | F167: Hills | G167: 28 | H167: BuijsmanNinaHuman Powered Health | I167: Human Powered Health | L167: 9:539:53 | M167: ..
A168: 27 | B168: 29 | C168: ▲2 | D168: 157 | F168: Hills | G168: 28 | H168: SilvestriDeboraLaboral Kutxa - Fundación Euskadi | I168: Laboral Kutxa - Fundación Euskadi | L168: 10:1810:18 | M168: ..
A169: 28 | B169: 31 | C169: ▲3 | D169: 13 | F169: Classic | G169: 20 | H169: GeryCéliaFDJ United - SUEZ | I169: FDJ United - SUEZ | L169: 10:2810:28 | M169: ..
A170: 29 | B170: 36 | C170: ▲7 | D170: 193 | F170: Hills | G170: 28 | H170: AsencioLauraMa Petite Entreprise | I170: Ma Petite Entreprise | L170: 11:4011:40 | M170: ..
A171: 30 | B171: 45 | C171: ▲15 | D171: 81 | F171: Classic | G171: 24 | H171: VallieresMagdeleineEF Education-Oatly | I171: EF Education-Oatly | L171: 11:4211:42 | M171: ..
A172: 31 | B172: 39 | C172: ▲8 | D172: 37 | F172: Hills | G172: 24 | H172: SquibanMaevaUAE Team L'IMAD | I172: UAE Team L'IMAD | L172: 12:0412:04 | M172: ..
A173: 32 | B173: 38 | C173: ▲6 | D173: 84 | F173: Classic | G173: 33 | H173: FaulknerKristenEF Education-Oatly | I173: EF Education-Oatly | L173: 12:4112:41 | M173: ..
A174: 33 | B174: 41 | C174: ▲8 | D174: 113 | F174: TT | G174: 25 | H174: GontovaNadiaLiv AlUla Jayco | I174: Liv AlUla Jayco | L174: 13:1713:17 | M174: ..
A175: 34 | B175: 28 | C175: ▼6 | D175: 66 | F175: TT | G175: 31 | H175: MarkusRiejanneLidl - Trek | I175: Lidl - Trek | L175: 14:0114:01 | M175: ..
... A187: 46 | B187: 64 | C187: ▲18 | D187: 42 | F187: Hills | G187: 26 | H187: BredewoldMischaTeam SD Worx - Protime | I187: Team SD Worx - Protime | L187: 24:1224:12 | M187: ..
A188: 47 | B188: 32 | C188: ▼15 | D188: 45 | F188: Classic | G188: 30 | H188: KopeckyLotteTeam SD Worx - Protime | I188: Team SD Worx - Protime | K188: 10″ | L188: 24:3924:39 | M188: ..
A189: 48 | B189: 67 | C189: ▲19 | D189: 54 | F189: Hills | G189: 28 | H189: LippertLianeMovistar Team | I189: Movistar Team | L189: 25:2525:25 | M189: ..
A190: 49 | B190: 69 | C190: ▲20 | D190: 14 | F190: Classic | G190: 26 | H190: KochFranziskaFDJ United - SUEZ | I190: FDJ United - SUEZ | L190: 26:4926:49 | M190: ..
A191: 50 | B191: 24 | C191: ▼26 | D191: 7 | F191: Classic | G191: 39 | H191: VosMarianneTeam Visma | Lease a Bike | I191: Team Visma | Lease a Bike | K191: 8″ | L191: 28:2428:24 | M191: ..
A192: 51 | B192: 27 | C192: ▼24 | D192: 95 | F192: GC | G192: 28 | H192: KastelijnYaraFenix-Premier Tech | I192: Fenix-Premier Tech | L192: 28:4928:49 | M192: ..
A193: 52 | B193: 30 | C193: ▼22 | D193: 151 | F193: Hills | G193: 28 | H193: OstolazaUsoaLaboral Kutxa - Fundación Euskadi | I193: Laboral Kutxa - Fundación Euskadi | L193: 29:0929:09 | M193: ..
A194: 53 | B194: 59 | C194: ▲6 | D194: 27 | F194: TT | G194: 29 | H194: Skalniak-SójkaAgnieszkaCANYON//SRAM | I194: CANYON//SRAM | L194: 30:4030:40 | M194: ..
A195: 54 | B195: 16 | C195: ▼38 | D195: 111 | F195: Hills | G195: 27 | H195: Trinca ColonelMonicaLiv AlUla Jayco | I195: Liv AlUla Jayco | L195: 31:0231:02 | M195: ..
A196: 55 | B196: 88 | C196: ▲33 | D196: 101 | F196: Hills | G196: 21 | H196: RyoTitiaHuman Powered Health | I196: Human Powered Health | L196: 31:4931:49 | M196: ..
A197: 56 | B197: 42 | C197: ▼14 | D197: 191 | F197: Climber | G197: 22 | H197: LatimierClémenceMa Petite Entreprise | I197: Ma Petite Entreprise | L197: 32:0032:00 | M197: ..
A198: 57 | B198: 77 | C198: ▲20 | D198: 142 | F198: Classic | G198: 21 | H198: BegoJulieCofidis Women Team | I198: Cofidis Women Team | L198: 32:3132:31 | M198: ..
A199: 58 | B199: 33 | C199: ▼25 | D199: 141 | F199: Hills | G199: 22 | H199: MulMalwinaCofidis Women Team | I199: Cofidis Women Team | L199: 32:5032:50 | M199: ..
A200: 59 | B200: 60 | C200: ▲1 | D200: 15 | F200: Hills | G200: 32 | H200: KraakAmberFDJ United - SUEZ | I200: FDJ United - SUEZ | L200: 33:0933:09 | M200: ..
A201: 60 | B201: 46 | C201: ▼14 | D201: 143 | F201: Hills | G201: 21 | H201: ComteEmaCofidis Women Team | I201: Cofidis Women Team | L201: 33:2933:29 | M201: ..
A202: 61 | B202: 47 | C202: ▼14 | D202: 43 | F202: Climber | G202: 25 | H202: CavallarValentinaTeam SD Worx - Protime | I202: Team SD Worx - Protime | L202: 33:3333:33 | M202: ..
A203: 62 | B203: 49 | C203: ▼13 | D203: 2 | F203: GC | G203: 21 | H203: BunelMarionTeam Visma | Lease a Bike | I203: Team Visma | Lease a Bike | L203: 33:5533:55 | M203: ..
... A211: 70 | B211: 63 | C211: ▼7 | D211: 26 | F211: Hills | G211: 33 | H211: PaladinSorayaCANYON//SRAM | I211: CANYON//SRAM | L211: 37:5537:55 | M211: ..
A212: 71 | B212: 72 | C212: ▲1 | D212: 61 | F212: Classic | G212: 28 | H212: BalsamoElisaLidl - Trek | I212: Lidl - Trek | K212: 6″ | L212: 38:0838:08 | M212: ..
A213: 72 | B213: 58 | C213: ▼14 | D213: 114 | F213: Classic | G213: 29 | H213: KorevaarJeanneLiv AlUla Jayco | I213: Liv AlUla Jayco | L213: 38:3838:38 | M213: ..
A214: 73 | B214: 75 | C214: ▲2 | D214: 74 | F214: Sprint | G214: 25 | H214: BossuytShariAG Insurance - Soudal Team | I214: AG Insurance - Soudal Team | L214: 41:3641:36 | M214: ..
A215: 74 | B215: 61 | C215: ▼13 | D215: 173 | F215: Hills | G215: 27 | H215: EdsethMarte BergUno-X Mobility | I215: Uno-X Mobility | L215: 42:0842:08 | M215: ..
A216: 75 | B216: 65 | C216: ▼10 | D216: 5 | F216: TT | G216: 25 | H216: NooijenLiekeTeam Visma | Lease a Bike | I216: Team Visma | Lease a Bike | L216: 43:0243:02 | M216: ..
A217: 76 | B217: 66 | C217: ▼10 | D217: 47 | F217: Sprint | G217: 27 | H217: WiebesLorenaTeam SD Worx - Protime | I217: Team SD Worx - Protime | K217: 20″ | L217: 44:0544:05 | M217: ..
A218: 77 | B218: 108 | C218: ▲31 | D218: 197 | F218: Hills | G218: 24 | H218: MahéOcéaneMa Petite Entreprise | I218: Ma Petite Entreprise | L218: 44:2544:25 | M218: ..
A219: 78 | B219: 92 | C219: ▲14 | D219: 56 | F219: Hills | G219: 19 | H219: OstizPaulaMovistar Team | I219: Movistar Team | L219: 44:4244:42 | M219: ..
A220: 79 | B220: 70 | C220: ▼9 | D220: 124 | F220: Classic | G220: 25 | H220: GeorgiPfeifferTeam Picnic PostNL | I220: Team Picnic PostNL | L220: 45:3545:35 | M220: ..
A221: 80 | B221: 71 | C221: ▼9 | D221: 127 | F221: Hills | G221: 24 | H221: NelsonJosieTeam Picnic PostNL | I221: Team Picnic PostNL | L221: 46:0746:07 | M221: ..
A222: 81 | B222: 74 | C222: ▼7 | D222: 164 | F222: Hills | G222: 24 | H222: JansenElineVolkerWessels Cycling Team | I222: VolkerWessels Cycling Team | L222: 46:1746:17 | M222: ..
...
