Workbook

Sheet Auswertung Gesamt
A1: Name | B1: Summe
A2: Conni K | B2: =SUM('Auswertung Stage'!B4:AA4) -> 1423
A3: Cindy | B3: =SUM('Auswertung Stage'!B5:AA5) -> 1027
A4: Sebbo | B4: =SUM('Auswertung Stage'!B6:AA6) -> 943
A5: Lanci | B5: =SUM('Auswertung Stage'!B7:AA7) -> 1095
A6: Till | B6: =SUM('Auswertung Stage'!B8:AA8) -> 1066
A7: Richard NB | B7: =SUM('Auswertung Stage'!B9:AA9) -> 1105
A8: Jakob | B8: =SUM('Auswertung Stage'!B10:AA10) -> 775
A9: Lea | B9: =SUM('Auswertung Stage'!B11:AA11) -> 1002
A10: Chris | B10: =SUM('Auswertung Stage'!B12:AA12) -> 1501
A11: Jule | B11: =SUM('Auswertung Stage'!B13:AA13) -> 1066
A12: Konsti | B12: =SUM('Auswertung Stage'!B14:AA14) -> 1201
A13: Nora | B13: =SUM('Auswertung Stage'!B15:AA15) -> 1521
... A18: Chrysli | B18: =SUM('Auswertung Stage'!B20:AA20) -> 0

Sheet Auswertung Stage
B1: S 01 | C1: S 02 | D1: S 03 | E1: S 04 | F1: S 05 | G1: S 06 | H1: S 07 | I1: S 08 | J1: S 09 | K1: S 10 | L1: S 11 | M1: S 12 | N1: S 13 | O1: S 14 | P1: S 15 | Q1: S 16 | R1: S 17 | S1: S 18 | T1: S 19 | U1: S 20 | V1: S 21 | W1: S 22 GC | X1: S 23 Mountain | Y1: S 24 Sprint | Z1: S 25 Youth | AA1: S 26 TeamRank
A2: Jakob | B2: =SUMIF(Spieler_Teams!$A:$A,$A2,Spieler_Teams!C:C) -> 71 | C2: =SUMIF(Spieler_Teams!$A:$A,$A2,Spieler_Teams!D:D) -> 49 | D2: =SUMIF(Spieler_Teams!$A:$A,$A2,Spieler_Teams!E:E) -> 70 | E2: =SUMIF(Spieler_Teams!$A:$A,$A2,Spieler_Teams!F:F) -> 0 | F2: =SUMIF(Spieler_Teams!$A:$A,$A2,Spieler_Teams!G:G) -> 15 | G2: =SUMIF(Spieler_Teams!$A:$A,$A2,Spieler_Teams!H:H) -> 72 | H2: =SUMIF(Spieler_Teams!$A:$A,$A2,Spieler_Teams!I:I) -> 30 | I2: =SUMIF(Spieler_Teams!$A:$A,$A2,Spieler_Teams!J:J) -> 31 | J2: =SUMIF(Spieler_Teams!$A:$A,$A2,Spieler_Teams!K:K) -> 35 | K2: =SUMIF(Spieler_Teams!$A:$A,$A2,Spieler_Teams!L:L) -> 69 | L2: =SUMIF(Spieler_Teams!$A:$A,$A2,Spieler_Teams!M:M) -> 8 | M2: =SUMIF(Spieler_Teams!$A:$A,$A2,Spieler_Teams!N:N) -> 34 | N2: =SUMIF(Spieler_Teams!$A:$A,$A2,Spieler_Teams!O:O) -> 7 | O2: =SUMIF(Spieler_Teams!$A:$A,$A2,Spieler_Teams!P:P) -> 71 | P2: =SUMIF(Spieler_Teams!$A:$A,$A2,Spieler_Teams!Q:Q) -> 54 | Q2: =SUMIF(Spieler_Teams!$A:$A,$A2,Spieler_Teams!R:R) -> 39 | R2: =SUMIF(Spieler_Teams!$A:$A,$A2,Spieler_Teams!S:S) -> 10 | S2: =SUMIF(Spieler_Teams!$A:$A,$A2,Spieler_Teams!T:T) -> 12 | T2: =SUMIF(Spieler_Teams!$A:$A,$A2,Spieler_Teams!U:U) -> 38 | U2: =SUMIF(Spieler_Teams!$A:$A,$A2,Spieler_Teams!V:V) -> 29 | V2: =SUMIF(Spieler_Teams!$A:$A,$A2,Spieler_Teams!W:W) -> 28 | W2: =SUMIF(Spieler_Teams!$A:$A,$A2,Spieler_Teams!X:X) -> 180 | X2: =SUMIF(Spieler_Teams!$A:$A,$A2,Spieler_Teams!Y:Y) -> 24 | Y2: =SUMIF(Spieler_Teams!$A:$A,$A2,Spieler_Teams!Z:Z) -> 8 | Z2: =SUMIF(Spieler_Teams!$A:$A,$A2,Spieler_Teams!AA:AA) -> 10 | AA2: =SUMIF(Spieler_Teams!$A:$A,$A2,Spieler_Teams!AB:AB) -> 25
A3: Cindy | B3: =SUMIF(Spieler_Teams!A:A,A3,Spieler_Teams!C:C) -> 67 | C3: =SUMIF(Spieler_Teams!$A:$A,$A3,Spieler_Teams!D:D) -> 78 | D3: =SUMIF(Spieler_Teams!$A:$A,$A3,Spieler_Teams!E:E) -> 73 | E3: =SUMIF(Spieler_Teams!$A:$A,$A3,Spieler_Teams!F:F) -> 0 | F3: =SUMIF(Spieler_Teams!$A:$A,$A3,Spieler_Teams!G:G) -> 0 | G3: =SUMIF(Spieler_Teams!$A:$A,$A3,Spieler_Teams!H:H) -> 79 | H3: =SUMIF(Spieler_Teams!$A:$A,$A3,Spieler_Teams!I:I) -> 7 | I3: =SUMIF(Spieler_Teams!$A:$A,$A3,Spieler_Teams!J:J) -> 8 | J3: =SUMIF(Spieler_Teams!$A:$A,$A3,Spieler_Teams!K:K) -> 55 | K3: =SUMIF(Spieler_Teams!$A:$A,$A3,Spieler_Teams!L:L) -> 68 | L3: =SUMIF(Spieler_Teams!$A:$A,$A3,Spieler_Teams!M:M) -> 5 | M3: =SUMIF(Spieler_Teams!$A:$A,$A3,Spieler_Teams!N:N) -> 9 | N3: =SUMIF(Spieler_Teams!$A:$A,$A3,Spieler_Teams!O:O) -> 20 | O3: =SUMIF(Spieler_Teams!$A:$A,$A3,Spieler_Teams!P:P) -> 79 | P3: =SUMIF(Spieler_Teams!$A:$A,$A3,Spieler_Teams!Q:Q) -> 57 | Q3: =SUMIF(Spieler_Teams!$A:$A,$A3,Spieler_Teams!R:R) -> 54 | R3: =SUMIF(Spieler_Teams!$A:$A,$A3,Spieler_Teams!S:S) -> 12 | S3: =SUMIF(Spieler_Teams!$A:$A,$A3,Spieler_Teams!T:T) -> 16 | T3: =SUMIF(Spieler_Teams!$A:$A,$A3,Spieler_Teams!U:U) -> 47 | U3: =SUMIF(Spieler_Teams!$A:$A,$A3,Spieler_Teams!V:V) -> 34 | V3: =SUMIF(Spieler_Teams!$A:$A,$A3,Spieler_Teams!W:W) -> 30 | W3: =SUMIF(Spieler_Teams!$A:$A,$A3,Spieler_Teams!X:X) -> 230 | X3: =SUMIF(Spieler_Teams!$A:$A,$A3,Spieler_Teams!Y:Y) -> 34 | Y3: =SUMIF(Spieler_Teams!$A:$A,$A3,Spieler_Teams!Z:Z) -> 12 | Z3: =SUMIF(Spieler_Teams!$A:$A,$A3,Spieler_Teams!AA:AA) -> 25 | AA3: =SUMIF(Spieler_Teams!$A:$A,$A3,Spieler_Teams!AB:AB) -> 0
A4: Conni K | B4: =SUMIF(Spieler_Teams!A:A,A4,Spieler_Teams!C:C) -> 66 | C4: =SUMIF(Spieler_Teams!$A:$A,$A4,Spieler_Teams!D:D) -> 62 | D4: =SUMIF(Spieler_Teams!$A:$A,$A4,Spieler_Teams!E:E) -> 90 | E4: =SUMIF(Spieler_Teams!$A:$A,$A4,Spieler_Teams!F:F) -> 29 | F4: =SUMIF(Spieler_Teams!$A:$A,$A4,Spieler_Teams!G:G) -> 19 | G4: =SUMIF(Spieler_Teams!$A:$A,$A4,Spieler_Teams!H:H) -> 80 | H4: =SUMIF(Spieler_Teams!$A:$A,$A4,Spieler_Teams!I:I) -> 40 | I4: =SUMIF(Spieler_Teams!$A:$A,$A4,Spieler_Teams!J:J) -> 30 | J4: =SUMIF(Spieler_Teams!$A:$A,$A4,Spieler_Teams!K:K) -> 12 | K4: =SUMIF(Spieler_Teams!$A:$A,$A4,Spieler_Teams!L:L) -> 84 | L4: =SUMIF(Spieler_Teams!$A:$A,$A4,Spieler_Teams!M:M) -> 41 | M4: =SUMIF(Spieler_Teams!$A:$A,$A4,Spieler_Teams!N:N) -> 19 | N4: =SUMIF(Spieler_Teams!$A:$A,$A4,Spieler_Teams!O:O) -> 44 | O4: =SUMIF(Spieler_Teams!$A:$A,$A4,Spieler_Teams!P:P) -> 84 | P4: =SUMIF(Spieler_Teams!$A:$A,$A4,Spieler_Teams!Q:Q) -> 67 | Q4: =SUMIF(Spieler_Teams!$A:$A,$A4,Spieler_Teams!R:R) -> 54 | R4: =SUMIF(Spieler_Teams!$A:$A,$A4,Spieler_Teams!S:S) -> 25 | S4: =SUMIF(Spieler_Teams!$A:$A,$A4,Spieler_Teams!T:T) -> 59 | T4: =SUMIF(Spieler_Teams!$A:$A,$A4,Spieler_Teams!U:U) -> 62 | U4: =SUMIF(Spieler_Teams!$A:$A,$A4,Spieler_Teams!V:V) -> 63 | V4: =SUMIF(Spieler_Teams!$A:$A,$A4,Spieler_Teams!W:W) -> 10 | W4: =SUMIF(Spieler_Teams!$A:$A,$A4,Spieler_Teams!X:X) -> 270 | X4: =SUMIF(Spieler_Teams!$A:$A,$A4,Spieler_Teams!Y:Y) -> 44 | Y4: =SUMIF(Spieler_Teams!$A:$A,$A4,Spieler_Teams!Z:Z) -> 34 | Z4: =SUMIF(Spieler_Teams!$A:$A,$A4,Spieler_Teams!AA:AA) -> 10 | AA4: =SUMIF(Spieler_Teams!$A:$A,$A4,Spieler_Teams!AB:AB) -> 25
A5: Chris | B5: =SUMIF(Spieler_Teams!A:A,A5,Spieler_Teams!C:C) -> 61 | C5: =SUMIF(Spieler_Teams!$A:$A,$A5,Spieler_Teams!D:D) -> 48 | D5: =SUMIF(Spieler_Teams!$A:$A,$A5,Spieler_Teams!E:E) -> 68 | E5: =SUMIF(Spieler_Teams!$A:$A,$A5,Spieler_Teams!F:F) -> 6 | F5: =SUMIF(Spieler_Teams!$A:$A,$A5,Spieler_Teams!G:G) -> 26 | G5: =SUMIF(Spieler_Teams!$A:$A,$A5,Spieler_Teams!H:H) -> 65 | H5: =SUMIF(Spieler_Teams!$A:$A,$A5,Spieler_Teams!I:I) -> 41 | I5: =SUMIF(Spieler_Teams!$A:$A,$A5,Spieler_Teams!J:J) -> 42 | J5: =SUMIF(Spieler_Teams!$A:$A,$A5,Spieler_Teams!K:K) -> 10 | K5: =SUMIF(Spieler_Teams!$A:$A,$A5,Spieler_Teams!L:L) -> 63 | L5: =SUMIF(Spieler_Teams!$A:$A,$A5,Spieler_Teams!M:M) -> 21 | M5: =SUMIF(Spieler_Teams!$A:$A,$A5,Spieler_Teams!N:N) -> 45 | N5: =SUMIF(Spieler_Teams!$A:$A,$A5,Spieler_Teams!O:O) -> 13 | O5: =SUMIF(Spieler_Teams!$A:$A,$A5,Spieler_Teams!P:P) -> 65 | P5: =SUMIF(Spieler_Teams!$A:$A,$A5,Spieler_Teams!Q:Q) -> 39 | Q5: =SUMIF(Spieler_Teams!$A:$A,$A5,Spieler_Teams!R:R) -> 54 | R5: =SUMIF(Spieler_Teams!$A:$A,$A5,Spieler_Teams!S:S) -> 30 | S5: =SUMIF(Spieler_Teams!$A:$A,$A5,Spieler_Teams!T:T) -> 17 | T5: =SUMIF(Spieler_Teams!$A:$A,$A5,Spieler_Teams!U:U) -> 38 | U5: =SUMIF(Spieler_Teams!$A:$A,$A5,Spieler_Teams!V:V) -> 22 | V5: =SUMIF(Spieler_Teams!$A:$A,$A5,Spieler_Teams!W:W) -> 23 | W5: =SUMIF(Spieler_Teams!$A:$A,$A5,Spieler_Teams!X:X) -> 145 | X5: =SUMIF(Spieler_Teams!$A:$A,$A5,Spieler_Teams!Y:Y) -> 24 | Y5: =SUMIF(Spieler_Teams!$A:$A,$A5,Spieler_Teams!Z:Z) -> 26 | Z5: =SUMIF(Spieler_Teams!$A:$A,$A5,Spieler_Teams!AA:AA) -> 10 | AA5: =SUMIF(Spieler_Teams!$A:$A,$A5,Spieler_Teams!AB:AB) -> 25
A6: Nora | B6: =SUMIF(Spieler_Teams!A:A,A6,Spieler_Teams!C:C) -> 57 | C6: =SUMIF(Spieler_Teams!$A:$A,$A6,Spieler_Teams!D:D) -> 45 | D6: =SUMIF(Spieler_Teams!$A:$A,$A6,Spieler_Teams!E:E) -> 64 | E6: =SUMIF(Spieler_Teams!$A:$A,$A6,Spieler_Teams!F:F) -> 0 | F6: =SUMIF(Spieler_Teams!$A:$A,$A6,Spieler_Teams!G:G) -> 11 | G6: =SUMIF(Spieler_Teams!$A:$A,$A6,Spieler_Teams!H:H) -> 63 | H6: =SUMIF(Spieler_Teams!$A:$A,$A6,Spieler_Teams!I:I) -> 16 | I6: =SUMIF(Spieler_Teams!$A:$A,$A6,Spieler_Teams!J:J) -> 18 | J6: =SUMIF(Spieler_Teams!$A:$A,$A6,Spieler_Teams!K:K) -> 35 | K6: =SUMIF(Spieler_Teams!$A:$A,$A6,Spieler_Teams!L:L) -> 56 | L6: =SUMIF(Spieler_Teams!$A:$A,$A6,Spieler_Teams!M:M) -> 20 | M6: =SUMIF(Spieler_Teams!$A:$A,$A6,Spieler_Teams!N:N) -> 22 | N6: =SUMIF(Spieler_Teams!$A:$A,$A6,Spieler_Teams!O:O) -> 5 | O6: =SUMIF(Spieler_Teams!$A:$A,$A6,Spieler_Teams!P:P) -> 62 | P6: =SUMIF(Spieler_Teams!$A:$A,$A6,Spieler_Teams!Q:Q) -> 46 | Q6: =SUMIF(Spieler_Teams!$A:$A,$A6,Spieler_Teams!R:R) -> 49 | R6: =SUMIF(Spieler_Teams!$A:$A,$A6,Spieler_Teams!S:S) -> 35 | S6: =SUMIF(Spieler_Teams!$A:$A,$A6,Spieler_Teams!T:T) -> 8 | T6: =SUMIF(Spieler_Teams!$A:$A,$A6,Spieler_Teams!U:U) -> 42 | U6: =SUMIF(Spieler_Teams!$A:$A,$A6,Spieler_Teams!V:V) -> 21 | V6: =SUMIF(Spieler_Teams!$A:$A,$A6,Spieler_Teams!W:W) -> 48 | W6: =SUMIF(Spieler_Teams!$A:$A,$A6,Spieler_Teams!X:X) -> 135 | X6: =SUMIF(Spieler_Teams!$A:$A,$A6,Spieler_Teams!Y:Y) -> 24 | Y6: =SUMIF(Spieler_Teams!$A:$A,$A6,Spieler_Teams!Z:Z) -> 26 | Z6: =SUMIF(Spieler_Teams!$A:$A,$A6,Spieler_Teams!AA:AA) -> 10 | AA6: =SUMIF(Spieler_Teams!$A:$A,$A6,Spieler_Teams!AB:AB) -> 25
A7: Lea | B7: =SUMIF(Spieler_Teams!A:A,A7,Spieler_Teams!C:C) -> 55 | C7: =SUMIF(Spieler_Teams!$A:$A,$A7,Spieler_Teams!D:D) -> 46 | D7: =SUMIF(Spieler_Teams!$A:$A,$A7,Spieler_Teams!E:E) -> 68 | E7: =SUMIF(Spieler_Teams!$A:$A,$A7,Spieler_Teams!F:F) -> 21 | F7: =SUMIF(Spieler_Teams!$A:$A,$A7,Spieler_Teams!G:G) -> 21 | G7: =SUMIF(Spieler_Teams!$A:$A,$A7,Spieler_Teams!H:H) -> 56 | H7: =SUMIF(Spieler_Teams!$A:$A,$A7,Spieler_Teams!I:I) -> 31 | I7: =SUMIF(Spieler_Teams!$A:$A,$A7,Spieler_Teams!J:J) -> 37 | J7: =SUMIF(Spieler_Teams!$A:$A,$A7,Spieler_Teams!K:K) -> 10 | K7: =SUMIF(Spieler_Teams!$A:$A,$A7,Spieler_Teams!L:L) -> 55 | L7: =SUMIF(Spieler_Teams!$A:$A,$A7,Spieler_Teams!M:M) -> 29 | M7: =SUMIF(Spieler_Teams!$A:$A,$A7,Spieler_Teams!N:N) -> 32 | N7: =SUMIF(Spieler_Teams!$A:$A,$A7,Spieler_Teams!O:O) -> 5 | O7: =SUMIF(Spieler_Teams!$A:$A,$A7,Spieler_Teams!P:P) -> 55 | P7: =SUMIF(Spieler_Teams!$A:$A,$A7,Spieler_Teams!Q:Q) -> 44 | Q7: =SUMIF(Spieler_Teams!$A:$A,$A7,Spieler_Teams!R:R) -> 35 | R7: =SUMIF(Spieler_Teams!$A:$A,$A7,Spieler_Teams!S:S) -> 30 | S7: =SUMIF(Spieler_Teams!$A:$A,$A7,Spieler_Teams!T:T) -> 40 | T7: =SUMIF(Spieler_Teams!$A:$A,$A7,Spieler_Teams!U:U) -> 69 | U7: =SUMIF(Spieler_Teams!$A:$A,$A7,Spieler_Teams!V:V) -> 53 | V7: =SUMIF(Spieler_Teams!$A:$A,$A7,Spieler_Teams!W:W) -> 30 | W7: =SUMIF(Spieler_Teams!$A:$A,$A7,Spieler_Teams!X:X) -> 180 | X7: =SUMIF(Spieler_Teams!$A:$A,$A7,Spieler_Teams!Y:Y) -> 46 | Y7: =SUMIF(Spieler_Teams!$A:$A,$A7,Spieler_Teams!Z:Z) -> 42 | Z7: =SUMIF(Spieler_Teams!$A:$A,$A7,Spieler_Teams!AA:AA) -> 5 | AA7: =SUMIF(Spieler_Teams!$A:$A,$A7,Spieler_Teams!AB:AB) -> 0
A8: Lanci | B8: =SUMIF(Spieler_Teams!A:A,A8,Spieler_Teams!C:C) -> 54 | C8: =SUMIF(Spieler_Teams!$A:$A,$A8,Spieler_Teams!D:D) -> 59 | D8: =SUMIF(Spieler_Teams!$A:$A,$A8,Spieler_Teams!E:E) -> 68 | E8: =SUMIF(Spieler_Teams!$A:$A,$A8,Spieler_Teams!F:F) -> 30 | F8: =SUMIF(Spieler_Teams!$A:$A,$A8,Spieler_Teams!G:G) -> 12 | G8: =SUMIF(Spieler_Teams!$A:$A,$A8,Spieler_Teams!H:H) -> 75 | H8: =SUMIF(Spieler_Teams!$A:$A,$A8,Spieler_Teams!I:I) -> 22 | I8: =SUMIF(Spieler_Teams!$A:$A,$A8,Spieler_Teams!J:J) -> 25 | J8: =SUMIF(Spieler_Teams!$A:$A,$A8,Spieler_Teams!K:K) -> 25 | K8: =SUMIF(Spieler_Teams!$A:$A,$A8,Spieler_Teams!L:L) -> 74 | L8: =SUMIF(Spieler_Teams!$A:$A,$A8,Spieler_Teams!M:M) -> 14 | M8: =SUMIF(Spieler_Teams!$A:$A,$A8,Spieler_Teams!N:N) -> 17 | N8: =SUMIF(Spieler_Teams!$A:$A,$A8,Spieler_Teams!O:O) -> 30 | O8: =SUMIF(Spieler_Teams!$A:$A,$A8,Spieler_Teams!P:P) -> 63 | P8: =SUMIF(Spieler_Teams!$A:$A,$A8,Spieler_Teams!Q:Q) -> 64 | Q8: =SUMIF(Spieler_Teams!$A:$A,$A8,Spieler_Teams!R:R) -> 44 | R8: =SUMIF(Spieler_Teams!$A:$A,$A8,Spieler_Teams!S:S) -> 5 | S8: =SUMIF(Spieler_Teams!$A:$A,$A8,Spieler_Teams!T:T) -> 23 | T8: =SUMIF(Spieler_Teams!$A:$A,$A8,Spieler_Teams!U:U) -> 55 | U8: =SUMIF(Spieler_Teams!$A:$A,$A8,Spieler_Teams!V:V) -> 32 | V8: =SUMIF(Spieler_Teams!$A:$A,$A8,Spieler_Teams!W:W) -> 10 | W8: =SUMIF(Spieler_Teams!$A:$A,$A8,Spieler_Teams!X:X) -> 210 | X8: =SUMIF(Spieler_Teams!$A:$A,$A8,Spieler_Teams!Y:Y) -> 26 | Y8: =SUMIF(Spieler_Teams!$A:$A,$A8,Spieler_Teams!Z:Z) -> 24 | Z8: =SUMIF(Spieler_Teams!$A:$A,$A8,Spieler_Teams!AA:AA) -> 5 | AA8: =SUMIF(Spieler_Teams!$A:$A,$A8,Spieler_Teams!AB:AB) -> 0
A9: Sebbo | B9: =SUMIF(Spieler_Teams!A:A,A9,Spieler_Teams!C:C) -> 53 | C9: =SUMIF(Spieler_Teams!$A:$A,$A9,Spieler_Teams!D:D) -> 77 | D9: =SUMIF(Spieler_Teams!$A:$A,$A9,Spieler_Teams!E:E) -> 76 | E9: =SUMIF(Spieler_Teams!$A:$A,$A9,Spieler_Teams!F:F) -> 10 | F9: =SUMIF(Spieler_Teams!$A:$A,$A9,Spieler_Teams!G:G) -> 14 | G9: =SUMIF(Spieler_Teams!$A:$A,$A9,Spieler_Teams!H:H) -> 66 | H9: =SUMIF(Spieler_Teams!$A:$A,$A9,Spieler_Teams!I:I) -> 26 | I9: =SUMIF(Spieler_Teams!$A:$A,$A9,Spieler_Teams!J:J) -> 37 | J9: =SUMIF(Spieler_Teams!$A:$A,$A9,Spieler_Teams!K:K) -> 35 | K9: =SUMIF(Spieler_Teams!$A:$A,$A9,Spieler_Teams!L:L) -> 63 | L9: =SUMIF(Spieler_Teams!$A:$A,$A9,Spieler_Teams!M:M) -> 22 | M9: =SUMIF(Spieler_Teams!$A:$A,$A9,Spieler_Teams!N:N) -> 20 | N9: =SUMIF(Spieler_Teams!$A:$A,$A9,Spieler_Teams!O:O) -> 18 | O9: =SUMIF(Spieler_Teams!$A:$A,$A9,Spieler_Teams!P:P) -> 76 | P9: =SUMIF(Spieler_Teams!$A:$A,$A9,Spieler_Teams!Q:Q) -> 61 | Q9: =SUMIF(Spieler_Teams!$A:$A,$A9,Spieler_Teams!R:R) -> 38 | R9: =SUMIF(Spieler_Teams!$A:$A,$A9,Spieler_Teams!S:S) -> 7 | S9: =SUMIF(Spieler_Teams!$A:$A,$A9,Spieler_Teams!T:T) -> 25 | T9: =SUMIF(Spieler_Teams!$A:$A,$A9,Spieler_Teams!U:U) -> 50 | U9: =SUMIF(Spieler_Teams!$A:$A,$A9,Spieler_Teams!V:V) -> 41 | V9: =SUMIF(Spieler_Teams!$A:$A,$A9,Spieler_Teams!W:W) -> 10 | W9: =SUMIF(Spieler_Teams!$A:$A,$A9,Spieler_Teams!X:X) -> 205 | X9: =SUMIF(Spieler_Teams!$A:$A,$A9,Spieler_Teams!Y:Y) -> 32 | Y9: =SUMIF(Spieler_Teams!$A:$A,$A9,Spieler_Teams!Z:Z) -> 28 | Z9: =SUMIF(Spieler_Teams!$A:$A,$A9,Spieler_Teams!AA:AA) -> 15 | AA9: =SUMIF(Spieler_Teams!$A:$A,$A9,Spieler_Teams!AB:AB) -> 0
A10: Bendix | B10: =SUMIF(Spieler_Teams!A:A,A10,Spieler_Teams!C:C) -> 53 | C10: =SUMIF(Spieler_Teams!$A:$A,$A10,Spieler_Teams!D:D) -> 35 | D10: =SUMIF(Spieler_Teams!$A:$A,$A10,Spieler_Teams!E:E) -> 59 | E10: =SUMIF(Spieler_Teams!$A:$A,$A10,Spieler_Teams!F:F) -> 2 | F10: =SUMIF(Spieler_Teams!$A:$A,$A10,Spieler_Teams!G:G) -> 25 | G10: =SUMIF(Spieler_Teams!$A:$A,$A10,Spieler_Teams!H:H) -> 60 | H10: =SUMIF(Spieler_Teams!$A:$A,$A10,Spieler_Teams!I:I) -> 45 | I10: =SUMIF(Spieler_Teams!$A:$A,$A10,Spieler_Teams!J:J) -> 50 | J10: =SUMIF(Spieler_Teams!$A:$A,$A10,Spieler_Teams!K:K) -> 10 | K10: =SUMIF(Spieler_Teams!$A:$A,$A10,Spieler_Teams!L:L) -> 51 | L10: =SUMIF(Spieler_Teams!$A:$A,$A10,Spieler_Teams!M:M) -> 15 | M10: =SUMIF(Spieler_Teams!$A:$A,$A10,Spieler_Teams!N:N) -> 42 | N10: =SUMIF(Spieler_Teams!$A:$A,$A10,Spieler_Teams!O:O) -> 27 | O10: =SUMIF(Spieler_Teams!$A:$A,$A10,Spieler_Teams!P:P) -> 52 | P10: =SUMIF(Spieler_Teams!$A:$A,$A10,Spieler_Teams!Q:Q) -> 36 | Q10: =SUMIF(Spieler_Teams!$A:$A,$A10,Spieler_Teams!R:R) -> 28 | R10: =SUMIF(Spieler_Teams!$A:$A,$A10,Spieler_Teams!S:S) -> 5 | S10: =SUMIF(Spieler_Teams!$A:$A,$A10,Spieler_Teams!T:T) -> 8 | T10: =SUMIF(Spieler_Teams!$A:$A,$A10,Spieler_Teams!U:U) -> 28 | U10: =SUMIF(Spieler_Teams!$A:$A,$A10,Spieler_Teams!V:V) -> 15 | V10: =SUMIF(Spieler_Teams!$A:$A,$A10,Spieler_Teams!W:W) -> 12 | W10: =SUMIF(Spieler_Teams!$A:$A,$A10,Spieler_Teams!X:X) -> 75 | X10: =SUMIF(Spieler_Teams!$A:$A,$A10,Spieler_Teams!Y:Y) -> 18 | Y10: =SUMIF(Spieler_Teams!$A:$A,$A10,Spieler_Teams!Z:Z) -> 24 | Z10: =SUMIF(Spieler_Teams!$A:$A,$A10,Spieler_Teams!AA:AA) -> 0 | AA10: =SUMIF(Spieler_Teams!$A:$A,$A10,Spieler_Teams!AB:AB) -> 0
A11: Till | B11: =SUMIF(Spieler_Teams!A:A,A11,Spieler_Teams!C:C) -> 52 | C11: =SUMIF(Spieler_Teams!$A:$A,$A11,Spieler_Teams!D:D) -> 55 | D11: =SUMIF(Spieler_Teams!$A:$A,$A11,Spieler_Teams!E:E) -> 75 | E11: =SUMIF(Spieler_Teams!$A:$A,$A11,Spieler_Teams!F:F) -> 25 | F11: =SUMIF(Spieler_Teams!$A:$A,$A11,Spieler_Teams!G:G) -> 18 | G11: =SUMIF(Spieler_Teams!$A:$A,$A11,Spieler_Teams!H:H) -> 63 | H11: =SUMIF(Spieler_Teams!$A:$A,$A11,Spieler_Teams!I:I) -> 38 | I11: =SUMIF(Spieler_Teams!$A:$A,$A11,Spieler_Teams!J:J) -> 32 | J11: =SUMIF(Spieler_Teams!$A:$A,$A11,Spieler_Teams!K:K) -> 30 | K11: =SUMIF(Spieler_Teams!$A:$A,$A11,Spieler_Teams!L:L) -> 56 | L11: =SUMIF(Spieler_Teams!$A:$A,$A11,Spieler_Teams!M:M) -> 6 | M11: =SUMIF(Spieler_Teams!$A:$A,$A11,Spieler_Teams!N:N) -> 34 | N11: =SUMIF(Spieler_Teams!$A:$A,$A11,Spieler_Teams!O:O) -> 15 | O11: =SUMIF(Spieler_Teams!$A:$A,$A11,Spieler_Teams!P:P) -> 68 | P11: =SUMIF(Spieler_Teams!$A:$A,$A11,Spieler_Teams!Q:Q) -> 39 | Q11: =SUMIF(Spieler_Teams!$A:$A,$A11,Spieler_Teams!R:R) -> 46 | R11: =SUMIF(Spieler_Teams!$A:$A,$A11,Spieler_Teams!S:S) -> 8 | S11: =SUMIF(Spieler_Teams!$A:$A,$A11,Spieler_Teams!T:T) -> 28 | T11: =SUMIF(Spieler_Teams!$A:$A,$A11,Spieler_Teams!U:U) -> 49 | U11: =SUMIF(Spieler_Teams!$A:$A,$A11,Spieler_Teams!V:V) -> 26 | V11: =SUMIF(Spieler_Teams!$A:$A,$A11,Spieler_Teams!W:W) -> 13 | W11: =SUMIF(Spieler_Teams!$A:$A,$A11,Spieler_Teams!X:X) -> 155 | X11: =SUMIF(Spieler_Teams!$A:$A,$A11,Spieler_Teams!Y:Y) -> 28 | Y11: =SUMIF(Spieler_Teams!$A:$A,$A11,Spieler_Teams!Z:Z) -> 8 | Z11: =SUMIF(Spieler_Teams!$A:$A,$A11,Spieler_Teams!AA:AA) -> 10 | AA11: =SUMIF(Spieler_Teams!$A:$A,$A11,Spieler_Teams!AB:AB) -> 25
A12: Reto | B12: =SUMIF(Spieler_Teams!A:A,A12,Spieler_Teams!C:C) -> 50 | C12: =SUMIF(Spieler_Teams!$A:$A,$A12,Spieler_Teams!D:D) -> 48 | D12: =SUMIF(Spieler_Teams!$A:$A,$A12,Spieler_Teams!E:E) -> 65 | E12: =SUMIF(Spieler_Teams!$A:$A,$A12,Spieler_Teams!F:F) -> 0 | F12: =SUMIF(Spieler_Teams!$A:$A,$A12,Spieler_Teams!G:G) -> 46 | G12: =SUMIF(Spieler_Teams!$A:$A,$A12,Spieler_Teams!H:H) -> 62 | H12: =SUMIF(Spieler_Teams!$A:$A,$A12,Spieler_Teams!I:I) -> 53 | I12: =SUMIF(Spieler_Teams!$A:$A,$A12,Spieler_Teams!J:J) -> 50 | J12: =SUMIF(Spieler_Teams!$A:$A,$A12,Spieler_Teams!K:K) -> 46 | K12: =SUMIF(Spieler_Teams!$A:$A,$A12,Spieler_Teams!L:L) -> 67 | L12: =SUMIF(Spieler_Teams!$A:$A,$A12,Spieler_Teams!M:M) -> 21 | M12: =SUMIF(Spieler_Teams!$A:$A,$A12,Spieler_Teams!N:N) -> 56 | N12: =SUMIF(Spieler_Teams!$A:$A,$A12,Spieler_Teams!O:O) -> 5 | O12: =SUMIF(Spieler_Teams!$A:$A,$A12,Spieler_Teams!P:P) -> 66 | P12: =SUMIF(Spieler_Teams!$A:$A,$A12,Spieler_Teams!Q:Q) -> 60 | Q12: =SUMIF(Spieler_Teams!$A:$A,$A12,Spieler_Teams!R:R) -> 57 | R12: =SUMIF(Spieler_Teams!$A:$A,$A12,Spieler_Teams!S:S) -> 35 | S12: =SUMIF(Spieler_Teams!$A:$A,$A12,Spieler_Teams!T:T) -> 42 | T12: =SUMIF(Spieler_Teams!$A:$A,$A12,Spieler_Teams!U:U) -> 92 | U12: =SUMIF(Spieler_Teams!$A:$A,$A12,Spieler_Teams!V:V) -> 80 | V12: =SUMIF(Spieler_Teams!$A:$A,$A12,Spieler_Teams!W:W) -> 64 | W12: =SUMIF(Spieler_Teams!$A:$A,$A12,Spieler_Teams!X:X) -> 295 | X12: =SUMIF(Spieler_Teams!$A:$A,$A12,Spieler_Teams!Y:Y) -> 66 | Y12: =SUMIF(Spieler_Teams!$A:$A,$A12,Spieler_Teams!Z:Z) -> 40 | Z12: =SUMIF(Spieler_Teams!$A:$A,$A12,Spieler_Teams!AA:AA) -> 15 | AA12: =SUMIF(Spieler_Teams!$A:$A,$A12,Spieler_Teams!AB:AB) -> 20
A13: Konsti | B13: =SUMIF(Spieler_Teams!A:A,A13,Spieler_Teams!C:C) -> 50 | C13: =SUMIF(Spieler_Teams!$A:$A,$A13,Spieler_Teams!D:D) -> 62 | D13: =SUMIF(Spieler_Teams!$A:$A,$A13,Spieler_Teams!E:E) -> 45 | E13: =SUMIF(Spieler_Teams!$A:$A,$A13,Spieler_Teams!F:F) -> 10 | F13: =SUMIF(Spieler_Teams!$A:$A,$A13,Spieler_Teams!G:G) -> 20 | G13: =SUMIF(Spieler_Teams!$A:$A,$A13,Spieler_Teams!H:H) -> 60 | H13: =SUMIF(Spieler_Teams!$A:$A,$A13,Spieler_Teams!I:I) -> 14 | I13: =SUMIF(Spieler_Teams!$A:$A,$A13,Spieler_Teams!J:J) -> 9 | J13: =SUMIF(Spieler_Teams!$A:$A,$A13,Spieler_Teams!K:K) -> 26 | K13: =SUMIF(Spieler_Teams!$A:$A,$A13,Spieler_Teams!L:L) -> 74 | L13: =SUMIF(Spieler_Teams!$A:$A,$A13,Spieler_Teams!M:M) -> 2 | M13: =SUMIF(Spieler_Teams!$A:$A,$A13,Spieler_Teams!N:N) -> 11 | N13: =SUMIF(Spieler_Teams!$A:$A,$A13,Spieler_Teams!O:O) -> 27 | O13: =SUMIF(Spieler_Teams!$A:$A,$A13,Spieler_Teams!P:P) -> 67 | P13: =SUMIF(Spieler_Teams!$A:$A,$A13,Spieler_Teams!Q:Q) -> 76 | Q13: =SUMIF(Spieler_Teams!$A:$A,$A13,Spieler_Teams!R:R) -> 54 | R13: =SUMIF(Spieler_Teams!$A:$A,$A13,Spieler_Teams!S:S) -> 2 | S13: =SUMIF(Spieler_Teams!$A:$A,$A13,Spieler_Teams!T:T) -> 20 | T13: =SUMIF(Spieler_Teams!$A:$A,$A13,Spieler_Teams!U:U) -> 29 | U13: =SUMIF(Spieler_Teams!$A:$A,$A13,Spieler_Teams!V:V) -> 47 | V13: =SUMIF(Spieler_Teams!$A:$A,$A13,Spieler_Teams!W:W) -> 14 | W13: =SUMIF(Spieler_Teams!$A:$A,$A13,Spieler_Teams!X:X) -> 270 | X13: =SUMIF(Spieler_Teams!$A:$A,$A13,Spieler_Teams!Y:Y) -> 28 | Y13: =SUMIF(Spieler_Teams!$A:$A,$A13,Spieler_Teams!Z:Z) -> 24 | Z13: =SUMIF(Spieler_Teams!$A:$A,$A13,Spieler_Teams!AA:AA) -> 25 | AA13: =SUMIF(Spieler_Teams!$A:$A,$A13,Spieler_Teams!AB:AB) -> 0
A14: Jule | B14: =SUMIF(Spieler_Teams!A:A,A14,Spieler_Teams!C:C) -> 40 | C14: =SUMIF(Spieler_Teams!$A:$A,$A14,Spieler_Teams!D:D) -> 53 | D14: =SUMIF(Spieler_Teams!$A:$A,$A14,Spieler_Teams!E:E) -> 73 | E14: =SUMIF(Spieler_Teams!$A:$A,$A14,Spieler_Teams!F:F) -> 10 | F14: =SUMIF(Spieler_Teams!$A:$A,$A14,Spieler_Teams!G:G) -> 31 | G14: =SUMIF(Spieler_Teams!$A:$A,$A14,Spieler_Teams!H:H) -> 54 | H14: =SUMIF(Spieler_Teams!$A:$A,$A14,Spieler_Teams!I:I) -> 28 | I14: =SUMIF(Spieler_Teams!$A:$A,$A14,Spieler_Teams!J:J) -> 24 | J14: =SUMIF(Spieler_Teams!$A:$A,$A14,Spieler_Teams!K:K) -> 14 | K14: =SUMIF(Spieler_Teams!$A:$A,$A14,Spieler_Teams!L:L) -> 69 | L14: =SUMIF(Spieler_Teams!$A:$A,$A14,Spieler_Teams!M:M) -> 20 | M14: =SUMIF(Spieler_Teams!$A:$A,$A14,Spieler_Teams!N:N) -> 29 | N14: =SUMIF(Spieler_Teams!$A:$A,$A14,Spieler_Teams!O:O) -> 15 | O14: =SUMIF(Spieler_Teams!$A:$A,$A14,Spieler_Teams!P:P) -> 61 | P14: =SUMIF(Spieler_Teams!$A:$A,$A14,Spieler_Teams!Q:Q) -> 67 | Q14: =SUMIF(Spieler_Teams!$A:$A,$A14,Spieler_Teams!R:R) -> 52 | R14: =SUMIF(Spieler_Teams!$A:$A,$A14,Spieler_Teams!S:S) -> 30 | S14: =SUMIF(Spieler_Teams!$A:$A,$A14,Spieler_Teams!T:T) -> 53 | T14: =SUMIF(Spieler_Teams!$A:$A,$A14,Spieler_Teams!U:U) -> 57 | U14: =SUMIF(Spieler_Teams!$A:$A,$A14,Spieler_Teams!V:V) -> 62 | V14: =SUMIF(Spieler_Teams!$A:$A,$A14,Spieler_Teams!W:W) -> 37 | W14: =SUMIF(Spieler_Teams!$A:$A,$A14,Spieler_Teams!X:X) -> 185 | X14: =SUMIF(Spieler_Teams!$A:$A,$A14,Spieler_Teams!Y:Y) -> 66 | Y14: =SUMIF(Spieler_Teams!$A:$A,$A14,Spieler_Teams!Z:Z) -> 46 | Z14: =SUMIF(Spieler_Teams!$A:$A,$A14,Spieler_Teams!AA:AA) -> 0 | AA14: =SUMIF(Spieler_Teams!$A:$A,$A14,Spieler_Teams!AB:AB) -> 25
... A18: Simi | B18: =SUMIF(Spieler_Teams!A:A,A18,Spieler_Teams!C:C) -> 25 | C18: =SUMIF(Spieler_Teams!$A:$A,$A18,Spieler_Teams!D:D) -> 47 | D18: =SUMIF(Spieler_Teams!$A:$A,$A18,Spieler_Teams!E:E) -> 58 | E18: =SUMIF(Spieler_Teams!$A:$A,$A18,Spieler_Teams!F:F) -> 27 | F18: =SUMIF(Spieler_Teams!$A:$A,$A18,Spieler_Teams!G:G) -> 48 | G18: =SUMIF(Spieler_Teams!$A:$A,$A18,Spieler_Teams!H:H) -> 51 | H18: =SUMIF(Spieler_Teams!$A:$A,$A18,Spieler_Teams!I:I) -> 33 | I18: =SUMIF(Spieler_Teams!$A:$A,$A18,Spieler_Teams!J:J) -> 40 | J18: =SUMIF(Spieler_Teams!$A:$A,$A18,Spieler_Teams!K:K) -> 41 | K18: =SUMIF(Spieler_Teams!$A:$A,$A18,Spieler_Teams!L:L) -> 56 | L18: =SUMIF(Spieler_Teams!$A:$A,$A18,Spieler_Teams!M:M) -> 47 | M18: =SUMIF(Spieler_Teams!$A:$A,$A18,Spieler_Teams!N:N) -> 49 | N18: =SUMIF(Spieler_Teams!$A:$A,$A18,Spieler_Teams!O:O) -> 26 | O18: =SUMIF(Spieler_Teams!$A:$A,$A18,Spieler_Teams!P:P) -> 63 | P18: =SUMIF(Spieler_Teams!$A:$A,$A18,Spieler_Teams!Q:Q) -> 50 | Q18: =SUMIF(Spieler_Teams!$A:$A,$A18,Spieler_Teams!R:R) -> 51 | R18: =SUMIF(Spieler_Teams!$A:$A,$A18,Spieler_Teams!S:S) -> 55 | S18: =SUMIF(Spieler_Teams!$A:$A,$A18,Spieler_Teams!T:T) -> 40 | T18: =SUMIF(Spieler_Teams!$A:$A,$A18,Spieler_Teams!U:U) -> 75 | U18: =SUMIF(Spieler_Teams!$A:$A,$A18,Spieler_Teams!V:V) -> 38 | V18: =SUMIF(Spieler_Teams!$A:$A,$A18,Spieler_Teams!W:W) -> 51 | W18: =SUMIF(Spieler_Teams!$A:$A,$A18,Spieler_Teams!X:X) -> 210 | X18: =SUMIF(Spieler_Teams!$A:$A,$A18,Spieler_Teams!Y:Y) -> 52 | Y18: =SUMIF(Spieler_Teams!$A:$A,$A18,Spieler_Teams!Z:Z) -> 58 | Z18: =SUMIF(Spieler_Teams!$A:$A,$A18,Spieler_Teams!AA:AA) -> 15 | AA18: =SUMIF(Spieler_Teams!$A:$A,$A18,Spieler_Teams!AB:AB) -> 25

Sheet Spieler_Teams
A1: Spieler | B1: Fahrer | C1: Stage01 | D1: Stage02 | E1: Stage03 | F1: Stage04 | G1: Stage05 | H1: Stage06 | I1: Stage07 | J1: Stage08 | K1: Stage09 | L1: Stage10 | M1: Stage11 | N1: Stage12 | O1: Stage13 | P1: Stage14 | Q1: Stage15 | R1: Stage16 | S1: Stage17 | T1: Stage18 | U1: Stage19 | V1: Stage20 | W1: Stage21 | X1: S 22 GC | Y1: S 23 Mountain | Z1: S 24 Sprint | AA1: S 25 Youth | AB1: S 26 TeamRank
A2: Reto | B2: =Startlist2026!D2 -> PogačarTadejUAE Team Emirates - XRG | C2: =SUMIF(Ergebnisse_Roh!C$2:C$21,$B2,Punktematrix!$B$2:$B$21) -> 17 | D2: =SUMIF(Ergebnisse_Roh!D$2:D$21,$B2,Punktematrix!$B$2:$B$21) -> 20 | E2: =SUMIF(Ergebnisse_Roh!E$2:E$21,$B2,Punktematrix!$B$2:$B$21) -> 30 | F2: =SUMIF(Ergebnisse_Roh!F$2:F$21,$B2,Punktematrix!$B$2:$B$21) -> 0 | G2: =SUMIF(Ergebnisse_Roh!G$2:G$21,$B2,Punktematrix!$B$2:$B$21) -> 0 | H2: =SUMIF(Ergebnisse_Roh!H$2:H$21,$B2,Punktematrix!$B$2:$B$21) -> 30 | I2: =SUMIF(Ergebnisse_Roh!I$2:I$21,$B2,Punktematrix!$B$2:$B$21) -> 5 | J2: =SUMIF(Ergebnisse_Roh!J$2:J$21,$B2,Punktematrix!$B$2:$B$21) -> 5 | ... W2: =SUMIF(Ergebnisse_Roh!W$2:W$21,$B2,Punktematrix!$B$2:$B$21) -> 3 | X2: =SUMIF(Ergebnisse_Roh!X$2:X$16,$B2,Punktematrix!$C$2:$C$16) -> 75 | Y2: =SUMIF(Ergebnisse_Roh!Y$2:Y$11,$B2,Punktematrix!$D$2:$D$11) -> 18 | Z2: =SUMIF(Ergebnisse_Roh!Z$2:Z$11,$B2,Punktematrix!$E$2:$E$11) -> 8 | AA2: =SUMIF(Ergebnisse_Roh!AA$2:AA$4,$B2,Punktematrix!$F$2:$F$4) -> 0 | AB2: =SUMIF(Ergebnisse_Roh!AB$2:AB$4,$B2,Punktematrix!$G$2:$G$4) -> 0
A3: Reto | B3: =Startlist2026!D82 -> van der PoelMathieuAlpecin - Premier Tech | C3: =SUMIF(Ergebnisse_Roh!C$2:C$21,$B3,Punktematrix!$B$2:$B$21) -> 5 | D3: =SUMIF(Ergebnisse_Roh!D$2:D$21,$B3,Punktematrix!$B$2:$B$21) -> 0 | E3: =SUMIF(Ergebnisse_Roh!E$2:E$21,$B3,Punktematrix!$B$2:$B$21) -> 0 | F3: =SUMIF(Ergebnisse_Roh!F$2:F$21,$B3,Punktematrix!$B$2:$B$21) -> 0 | G3: =SUMIF(Ergebnisse_Roh!G$2:G$21,$B3,Punktematrix!$B$2:$B$21) -> 0 | H3: =SUMIF(Ergebnisse_Roh!H$2:H$21,$B3,Punktematrix!$B$2:$B$21) -> 0 | I3: =SUMIF(Ergebnisse_Roh!I$2:I$21,$B3,Punktematrix!$B$2:$B$21) -> 0 | J3: =SUMIF(Ergebnisse_Roh!J$2:J$21,$B3,Punktematrix!$B$2:$B$21) -> 1 | ... W3: =SUMIF(Ergebnisse_Roh!W$2:W$21,$B3,Punktematrix!$B$2:$B$21) -> 25 | X3: =SUMIF(Ergebnisse_Roh!X$2:X$16,$B3,Punktematrix!$C$2:$C$16) -> 0 | Y3: =SUMIF(Ergebnisse_Roh!Y$2:Y$11,$B3,Punktematrix!$D$2:$D$11) -> 0 | Z3: =SUMIF(Ergebnisse_Roh!Z$2:Z$11,$B3,Punktematrix!$E$2:$E$11) -> 0 | AA3: =SUMIF(Ergebnisse_Roh!AA$2:AA$4,$B3,Punktematrix!$F$2:$F$4) -> 0 | AB3: =SUMIF(Ergebnisse_Roh!AB$2:AB$4,$B3,Punktematrix!$G$2:$G$4) -> 0
A4: Reto | B4: =Startlist2026!D58 -> MartinezLennyBahrain - Victorious | C4: =SUMIF(Ergebnisse_Roh!C$2:C$21,$B4,Punktematrix!$B$2:$B$21) -> 1 | D4: =SUMIF(Ergebnisse_Roh!D$2:D$21,$B4,Punktematrix!$B$2:$B$21) -> 7 | E4: =SUMIF(Ergebnisse_Roh!E$2:E$21,$B4,Punktematrix!$B$2:$B$21) -> 3 | F4: =SUMIF(Ergebnisse_Roh!F$2:F$21,$B4,Punktematrix!$B$2:$B$21) -> 0 | G4: =SUMIF(Ergebnisse_Roh!G$2:G$21,$B4,Punktematrix!$B$2:$B$21) -> 0 | H4: =SUMIF(Ergebnisse_Roh!H$2:H$21,$B4,Punktematrix!$B$2:$B$21) -> 6 | I4: =SUMIF(Ergebnisse_Roh!I$2:I$21,$B4,Punktematrix!$B$2:$B$21) -> 0 | J4: =SUMIF(Ergebnisse_Roh!J$2:J$21,$B4,Punktematrix!$B$2:$B$21) -> 0 | ... W4: =SUMIF(Ergebnisse_Roh!W$2:W$21,$B4,Punktematrix!$B$2:$B$21) -> 0 | X4: =SUMIF(Ergebnisse_Roh!X$2:X$16,$B4,Punktematrix!$C$2:$C$16) -> 55 | Y4: =SUMIF(Ergebnisse_Roh!Y$2:Y$11,$B4,Punktematrix!$D$2:$D$11) -> 8 | Z4: =SUMIF(Ergebnisse_Roh!Z$2:Z$11,$B4,Punktematrix!$E$2:$E$11) -> 0 | AA4: =SUMIF(Ergebnisse_Roh!AA$2:AA$4,$B4,Punktematrix!$F$2:$F$4) -> 5 | AB4: =SUMIF(Ergebnisse_Roh!AB$2:AB$4,$B4,Punktematrix!$G$2:$G$4) -> 0
A5: Reto | B5: =Startlist2026!D16 -> KussSeppTeam Visma | Lease a Bike | C5: =SUMIF(Ergebnisse_Roh!C$2:C$21,$B5,Punktematrix!$B$2:$B$21) -> 0 | D5: =SUMIF(Ergebnisse_Roh!D$2:D$21,$B5,Punktematrix!$B$2:$B$21) -> 0 | E5: =SUMIF(Ergebnisse_Roh!E$2:E$21,$B5,Punktematrix!$B$2:$B$21) -> 0 | F5: =SUMIF(Ergebnisse_Roh!F$2:F$21,$B5,Punktematrix!$B$2:$B$21) -> 0 | G5: =SUMIF(Ergebnisse_Roh!G$2:G$21,$B5,Punktematrix!$B$2:$B$21) -> 0 | H5: =SUMIF(Ergebnisse_Roh!H$2:H$21,$B5,Punktematrix!$B$2:$B$21) -> 7 | I5: =SUMIF(Ergebnisse_Roh!I$2:I$21,$B5,Punktematrix!$B$2:$B$21) -> 0 | J5: =SUMIF(Ergebnisse_Roh!J$2:J$21,$B5,Punktematrix!$B$2:$B$21) -> 0 | ... W5: =SUMIF(Ergebnisse_Roh!W$2:W$21,$B5,Punktematrix!$B$2:$B$21) -> 0 | X5: =SUMIF(Ergebnisse_Roh!X$2:X$16,$B5,Punktematrix!$C$2:$C$16) -> 15 | Y5: =SUMIF(Ergebnisse_Roh!Y$2:Y$11,$B5,Punktematrix!$D$2:$D$11) -> 14 | Z5: =SUMIF(Ergebnisse_Roh!Z$2:Z$11,$B5,Punktematrix!$E$2:$E$11) -> 0 | AA5: =SUMIF(Ergebnisse_Roh!AA$2:AA$4,$B5,Punktematrix!$F$2:$F$4) -> 0 | AB5: =SUMIF(Ergebnisse_Roh!AB$2:AB$4,$B5,Punktematrix!$G$2:$G$4) -> 0
A6: Reto | B6: =Startlist2026!D69 -> GannaFilippoNetcompany INEOS | C6: =SUMIF(Ergebnisse_Roh!C$2:C$21,$B6,Punktematrix!$B$2:$B$21) -> 20 | D6: =SUMIF(Ergebnisse_Roh!D$2:D$21,$B6,Punktematrix!$B$2:$B$21) -> 0 | E6: =SUMIF(Ergebnisse_Roh!E$2:E$21,$B6,Punktematrix!$B$2:$B$21) -> 0 | F6: =SUMIF(Ergebnisse_Roh!F$2:F$21,$B6,Punktematrix!$B$2:$B$21) -> 0 | G6: =SUMIF(Ergebnisse_Roh!G$2:G$21,$B6,Punktematrix!$B$2:$B$21) -> 0 | H6: =SUMIF(Ergebnisse_Roh!H$2:H$21,$B6,Punktematrix!$B$2:$B$21) -> 0 | I6: =SUMIF(Ergebnisse_Roh!I$2:I$21,$B6,Punktematrix!$B$2:$B$21) -> 0 | J6: =SUMIF(Ergebnisse_Roh!J$2:J$21,$B6,Punktematrix!$B$2:$B$21) -> 0 | ... W6: =SUMIF(Ergebnisse_Roh!W$2:W$21,$B6,Punktematrix!$B$2:$B$21) -> 2 | X6: =SUMIF(Ergebnisse_Roh!X$2:X$16,$B6,Punktematrix!$C$2:$C$16) -> 0 | Y6: =SUMIF(Ergebnisse_Roh!Y$2:Y$11,$B6,Punktematrix!$D$2:$D$11) -> 0 | Z6: =SUMIF(Ergebnisse_Roh!Z$2:Z$11,$B6,Punktematrix!$E$2:$E$11) -> 0 | AA6: =SUMIF(Ergebnisse_Roh!AA$2:AA$4,$B6,Punktematrix!$F$2:$F$4) -> 0 | AB6: =SUMIF(Ergebnisse_Roh!AB$2:AB$4,$B6,Punktematrix!$G$2:$G$4) -> 0
A7: Reto | B7: =Startlist2026!D34 -> CarapazRichardEF Education - EasyPost | C7: =SUMIF(Ergebnisse_Roh!C$2:C$21,$B7,Punktematrix!$B$2:$B$21) -> 0 | D7: =SUMIF(Ergebnisse_Roh!D$2:D$21,$B7,Punktematrix!$B$2:$B$21) -> 2 | E7: =SUMIF(Ergebnisse_Roh!E$2:E$21,$B7,Punktematrix!$B$2:$B$21) -> 15 | F7: =SUMIF(Ergebnisse_Roh!F$2:F$21,$B7,Punktematrix!$B$2:$B$21) -> 0 | G7: =SUMIF(Ergebnisse_Roh!G$2:G$21,$B7,Punktematrix!$B$2:$B$21) -> 0 | H7: =SUMIF(Ergebnisse_Roh!H$2:H$21,$B7,Punktematrix!$B$2:$B$21) -> 0 | I7: =SUMIF(Ergebnisse_Roh!I$2:I$21,$B7,Punktematrix!$B$2:$B$21) -> 0 | J7: =SUMIF(Ergebnisse_Roh!J$2:J$21,$B7,Punktematrix!$B$2:$B$21) -> 0 | ... W7: =SUMIF(Ergebnisse_Roh!W$2:W$21,$B7,Punktematrix!$B$2:$B$21) -> 2 | X7: =SUMIF(Ergebnisse_Roh!X$2:X$16,$B7,Punktematrix!$C$2:$C$16) -> 40 | Y7: =SUMIF(Ergebnisse_Roh!Y$2:Y$11,$B7,Punktematrix!$D$2:$D$11) -> 20 | Z7: =SUMIF(Ergebnisse_Roh!Z$2:Z$11,$B7,Punktematrix!$E$2:$E$11) -> 0 | AA7: =SUMIF(Ergebnisse_Roh!AA$2:AA$4,$B7,Punktematrix!$F$2:$F$4) -> 0 | AB7: =SUMIF(Ergebnisse_Roh!AB$2:AB$4,$B7,Punktematrix!$G$2:$G$4) -> 0
A8: Reto | B8: =Startlist2026!D42 -> SeixasPaulDecathlon CMA CGM Team | C8: =SUMIF(Ergebnisse_Roh!C$2:C$21,$B8,Punktematrix!$B$2:$B$21) -> 7 | D8: =SUMIF(Ergebnisse_Roh!D$2:D$21,$B8,Punktematrix!$B$2:$B$21) -> 8 | E8: =SUMIF(Ergebnisse_Roh!E$2:E$21,$B8,Punktematrix!$B$2:$B$21) -> 12 | F8: =SUMIF(Ergebnisse_Roh!F$2:F$21,$B8,Punktematrix!$B$2:$B$21) -> 0 | G8: =SUMIF(Ergebnisse_Roh!G$2:G$21,$B8,Punktematrix!$B$2:$B$21) -> 0 | H8: =SUMIF(Ergebnisse_Roh!H$2:H$21,$B8,Punktematrix!$B$2:$B$21) -> 11 | I8: =SUMIF(Ergebnisse_Roh!I$2:I$21,$B8,Punktematrix!$B$2:$B$21) -> 0 | J8: =SUMIF(Ergebnisse_Roh!J$2:J$21,$B8,Punktematrix!$B$2:$B$21) -> 0 | ... W8: =SUMIF(Ergebnisse_Roh!W$2:W$21,$B8,Punktematrix!$B$2:$B$21) -> 0 | X8: =SUMIF(Ergebnisse_Roh!X$2:X$16,$B8,Punktematrix!$C$2:$C$16) -> 60 | Y8: =SUMIF(Ergebnisse_Roh!Y$2:Y$11,$B8,Punktematrix!$D$2:$D$11) -> 6 | Z8: =SUMIF(Ergebnisse_Roh!Z$2:Z$11,$B8,Punktematrix!$E$2:$E$11) -> 0 | AA8: =SUMIF(Ergebnisse_Roh!AA$2:AA$4,$B8,Punktematrix!$F$2:$F$4) -> 10 | AB8: =SUMIF(Ergebnisse_Roh!AB$2:AB$4,$B8,Punktematrix!$G$2:$G$4) -> 0
A9: Reto | B9: =Startlist2026!D53 -> KanterMaxXDS Astana Team | C9: =SUMIF(Ergebnisse_Roh!C$2:C$21,$B9,Punktematrix!$B$2:$B$21) -> 0 | D9: =SUMIF(Ergebnisse_Roh!D$2:D$21,$B9,Punktematrix!$B$2:$B$21) -> 0 | E9: =SUMIF(Ergebnisse_Roh!E$2:E$21,$B9,Punktematrix!$B$2:$B$21) -> 0 | F9: =SUMIF(Ergebnisse_Roh!F$2:F$21,$B9,Punktematrix!$B$2:$B$21) -> 0 | G9: =SUMIF(Ergebnisse_Roh!G$2:G$21,$B9,Punktematrix!$B$2:$B$21) -> 20 | H9: =SUMIF(Ergebnisse_Roh!H$2:H$21,$B9,Punktematrix!$B$2:$B$21) -> 0 | I9: =SUMIF(Ergebnisse_Roh!I$2:I$21,$B9,Punktematrix!$B$2:$B$21) -> 12 | J9: =SUMIF(Ergebnisse_Roh!J$2:J$21,$B9,Punktematrix!$B$2:$B$21) -> 7 | ... W9: =SUMIF(Ergebnisse_Roh!W$2:W$21,$B9,Punktematrix!$B$2:$B$21) -> 12 | X9: =SUMIF(Ergebnisse_Roh!X$2:X$16,$B9,Punktematrix!$C$2:$C$16) -> 0 | Y9: =SUMIF(Ergebnisse_Roh!Y$2:Y$11,$B9,Punktematrix!$D$2:$D$11) -> 0 | Z9: =SUMIF(Ergebnisse_Roh!Z$2:Z$11,$B9,Punktematrix!$E$2:$E$11) -> 14 | AA9: =SUMIF(Ergebnisse_Roh!AA$2:AA$4,$B9,Punktematrix!$F$2:$F$4) -> 0 | AB9: =SUMIF(Ergebnisse_Roh!AB$2:AB$4,$B9,Punktematrix!$G$2:$G$4) -> 0
A10: Reto | B10: =Startlist2026!D86 -> PhilipsenJasperAlpecin - Premier Tech | C10: =SUMIF(Ergebnisse_Roh!C$2:C$21,$B10,Punktematrix!$B$2:$B$21) -> 0 | D10: =SUMIF(Ergebnisse_Roh!D$2:D$21,$B10,Punktematrix!$B$2:$B$21) -> 0 | E10: =SUMIF(Ergebnisse_Roh!E$2:E$21,$B10,Punktematrix!$B$2:$B$21) -> 0 | F10: =SUMIF(Ergebnisse_Roh!F$2:F$21,$B10,Punktematrix!$B$2:$B$21) -> 0 | G10: =SUMIF(Ergebnisse_Roh!G$2:G$21,$B10,Punktematrix!$B$2:$B$21) -> 11 | H10: =SUMIF(Ergebnisse_Roh!H$2:H$21,$B10,Punktematrix!$B$2:$B$21) -> 0 | I10: =SUMIF(Ergebnisse_Roh!I$2:I$21,$B10,Punktematrix!$B$2:$B$21) -> 11 | J10: =SUMIF(Ergebnisse_Roh!J$2:J$21,$B10,Punktematrix!$B$2:$B$21) -> 12 | ... W10: =SUMIF(Ergebnisse_Roh!W$2:W$21,$B10,Punktematrix!$B$2:$B$21) -> 20 | X10: =SUMIF(Ergebnisse_Roh!X$2:X$16,$B10,Punktematrix!$C$2:$C$16) -> 0 | Y10: =SUMIF(Ergebnisse_Roh!Y$2:Y$11,$B10,Punktematrix!$D$2:$D$11) -> 0 | Z10: =SUMIF(Ergebnisse_Roh!Z$2:Z$11,$B10,Punktematrix!$E$2:$E$11) -> 18 | AA10: =SUMIF(Ergebnisse_Roh!AA$2:AA$4,$B10,Punktematrix!$F$2:$F$4) -> 0 | AB10: =SUMIF(Ergebnisse_Roh!AB$2:AB$4,$B10,Punktematrix!$G$2:$G$4) -> 0
A11: Reto | B11: =Startlist2026!D74 -> MerlierTimSoudal Quick-Step | C11: =SUMIF(Ergebnisse_Roh!C$2:C$21,$B11,Punktematrix!$B$2:$B$21) -> 0 | D11: =SUMIF(Ergebnisse_Roh!D$2:D$21,$B11,Punktematrix!$B$2:$B$21) -> 0 | E11: =SUMIF(Ergebnisse_Roh!E$2:E$21,$B11,Punktematrix!$B$2:$B$21) -> 0 | F11: =SUMIF(Ergebnisse_Roh!F$2:F$21,$B11,Punktematrix!$B$2:$B$21) -> 0 | G11: =SUMIF(Ergebnisse_Roh!G$2:G$21,$B11,Punktematrix!$B$2:$B$21) -> 15 | H11: =SUMIF(Ergebnisse_Roh!H$2:H$21,$B11,Punktematrix!$B$2:$B$21) -> 0 | I11: =SUMIF(Ergebnisse_Roh!I$2:I$21,$B11,Punktematrix!$B$2:$B$21) -> 25 | J11: =SUMIF(Ergebnisse_Roh!J$2:J$21,$B11,Punktematrix!$B$2:$B$21) -> 25 | ... W11: =SUMIF(Ergebnisse_Roh!W$2:W$21,$B11,Punktematrix!$B$2:$B$21) -> 0 | X11: =SUMIF(Ergebnisse_Roh!X$2:X$16,$B11,Punktematrix!$C$2:$C$16) -> 0 | Y11: =SUMIF(Ergebnisse_Roh!Y$2:Y$11,$B11,Punktematrix!$D$2:$D$11) -> 0 | Z11: =SUMIF(Ergebnisse_Roh!Z$2:Z$11,$B11,Punktematrix!$E$2:$E$11) -> 0 | AA11: =SUMIF(Ergebnisse_Roh!AA$2:AA$4,$B11,Punktematrix!$F$2:$F$4) -> 0 | AB11: =SUMIF(Ergebnisse_Roh!AB$2:AB$4,$B11,Punktematrix!$G$2:$G$4) -> 0
A12: Reto | B12: =Startlist2026!D30 -> SkjelmoseMattiasLidl - Trek | C12: =SUMIF(Ergebnisse_Roh!C$2:C$21,$B12,Punktematrix!$B$2:$B$21) -> 0 | D12: =SUMIF(Ergebnisse_Roh!D$2:D$21,$B12,Punktematrix!$B$2:$B$21) -> 11 | E12: =SUMIF(Ergebnisse_Roh!E$2:E$21,$B12,Punktematrix!$B$2:$B$21) -> 5 | F12: =SUMIF(Ergebnisse_Roh!F$2:F$21,$B12,Punktematrix!$B$2:$B$21) -> 0 | G12: =SUMIF(Ergebnisse_Roh!G$2:G$21,$B12,Punktematrix!$B$2:$B$21) -> 0 | H12: =SUMIF(Ergebnisse_Roh!H$2:H$21,$B12,Punktematrix!$B$2:$B$21) -> 8 | I12: =SUMIF(Ergebnisse_Roh!I$2:I$21,$B12,Punktematrix!$B$2:$B$21) -> 0 | J12: =SUMIF(Ergebnisse_Roh!J$2:J$21,$B12,Punktematrix!$B$2:$B$21) -> 0 | ... W12: =SUMIF(Ergebnisse_Roh!W$2:W$21,$B12,Punktematrix!$B$2:$B$21) -> 0 | X12: =SUMIF(Ergebnisse_Roh!X$2:X$16,$B12,Punktematrix!$C$2:$C$16) -> 50 | Y12: =SUMIF(Ergebnisse_Roh!Y$2:Y$11,$B12,Punktematrix!$D$2:$D$11) -> 0 | Z12: =SUMIF(Ergebnisse_Roh!Z$2:Z$11,$B12,Punktematrix!$E$2:$E$11) -> 0 | AA12: =SUMIF(Ergebnisse_Roh!AA$2:AA$4,$B12,Punktematrix!$F$2:$F$4) -> 0 | AB12: =SUMIF(Ergebnisse_Roh!AB$2:AB$4,$B12,Punktematrix!$G$2:$G$4) -> 0
A13: Reto | B13: =Startlist2026!E18 -> Red Bull - BORA - hansgrohe | C13: =SUMIF(Ergebnisse_Roh!C$2:C$21,$B13,Punktematrix!$B$2:$B$21) -> 0 | D13: =SUMIF(Ergebnisse_Roh!D$2:D$21,$B13,Punktematrix!$B$2:$B$21) -> 0 | E13: =SUMIF(Ergebnisse_Roh!E$2:E$21,$B13,Punktematrix!$B$2:$B$21) -> 0 | F13: =SUMIF(Ergebnisse_Roh!F$2:F$21,$B13,Punktematrix!$B$2:$B$21) -> 0 | G13: =SUMIF(Ergebnisse_Roh!G$2:G$21,$B13,Punktematrix!$B$2:$B$21) -> 0 | H13: =SUMIF(Ergebnisse_Roh!H$2:H$21,$B13,Punktematrix!$B$2:$B$21) -> 0 | I13: =SUMIF(Ergebnisse_Roh!I$2:I$21,$B13,Punktematrix!$B$2:$B$21) -> 0 | J13: =SUMIF(Ergebnisse_Roh!J$2:J$21,$B13,Punktematrix!$B$2:$B$21) -> 0 | ... W13: =SUMIF(Ergebnisse_Roh!W$2:W$21,$B13,Punktematrix!$B$2:$B$21) -> 0 | X13: =SUMIF(Ergebnisse_Roh!X$2:X$16,$B13,Punktematrix!$C$2:$C$16) -> 0 | Y13: =SUMIF(Ergebnisse_Roh!Y$2:Y$11,$B13,Punktematrix!$D$2:$D$11) -> 0 | Z13: =SUMIF(Ergebnisse_Roh!Z$2:Z$11,$B13,Punktematrix!$E$2:$E$11) -> 0 | AA13: =SUMIF(Ergebnisse_Roh!AA$2:AA$4,$B13,Punktematrix!$F$2:$F$4) -> 0 | AB13: =SUMIF(Ergebnisse_Roh!AB$2:AB$4,$B13,Punktematrix!$G$2:$G$4) -> 20
A14: Nora | B14: =Startlist2026!D2 -> PogačarTadejUAE Team Emirates - XRG | C14: =SUMIF(Ergebnisse_Roh!C$2:C$21,$B14,Punktematrix!$B$2:$B$21) -> 17 | D14: =SUMIF(Ergebnisse_Roh!D$2:D$21,$B14,Punktematrix!$B$2:$B$21) -> 20 | E14: =SUMIF(Ergebnisse_Roh!E$2:E$21,$B14,Punktematrix!$B$2:$B$21) -> 30 | F14: =SUMIF(Ergebnisse_Roh!F$2:F$21,$B14,Punktematrix!$B$2:$B$21) -> 0 | G14: =SUMIF(Ergebnisse_Roh!G$2:G$21,$B14,Punktematrix!$B$2:$B$21) -> 0 | H14: =SUMIF(Ergebnisse_Roh!H$2:H$21,$B14,Punktematrix!$B$2:$B$21) -> 30 | I14: =SUMIF(Ergebnisse_Roh!I$2:I$21,$B14,Punktematrix!$B$2:$B$21) -> 5 | J14: =SUMIF(Ergebnisse_Roh!J$2:J$21,$B14,Punktematrix!$B$2:$B$21) -> 5 | ... W14: =SUMIF(Ergebnisse_Roh!W$2:W$21,$B14,Punktematrix!$B$2:$B$21) -> 3 | X14: =SUMIF(Ergebnisse_Roh!X$2:X$16,$B14,Punktematrix!$C$2:$C$16) -> 75 | Y14: =SUMIF(Ergebnisse_Roh!Y$2:Y$11,$B14,Punktematrix!$D$2:$D$11) -> 18 | Z14: =SUMIF(Ergebnisse_Roh!Z$2:Z$11,$B14,Punktematrix!$E$2:$E$11) -> 8 | AA14: =SUMIF(Ergebnisse_Roh!AA$2:AA$4,$B14,Punktematrix!$F$2:$F$4) -> 0 | AB14: =SUMIF(Ergebnisse_Roh!AB$2:AB$4,$B14,Punktematrix!$G$2:$G$4) -> 0
A15: Nora | B15: =Startlist2026!D82 -> van der PoelMathieuAlpecin - Premier Tech | C15: =SUMIF(Ergebnisse_Roh!C$2:C$21,$B15,Punktematrix!$B$2:$B$21) -> 5 | D15: =SUMIF(Ergebnisse_Roh!D$2:D$21,$B15,Punktematrix!$B$2:$B$21) -> 0 | E15: =SUMIF(Ergebnisse_Roh!E$2:E$21,$B15,Punktematrix!$B$2:$B$21) -> 0 | F15: =SUMIF(Ergebnisse_Roh!F$2:F$21,$B15,Punktematrix!$B$2:$B$21) -> 0 | G15: =SUMIF(Ergebnisse_Roh!G$2:G$21,$B15,Punktematrix!$B$2:$B$21) -> 0 | H15: =SUMIF(Ergebnisse_Roh!H$2:H$21,$B15,Punktematrix!$B$2:$B$21) -> 0 | I15: =SUMIF(Ergebnisse_Roh!I$2:I$21,$B15,Punktematrix!$B$2:$B$21) -> 0 | J15: =SUMIF(Ergebnisse_Roh!J$2:J$21,$B15,Punktematrix!$B$2:$B$21) -> 1 | ... W15: =SUMIF(Ergebnisse_Roh!W$2:W$21,$B15,Punktematrix!$B$2:$B$21) -> 25 | X15: =SUMIF(Ergebnisse_Roh!X$2:X$16,$B15,Punktematrix!$C$2:$C$16) -> 0 | Y15: =SUMIF(Ergebnisse_Roh!Y$2:Y$11,$B15,Punktematrix!$D$2:$D$11) -> 0 | Z15: =SUMIF(Ergebnisse_Roh!Z$2:Z$11,$B15,Punktematrix!$E$2:$E$11) -> 0 | AA15: =SUMIF(Ergebnisse_Roh!AA$2:AA$4,$B15,Punktematrix!$F$2:$F$4) -> 0 | AB15: =SUMIF(Ergebnisse_Roh!AB$2:AB$4,$B15,Punktematrix!$G$2:$G$4) -> 0
A16: Nora | B16: =Startlist2026!D86 -> PhilipsenJasperAlpecin - Premier Tech | C16: =SUMIF(Ergebnisse_Roh!C$2:C$21,$B16,Punktematrix!$B$2:$B$21) -> 0 | D16: =SUMIF(Ergebnisse_Roh!D$2:D$21,$B16,Punktematrix!$B$2:$B$21) -> 0 | E16: =SUMIF(Ergebnisse_Roh!E$2:E$21,$B16,Punktematrix!$B$2:$B$21) -> 0 | F16: =SUMIF(Ergebnisse_Roh!F$2:F$21,$B16,Punktematrix!$B$2:$B$21) -> 0 | G16: =SUMIF(Ergebnisse_Roh!G$2:G$21,$B16,Punktematrix!$B$2:$B$21) -> 11 | H16: =SUMIF(Ergebnisse_Roh!H$2:H$21,$B16,Punktematrix!$B$2:$B$21) -> 0 | I16: =SUMIF(Ergebnisse_Roh!I$2:I$21,$B16,Punktematrix!$B$2:$B$21) -> 11 | J16: =SUMIF(Ergebnisse_Roh!J$2:J$21,$B16,Punktematrix!$B$2:$B$21) -> 12 | ... W16: =SUMIF(Ergebnisse_Roh!W$2:W$21,$B16,Punktematrix!$B$2:$B$21) -> 20 | X16: =SUMIF(Ergebnisse_Roh!X$2:X$16,$B16,Punktematrix!$C$2:$C$16) -> 0 | Y16: =SUMIF(Ergebnisse_Roh!Y$2:Y$11,$B16,Punktematrix!$D$2:$D$11) -> 0 | Z16: =SUMIF(Ergebnisse_Roh!Z$2:Z$11,$B16,Punktematrix!$E$2:$E$11) -> 18 | AA16: =SUMIF(Ergebnisse_Roh!AA$2:AA$4,$B16,Punktematrix!$F$2:$F$4) -> 0 | AB16: =SUMIF(Ergebnisse_Roh!AB$2:AB$4,$B16,Punktematrix!$G$2:$G$4) -> 0
A17: Nora | B17: =Startlist2026!D42 -> SeixasPaulDecathlon CMA CGM Team | C17: =SUMIF(Ergebnisse_Roh!C$2:C$21,$B17,Punktematrix!$B$2:$B$21) -> 7 | D17: =SUMIF(Ergebnisse_Roh!D$2:D$21,$B17,Punktematrix!$B$2:$B$21) -> 8 | E17: =SUMIF(Ergebnisse_Roh!E$2:E$21,$B17,Punktematrix!$B$2:$B$21) -> 12 | F17: =SUMIF(Ergebnisse_Roh!F$2:F$21,$B17,Punktematrix!$B$2:$B$21) -> 0 | G17: =SUMIF(Ergebnisse_Roh!G$2:G$21,$B17,Punktematrix!$B$2:$B$21) -> 0 | H17: =SUMIF(Ergebnisse_Roh!H$2:H$21,$B17,Punktematrix!$B$2:$B$21) -> 11 | I17: =SUMIF(Ergebnisse_Roh!I$2:I$21,$B17,Punktematrix!$B$2:$B$21) -> 0 | J17: =SUMIF(Ergebnisse_Roh!J$2:J$21,$B17,Punktematrix!$B$2:$B$21) -> 0 | ... W17: =SUMIF(Ergebnisse_Roh!W$2:W$21,$B17,Punktematrix!$B$2:$B$21) -> 0 | X17: =SUMIF(Ergebnisse_Roh!X$2:X$16,$B17,Punktematrix!$C$2:$C$16) -> 60 | Y17: =SUMIF(Ergebnisse_Roh!Y$2:Y$11,$B17,Punktematrix!$D$2:$D$11) -> 6 | Z17: =SUMIF(Ergebnisse_Roh!Z$2:Z$11,$B17,Punktematrix!$E$2:$E$11) -> 0 | AA17: =SUMIF(Ergebnisse_Roh!AA$2:AA$4,$B17,Punktematrix!$F$2:$F$4) -> 10 | AB17: =SUMIF(Ergebnisse_Roh!AB$2:AB$4,$B17,Punktematrix!$G$2:$G$4) -> 0
A18: Nora | B18: =Startlist2026!E2 -> UAE Team Emirates - XRG | C18: =SUMIF(Ergebnisse_Roh!C$2:C$21,$B18,Punktematrix!$B$2:$B$21) -> 0 | D18: =SUMIF(Ergebnisse_Roh!D$2:D$21,$B18,Punktematrix!$B$2:$B$21) -> 2 | E18: =SUMIF(Ergebnisse_Roh!E$2:E$21,$B18,Punktematrix!$B$2:$B$21) -> 2 | F18: =SUMIF(Ergebnisse_Roh!F$2:F$21,$B18,Punktematrix!$B$2:$B$21) -> 0 | G18: =SUMIF(Ergebnisse_Roh!G$2:G$21,$B18,Punktematrix!$B$2:$B$21) -> 0 | H18: =SUMIF(Ergebnisse_Roh!H$2:H$21,$B18,Punktematrix!$B$2:$B$21) -> 2 | I18: =SUMIF(Ergebnisse_Roh!I$2:I$21,$B18,Punktematrix!$B$2:$B$21) -> 0 | J18: =SUMIF(Ergebnisse_Roh!J$2:J$21,$B18,Punktematrix!$B$2:$B$21) -> 0 | ... W18: =SUMIF(Ergebnisse_Roh!W$2:W$21,$B18,Punktematrix!$B$2:$B$21) -> 0 | X18: =SUMIF(Ergebnisse_Roh!X$2:X$16,$B18,Punktematrix!$C$2:$C$16) -> 0 | Y18: =SUMIF(Ergebnisse_Roh!Y$2:Y$11,$B18,Punktematrix!$D$2:$D$11) -> 0 | Z18: =SUMIF(Ergebnisse_Roh!Z$2:Z$11,$B18,Punktematrix!$E$2:$E$11) -> 0 | AA18: =SUMIF(Ergebnisse_Roh!AA$2:AA$4,$B18,Punktematrix!$F$2:$F$4) -> 0 | AB18: =SUMIF(Ergebnisse_Roh!AB$2:AB$4,$B18,Punktematrix!$G$2:$G$4) -> 25
A19: Nora | B19: =Startlist2026!D9 -> YatesAdamUAE Team Emirates - XRG | C19: =SUMIF(Ergebnisse_Roh!C$2:C$21,$B19,Punktematrix!$B$2:$B$21) -> 0 | D19: =SUMIF(Ergebnisse_Roh!D$2:D$21,$B19,Punktematrix!$B$2:$B$21) -> 0 | E19: =SUMIF(Ergebnisse_Roh!E$2:E$21,$B19,Punktematrix!$B$2:$B$21) -> 0 | F19: =SUMIF(Ergebnisse_Roh!F$2:F$21,$B19,Punktematrix!$B$2:$B$21) -> 0 | G19: =SUMIF(Ergebnisse_Roh!G$2:G$21,$B19,Punktematrix!$B$2:$B$21) -> 0 | H19: =SUMIF(Ergebnisse_Roh!H$2:H$21,$B19,Punktematrix!$B$2:$B$21) -> 0 | I19: =SUMIF(Ergebnisse_Roh!I$2:I$21,$B19,Punktematrix!$B$2:$B$21) -> 0 | J19: =SUMIF(Ergebnisse_Roh!J$2:J$21,$B19,Punktematrix!$B$2:$B$21) -> 0 | ... W19: =SUMIF(Ergebnisse_Roh!W$2:W$21,$B19,Punktematrix!$B$2:$B$21) -> 0 | X19: =SUMIF(Ergebnisse_Roh!X$2:X$16,$B19,Punktematrix!$C$2:$C$16) -> 0 | Y19: =SUMIF(Ergebnisse_Roh!Y$2:Y$11,$B19,Punktematrix!$D$2:$D$11) -> 0 | Z19: =SUMIF(Ergebnisse_Roh!Z$2:Z$11,$B19,Punktematrix!$E$2:$E$11) -> 0 | AA19: =SUMIF(Ergebnisse_Roh!AA$2:AA$4,$B19,Punktematrix!$F$2:$F$4) -> 0 | AB19: =SUMIF(Ergebnisse_Roh!AB$2:AB$4,$B19,Punktematrix!$G$2:$G$4) -> 0
A20: Nora | B20: =Startlist2026!D122 -> De LieArnaudLotto Intermarché | C20: =SUMIF(Ergebnisse_Roh!C$2:C$21,$B20,Punktematrix!$B$2:$B$21) -> 0 | D20: =SUMIF(Ergebnisse_Roh!D$2:D$21,$B20,Punktematrix!$B$2:$B$21) -> 0 | E20: =SUMIF(Ergebnisse_Roh!E$2:E$21,$B20,Punktematrix!$B$2:$B$21) -> 0 | F20: =SUMIF(Ergebnisse_Roh!F$2:F$21,$B20,Punktematrix!$B$2:$B$21) -> 0 | G20: =SUMIF(Ergebnisse_Roh!G$2:G$21,$B20,Punktematrix!$B$2:$B$21) -> 0 | H20: =SUMIF(Ergebnisse_Roh!H$2:H$21,$B20,Punktematrix!$B$2:$B$21) -> 0 | I20: =SUMIF(Ergebnisse_Roh!I$2:I$21,$B20,Punktematrix!$B$2:$B$21) -> 0 | J20: =SUMIF(Ergebnisse_Roh!J$2:J$21,$B20,Punktematrix!$B$2:$B$21) -> 0 | ... W20: =SUMIF(Ergebnisse_Roh!W$2:W$21,$B20,Punktematrix!$B$2:$B$21) -> 0 | X20: =SUMIF(Ergebnisse_Roh!X$2:X$16,$B20,Punktematrix!$C$2:$C$16) -> 0 | Y20: =SUMIF(Ergebnisse_Roh!Y$2:Y$11,$B20,Punktematrix!$D$2:$D$11) -> 0 | Z20: =SUMIF(Ergebnisse_Roh!Z$2:Z$11,$B20,Punktematrix!$E$2:$E$11) -> 0 | AA20: =SUMIF(Ergebnisse_Roh!AA$2:AA$4,$B20,Punktematrix!$F$2:$F$4) -> 0 | AB20: =SUMIF(Ergebnisse_Roh!AB$2:AB$4,$B20,Punktematrix!$G$2:$G$4) -> 0
A21: Nora | B21: =Startlist2026!D13 -> CampenaertsVictorTeam Visma | Lease a Bike | C21: =SUMIF(Ergebnisse_Roh!C$2:C$21,$B21,Punktematrix!$B$2:$B$21) -> 0 | D21: =SUMIF(Ergebnisse_Roh!D$2:D$21,$B21,Punktematrix!$B$2:$B$21) -> 0 | E21: =SUMIF(Ergebnisse_Roh!E$2:E$21,$B21,Punktematrix!$B$2:$B$21) -> 0 | F21: =SUMIF(Ergebnisse_Roh!F$2:F$21,$B21,Punktematrix!$B$2:$B$21) -> 0 | G21: =SUMIF(Ergebnisse_Roh!G$2:G$21,$B21,Punktematrix!$B$2:$B$21) -> 0 | H21: =SUMIF(Ergebnisse_Roh!H$2:H$21,$B21,Punktematrix!$B$2:$B$21) -> 0 | I21: =SUMIF(Ergebnisse_Roh!I$2:I$21,$B21,Punktematrix!$B$2:$B$21) -> 0 | J21: =SUMIF(Ergebnisse_Roh!J$2:J$21,$B21,Punktematrix!$B$2:$B$21) -> 0 | ... W21: =SUMIF(Ergebnisse_Roh!W$2:W$21,$B21,Punktematrix!$B$2:$B$21) -> 0 | X21: =SUMIF(Ergebnisse_Roh!X$2:X$16,$B21,Punktematrix!$C$2:$C$16) -> 0 | Y21: =SUMIF(Ergebnisse_Roh!Y$2:Y$11,$B21,Punktematrix!$D$2:$D$11) -> 0 | Z21: =SUMIF(Ergebnisse_Roh!Z$2:Z$11,$B21,Punktematrix!$E$2:$E$11) -> 0 | AA21: =SUMIF(Ergebnisse_Roh!AA$2:AA$4,$B21,Punktematrix!$F$2:$F$4) -> 0 | AB21: =SUMIF(Ergebnisse_Roh!AB$2:AB$4,$B21,Punktematrix!$G$2:$G$4) -> 0
A22: Nora | B22: =Startlist2026!D10 -> VingegaardJonasTeam Visma | Lease a Bike | C22: =SUMIF(Ergebnisse_Roh!C$2:C$21,$B22,Punktematrix!$B$2:$B$21) -> 28 | D22: =SUMIF(Ergebnisse_Roh!D$2:D$21,$B22,Punktematrix!$B$2:$B$21) -> 15 | E22: =SUMIF(Ergebnisse_Roh!E$2:E$21,$B22,Punktematrix!$B$2:$B$21) -> 20 | F22: =SUMIF(Ergebnisse_Roh!F$2:F$21,$B22,Punktematrix!$B$2:$B$21) -> 0 | G22: =SUMIF(Ergebnisse_Roh!G$2:G$21,$B22,Punktematrix!$B$2:$B$21) -> 0 | H22: =SUMIF(Ergebnisse_Roh!H$2:H$21,$B22,Punktematrix!$B$2:$B$21) -> 20 | I22: =SUMIF(Ergebnisse_Roh!I$2:I$21,$B22,Punktematrix!$B$2:$B$21) -> 0 | J22: =SUMIF(Ergebnisse_Roh!J$2:J$21,$B22,Punktematrix!$B$2:$B$21) -> 0 | ... W22: =SUMIF(Ergebnisse_Roh!W$2:W$21,$B22,Punktematrix!$B$2:$B$21) -> 0 | X22: =SUMIF(Ergebnisse_Roh!X$2:X$16,$B22,Punktematrix!$C$2:$C$16) -> 0 | Y22: =SUMIF(Ergebnisse_Roh!Y$2:Y$11,$B22,Punktematrix!$D$2:$D$11) -> 0 | Z22: =SUMIF(Ergebnisse_Roh!Z$2:Z$11,$B22,Punktematrix!$E$2:$E$11) -> 0 | AA22: =SUMIF(Ergebnisse_Roh!AA$2:AA$4,$B22,Punktematrix!$F$2:$F$4) -> 0 | AB22: =SUMIF(Ergebnisse_Roh!AB$2:AB$4,$B22,Punktematrix!$G$2:$G$4) -> 0
A23: Nora | B23: =Startlist2026!D67 -> ArensmanThymenNetcompany INEOS | C23: =SUMIF(Ergebnisse_Roh!C$2:C$21,$B23,Punktematrix!$B$2:$B$21) -> 0 | D23: =SUMIF(Ergebnisse_Roh!D$2:D$21,$B23,Punktematrix!$B$2:$B$21) -> 0 | E23: =SUMIF(Ergebnisse_Roh!E$2:E$21,$B23,Punktematrix!$B$2:$B$21) -> 0 | F23: =SUMIF(Ergebnisse_Roh!F$2:F$21,$B23,Punktematrix!$B$2:$B$21) -> 0 | G23: =SUMIF(Ergebnisse_Roh!G$2:G$21,$B23,Punktematrix!$B$2:$B$21) -> 0 | H23: =SUMIF(Ergebnisse_Roh!H$2:H$21,$B23,Punktematrix!$B$2:$B$21) -> 0 | I23: =SUMIF(Ergebnisse_Roh!I$2:I$21,$B23,Punktematrix!$B$2:$B$21) -> 0 | J23: =SUMIF(Ergebnisse_Roh!J$2:J$21,$B23,Punktematrix!$B$2:$B$21) -> 0 | ... W23: =SUMIF(Ergebnisse_Roh!W$2:W$21,$B23,Punktematrix!$B$2:$B$21) -> 0 | X23: =SUMIF(Ergebnisse_Roh!X$2:X$16,$B23,Punktematrix!$C$2:$C$16) -> 0 | Y23: =SUMIF(Ergebnisse_Roh!Y$2:Y$11,$B23,Punktematrix!$D$2:$D$11) -> 0 | Z23: =SUMIF(Ergebnisse_Roh!Z$2:Z$11,$B23,Punktematrix!$E$2:$E$11) -> 0 | AA23: =SUMIF(Ergebnisse_Roh!AA$2:AA$4,$B23,Punktematrix!$F$2:$F$4) -> 0 | AB23: =SUMIF(Ergebnisse_Roh!AB$2:AB$4,$B23,Punktematrix!$G$2:$G$4) -> 0
A24: Chrysli | B24: =Startlist2026!D22 -> LipowitzFlorianRed Bull - BORA - hansgrohe | C24: =SUMIF(Ergebnisse_Roh!C$2:C$21,$B24,Punktematrix!$B$2:$B$21) -> 8 | D24: =SUMIF(Ergebnisse_Roh!D$2:D$21,$B24,Punktematrix!$B$2:$B$21) -> 0 | E24: =SUMIF(Ergebnisse_Roh!E$2:E$21,$B24,Punktematrix!$B$2:$B$21) -> 9 | F24: =SUMIF(Ergebnisse_Roh!F$2:F$21,$B24,Punktematrix!$B$2:$B$21) -> 0 | G24: =SUMIF(Ergebnisse_Roh!G$2:G$21,$B24,Punktematrix!$B$2:$B$21) -> 0 | H24: =SUMIF(Ergebnisse_Roh!H$2:H$21,$B24,Punktematrix!$B$2:$B$21) -> 10 | I24: =SUMIF(Ergebnisse_Roh!I$2:I$21,$B24,Punktematrix!$B$2:$B$21) -> 0 | J24: =SUMIF(Ergebnisse_Roh!J$2:J$21,$B24,Punktematrix!$B$2:$B$21) -> 0 | ... W24: =SUMIF(Ergebnisse_Roh!W$2:W$21,$B24,Punktematrix!$B$2:$B$21) -> 0 | X24: =SUMIF(Ergebnisse_Roh!X$2:X$16,$B24,Punktematrix!$C$2:$C$16) -> 0 | Y24: =SUMIF(Ergebnisse_Roh!Y$2:Y$11,$B24,Punktematrix!$D$2:$D$11) -> 0 | Z24: =SUMIF(Ergebnisse_Roh!Z$2:Z$11,$B24,Punktematrix!$E$2:$E$11) -> 0 | AA24: =SUMIF(Ergebnisse_Roh!AA$2:AA$4,$B24,Punktematrix!$F$2:$F$4) -> 0 | AB24: =SUMIF(Ergebnisse_Roh!AB$2:AB$4,$B24,Punktematrix!$G$2:$G$4) -> 0
A25: Chrysli | B25: =Startlist2026!D42 -> SeixasPaulDecathlon CMA CGM Team | C25: =SUMIF(Ergebnisse_Roh!C$2:C$21,$B25,Punktematrix!$B$2:$B$21) -> 7 | D25: =SUMIF(Ergebnisse_Roh!D$2:D$21,$B25,Punktematrix!$B$2:$B$21) -> 8 | E25: =SUMIF(Ergebnisse_Roh!E$2:E$21,$B25,Punktematrix!$B$2:$B$21) -> 12 | F25: =SUMIF(Ergebnisse_Roh!F$2:F$21,$B25,Punktematrix!$B$2:$B$21) -> 0 | G25: =SUMIF(Ergebnisse_Roh!G$2:G$21,$B25,Punktematrix!$B$2:$B$21) -> 0 | H25: =SUMIF(Ergebnisse_Roh!H$2:H$21,$B25,Punktematrix!$B$2:$B$21) -> 11 | I25: =SUMIF(Ergebnisse_Roh!I$2:I$21,$B25,Punktematrix!$B$2:$B$21) -> 0 | J25: =SUMIF(Ergebnisse_Roh!J$2:J$21,$B25,Punktematrix!$B$2:$B$21) -> 0 | ... W25: =SUMIF(Ergebnisse_Roh!W$2:W$21,$B25,Punktematrix!$B$2:$B$21) -> 0 | X25: =SUMIF(Ergebnisse_Roh!X$2:X$16,$B25,Punktematrix!$C$2:$C$16) -> 60 | Y25: =SUMIF(Ergebnisse_Roh!Y$2:Y$11,$B25,Punktematrix!$D$2:$D$11) -> 6 | Z25: =SUMIF(Ergebnisse_Roh!Z$2:Z$11,$B25,Punktematrix!$E$2:$E$11) -> 0 | AA25: =SUMIF(Ergebnisse_Roh!AA$2:AA$4,$B25,Punktematrix!$F$2:$F$4) -> 10 | AB25: =SUMIF(Ergebnisse_Roh!AB$2:AB$4,$B25,Punktematrix!$G$2:$G$4) -> 0
A26: Chrysli | B26: =Startlist2026!D5 -> McNultyBrandonUAE Team Emirates - XRG | C26: =SUMIF(Ergebnisse_Roh!C$2:C$21,$B26,Punktematrix!$B$2:$B$21) -> 0 | D26: =SUMIF(Ergebnisse_Roh!D$2:D$21,$B26,Punktematrix!$B$2:$B$21) -> 0 | E26: =SUMIF(Ergebnisse_Roh!E$2:E$21,$B26,Punktematrix!$B$2:$B$21) -> 0 | F26: =SUMIF(Ergebnisse_Roh!F$2:F$21,$B26,Punktematrix!$B$2:$B$21) -> 0 | G26: =SUMIF(Ergebnisse_Roh!G$2:G$21,$B26,Punktematrix!$B$2:$B$21) -> 0 | H26: =SUMIF(Ergebnisse_Roh!H$2:H$21,$B26,Punktematrix!$B$2:$B$21) -> 0 | I26: =SUMIF(Ergebnisse_Roh!I$2:I$21,$B26,Punktematrix!$B$2:$B$21) -> 0 | J26: =SUMIF(Ergebnisse_Roh!J$2:J$21,$B26,Punktematrix!$B$2:$B$21) -> 0 | ... W26: =SUMIF(Ergebnisse_Roh!W$2:W$21,$B26,Punktematrix!$B$2:$B$21) -> 0 | X26: =SUMIF(Ergebnisse_Roh!X$2:X$16,$B26,Punktematrix!$C$2:$C$16) -> 0 | Y26: =SUMIF(Ergebnisse_Roh!Y$2:Y$11,$B26,Punktematrix!$D$2:$D$11) -> 0 | Z26: =SUMIF(Ergebnisse_Roh!Z$2:Z$11,$B26,Punktematrix!$E$2:$E$11) -> 0 | AA26: =SUMIF(Ergebnisse_Roh!AA$2:AA$4,$B26,Punktematrix!$F$2:$F$4) -> 0 | AB26: =SUMIF(Ergebnisse_Roh!AB$2:AB$4,$B26,Punktematrix!$G$2:$G$4) -> 0
A27: Chrysli | B27: =Startlist2026!D24 -> van DijkeTimRed Bull - BORA - hansgrohe | C27: =SUMIF(Ergebnisse_Roh!C$2:C$21,$B27,Punktematrix!$B$2:$B$21) -> 0 | D27: =SUMIF(Ergebnisse_Roh!D$2:D$21,$B27,Punktematrix!$B$2:$B$21) -> 0 | E27: =SUMIF(Ergebnisse_Roh!E$2:E$21,$B27,Punktematrix!$B$2:$B$21) -> 0 | F27: =SUMIF(Ergebnisse_Roh!F$2:F$21,$B27,Punktematrix!$B$2:$B$21) -> 0 | G27: =SUMIF(Ergebnisse_Roh!G$2:G$21,$B27,Punktematrix!$B$2:$B$21) -> 0 | H27: =SUMIF(Ergebnisse_Roh!H$2:H$21,$B27,Punktematrix!$B$2:$B$21) -> 0 | I27: =SUMIF(Ergebnisse_Roh!I$2:I$21,$B27,Punktematrix!$B$2:$B$21) -> 0 | J27: =SUMIF(Ergebnisse_Roh!J$2:J$21,$B27,Punktematrix!$B$2:$B$21) -> 0 | ... W27: =SUMIF(Ergebnisse_Roh!W$2:W$21,$B27,Punktematrix!$B$2:$B$21) -> 0 | X27: =SUMIF(Ergebnisse_Roh!X$2:X$16,$B27,Punktematrix!$C$2:$C$16) -> 0 | Y27: =SUMIF(Ergebnisse_Roh!Y$2:Y$11,$B27,Punktematrix!$D$2:$D$11) -> 0 | Z27: =SUMIF(Ergebnisse_Roh!Z$2:Z$11,$B27,Punktematrix!$E$2:$E$11) -> 0 | AA27: =SUMIF(Ergebnisse_Roh!AA$2:AA$4,$B27,Punktematrix!$F$2:$F$4) -> 0 | AB27: =SUMIF(Ergebnisse_Roh!AB$2:AB$4,$B27,Punktematrix!$G$2:$G$4) -> 0
A28: Chrysli | B28: =Startlist2026!D114 -> UijtdebroeksCianMovistar Team | C28: =SUMIF(Ergebnisse_Roh!C$2:C$21,$B28,Punktematrix!$B$2:$B$21) -> 0 | D28: =SUMIF(Ergebnisse_Roh!D$2:D$21,$B28,Punktematrix!$B$2:$B$21) -> 0 | E28: =SUMIF(Ergebnisse_Roh!E$2:E$21,$B28,Punktematrix!$B$2:$B$21) -> 0 | F28: =SUMIF(Ergebnisse_Roh!F$2:F$21,$B28,Punktematrix!$B$2:$B$21) -> 0 | G28: =SUMIF(Ergebnisse_Roh!G$2:G$21,$B28,Punktematrix!$B$2:$B$21) -> 0 | H28: =SUMIF(Ergebnisse_Roh!H$2:H$21,$B28,Punktematrix!$B$2:$B$21) -> 0 | I28: =SUMIF(Ergebnisse_Roh!I$2:I$21,$B28,Punktematrix!$B$2:$B$21) -> 0 | J28: =SUMIF(Ergebnisse_Roh!J$2:J$21,$B28,Punktematrix!$B$2:$B$21) -> 0 | ... W28: =SUMIF(Ergebnisse_Roh!W$2:W$21,$B28,Punktematrix!$B$2:$B$21) -> 0 | X28: =SUMIF(Ergebnisse_Roh!X$2:X$16,$B28,Punktematrix!$C$2:$C$16) -> 0 | Y28: =SUMIF(Ergebnisse_Roh!Y$2:Y$11,$B28,Punktematrix!$D$2:$D$11) -> 0 | Z28: =SUMIF(Ergebnisse_Roh!Z$2:Z$11,$B28,Punktematrix!$E$2:$E$11) -> 0 | AA28: =SUMIF(Ergebnisse_Roh!AA$2:AA$4,$B28,Punktematrix!$F$2:$F$4) -> 0 | AB28: =SUMIF(Ergebnisse_Roh!AB$2:AB$4,$B28,Punktematrix!$G$2:$G$4) -> 0
A29: Chrysli | B29: =Startlist2026!D83 -> DebruyneRamsesAlpecin - Premier Tech | C29: =SUMIF(Ergebnisse_Roh!C$2:C$21,$B29,Punktematrix!$B$2:$B$21) -> 0 | D29: =SUMIF(Ergebnisse_Roh!D$2:D$21,$B29,Punktematrix!$B$2:$B$21) -> 0 | E29: =SUMIF(Ergebnisse_Roh!E$2:E$21,$B29,Punktematrix!$B$2:$B$21) -> 0 | F29: =SUMIF(Ergebnisse_Roh!F$2:F$21,$B29,Punktematrix!$B$2:$B$21) -> 11 | G29: =SUMIF(Ergebnisse_Roh!G$2:G$21,$B29,Punktematrix!$B$2:$B$21) -> 0 | H29: =SUMIF(Ergebnisse_Roh!H$2:H$21,$B29,Punktematrix!$B$2:$B$21) -> 0 | I29: =SUMIF(Ergebnisse_Roh!I$2:I$21,$B29,Punktematrix!$B$2:$B$21) -> 0 | J29: =SUMIF(Ergebnisse_Roh!J$2:J$21,$B29,Punktematrix!$B$2:$B$21) -> 0 | ... W29: =SUMIF(Ergebnisse_Roh!W$2:W$21,$B29,Punktematrix!$B$2:$B$21) -> 0 | X29: =SUMIF(Ergebnisse_Roh!X$2:X$16,$B29,Punktematrix!$C$2:$C$16) -> 0 | Y29: =SUMIF(Ergebnisse_Roh!Y$2:Y$11,$B29,Punktematrix!$D$2:$D$11) -> 0 | Z29: =SUMIF(Ergebnisse_Roh!Z$2:Z$11,$B29,Punktematrix!$E$2:$E$11) -> 0 | AA29: =SUMIF(Ergebnisse_Roh!AA$2:AA$4,$B29,Punktematrix!$F$2:$F$4) -> 0 | AB29: =SUMIF(Ergebnisse_Roh!AB$2:AB$4,$B29,Punktematrix!$G$2:$G$4) -> 0
A30: Chrysli | B30: =Startlist2026!D3 -> del ToroIsaacUAE Team Emirates - XRG | C30: =SUMIF(Ergebnisse_Roh!C$2:C$21,$B30,Punktematrix!$B$2:$B$21) -> 10 | D30: =SUMIF(Ergebnisse_Roh!D$2:D$21,$B30,Punktematrix!$B$2:$B$21) -> 29 | E30: =SUMIF(Ergebnisse_Roh!E$2:E$21,$B30,Punktematrix!$B$2:$B$21) -> 10 | F30: =SUMIF(Ergebnisse_Roh!F$2:F$21,$B30,Punktematrix!$B$2:$B$21) -> 0 | G30: =SUMIF(Ergebnisse_Roh!G$2:G$21,$B30,Punktematrix!$B$2:$B$21) -> 0 | H30: =SUMIF(Ergebnisse_Roh!H$2:H$21,$B30,Punktematrix!$B$2:$B$21) -> 17 | I30: =SUMIF(Ergebnisse_Roh!I$2:I$21,$B30,Punktematrix!$B$2:$B$21) -> 2 | J30: =SUMIF(Ergebnisse_Roh!J$2:J$21,$B30,Punktematrix!$B$2:$B$21) -> 2 | ... W30: =SUMIF(Ergebnisse_Roh!W$2:W$21,$B30,Punktematrix!$B$2:$B$21) -> 2 | X30: =SUMIF(Ergebnisse_Roh!X$2:X$16,$B30,Punktematrix!$C$2:$C$16) -> 65 | Y30: =SUMIF(Ergebnisse_Roh!Y$2:Y$11,$B30,Punktematrix!$D$2:$D$11) -> 10 | Z30: =SUMIF(Ergebnisse_Roh!Z$2:Z$11,$B30,Punktematrix!$E$2:$E$11) -> 4 | AA30: =SUMIF(Ergebnisse_Roh!AA$2:AA$4,$B30,Punktematrix!$F$2:$F$4) -> 15 | AB30: =SUMIF(Ergebnisse_Roh!AB$2:AB$4,$B30,Punktematrix!$G$2:$G$4) -> 0
A31: Chrysli | B31: =Startlist2026!D59 -> BauhausPhilBahrain - Victorious | C31: =SUMIF(Ergebnisse_Roh!C$2:C$21,$B31,Punktematrix!$B$2:$B$21) -> 0 | D31: =SUMIF(Ergebnisse_Roh!D$2:D$21,$B31,Punktematrix!$B$2:$B$21) -> 0 | E31: =SUMIF(Ergebnisse_Roh!E$2:E$21,$B31,Punktematrix!$B$2:$B$21) -> 0 | F31: =SUMIF(Ergebnisse_Roh!F$2:F$21,$B31,Punktematrix!$B$2:$B$21) -> 0 | G31: =SUMIF(Ergebnisse_Roh!G$2:G$21,$B31,Punktematrix!$B$2:$B$21) -> 0 | H31: =SUMIF(Ergebnisse_Roh!H$2:H$21,$B31,Punktematrix!$B$2:$B$21) -> 0 | I31: =SUMIF(Ergebnisse_Roh!I$2:I$21,$B31,Punktematrix!$B$2:$B$21) -> 10 | J31: =SUMIF(Ergebnisse_Roh!J$2:J$21,$B31,Punktematrix!$B$2:$B$21) -> 0 | ... W31: =SUMIF(Ergebnisse_Roh!W$2:W$21,$B31,Punktematrix!$B$2:$B$21) -> 0 | X31: =SUMIF(Ergebnisse_Roh!X$2:X$16,$B31,Punktematrix!$C$2:$C$16) -> 0 | Y31: =SUMIF(Ergebnisse_Roh!Y$2:Y$11,$B31,Punktematrix!$D$2:$D$11) -> 0 | Z31: =SUMIF(Ergebnisse_Roh!Z$2:Z$11,$B31,Punktematrix!$E$2:$E$11) -> 0 | AA31: =SUMIF(Ergebnisse_Roh!AA$2:AA$4,$B31,Punktematrix!$F$2:$F$4) -> 0 | AB31: =SUMIF(Ergebnisse_Roh!AB$2:AB$4,$B31,Punktematrix!$G$2:$G$4) -> 0
A32: Chrysli | B32: =Startlist2026!D6 -> PolittNilsUAE Team Emirates - XRG | C32: =SUMIF(Ergebnisse_Roh!C$2:C$21,$B32,Punktematrix!$B$2:$B$21) -> 0 | D32: =SUMIF(Ergebnisse_Roh!D$2:D$21,$B32,Punktematrix!$B$2:$B$21) -> 0 | E32: =SUMIF(Ergebnisse_Roh!E$2:E$21,$B32,Punktematrix!$B$2:$B$21) -> 0 | F32: =SUMIF(Ergebnisse_Roh!F$2:F$21,$B32,Punktematrix!$B$2:$B$21) -> 0 | G32: =SUMIF(Ergebnisse_Roh!G$2:G$21,$B32,Punktematrix!$B$2:$B$21) -> 0 | H32: =SUMIF(Ergebnisse_Roh!H$2:H$21,$B32,Punktematrix!$B$2:$B$21) -> 0 | I32: =SUMIF(Ergebnisse_Roh!I$2:I$21,$B32,Punktematrix!$B$2:$B$21) -> 0 | J32: =SUMIF(Ergebnisse_Roh!J$2:J$21,$B32,Punktematrix!$B$2:$B$21) -> 0 | ... W32: =SUMIF(Ergebnisse_Roh!W$2:W$21,$B32,Punktematrix!$B$2:$B$21) -> 0 | X32: =SUMIF(Ergebnisse_Roh!X$2:X$16,$B32,Punktematrix!$C$2:$C$16) -> 0 | Y32: =SUMIF(Ergebnisse_Roh!Y$2:Y$11,$B32,Punktematrix!$D$2:$D$11) -> 0 | Z32: =SUMIF(Ergebnisse_Roh!Z$2:Z$11,$B32,Punktematrix!$E$2:$E$11) -> 0 | AA32: =SUMIF(Ergebnisse_Roh!AA$2:AA$4,$B32,Punktematrix!$F$2:$F$4) -> 0 | AB32: =SUMIF(Ergebnisse_Roh!AB$2:AB$4,$B32,Punktematrix!$G$2:$G$4) -> 0
A33: Chrysli | B33: =Startlist2026!D17 -> PiganzoliDavideTeam Visma | Lease a Bike | C33: =SUMIF(Ergebnisse_Roh!C$2:C$21,$B33,Punktematrix!$B$2:$B$21) -> 9 | D33: =SUMIF(Ergebnisse_Roh!D$2:D$21,$B33,Punktematrix!$B$2:$B$21) -> 0 | E33: =SUMIF(Ergebnisse_Roh!E$2:E$21,$B33,Punktematrix!$B$2:$B$21) -> 0 | F33: =SUMIF(Ergebnisse_Roh!F$2:F$21,$B33,Punktematrix!$B$2:$B$21) -> 0 | G33: =SUMIF(Ergebnisse_Roh!G$2:G$21,$B33,Punktematrix!$B$2:$B$21) -> 0 | H33: =SUMIF(Ergebnisse_Roh!H$2:H$21,$B33,Punktematrix!$B$2:$B$21) -> 0 | I33: =SUMIF(Ergebnisse_Roh!I$2:I$21,$B33,Punktematrix!$B$2:$B$21) -> 0 | J33: =SUMIF(Ergebnisse_Roh!J$2:J$21,$B33,Punktematrix!$B$2:$B$21) -> 0 | ... W33: =SUMIF(Ergebnisse_Roh!W$2:W$21,$B33,Punktematrix!$B$2:$B$21) -> 0 | X33: =SUMIF(Ergebnisse_Roh!X$2:X$16,$B33,Punktematrix!$C$2:$C$16) -> 10 | Y33: =SUMIF(Ergebnisse_Roh!Y$2:Y$11,$B33,Punktematrix!$D$2:$D$11) -> 0 | Z33: =SUMIF(Ergebnisse_Roh!Z$2:Z$11,$B33,Punktematrix!$E$2:$E$11) -> 0 | AA33: =SUMIF(Ergebnisse_Roh!AA$2:AA$4,$B33,Punktematrix!$F$2:$F$4) -> 0 | AB33: =SUMIF(Ergebnisse_Roh!AB$2:AB$4,$B33,Punktematrix!$G$2:$G$4) -> 0
A34: Chrysli | B34: =Startlist2026!D86 -> PhilipsenJasperAlpecin - Premier Tech | C34: =SUMIF(Ergebnisse_Roh!C$2:C$21,$B34,Punktematrix!$B$2:$B$21) -> 0 | D34: =SUMIF(Ergebnisse_Roh!D$2:D$21,$B34,Punktematrix!$B$2:$B$21) -> 0 | E34: =SUMIF(Ergebnisse_Roh!E$2:E$21,$B34,Punktematrix!$B$2:$B$21) -> 0 | F34: =SUMIF(Ergebnisse_Roh!F$2:F$21,$B34,Punktematrix!$B$2:$B$21) -> 0 | G34: =SUMIF(Ergebnisse_Roh!G$2:G$21,$B34,Punktematrix!$B$2:$B$21) -> 11 | H34: =SUMIF(Ergebnisse_Roh!H$2:H$21,$B34,Punktematrix!$B$2:$B$21) -> 0 | I34: =SUMIF(Ergebnisse_Roh!I$2:I$21,$B34,Punktematrix!$B$2:$B$21) -> 11 | J34: =SUMIF(Ergebnisse_Roh!J$2:J$21,$B34,Punktematrix!$B$2:$B$21) -> 12 | ... W34: =SUMIF(Ergebnisse_Roh!W$2:W$21,$B34,Punktematrix!$B$2:$B$21) -> 20 | X34: =SUMIF(Ergebnisse_Roh!X$2:X$16,$B34,Punktematrix!$C$2:$C$16) -> 0 | Y34: =SUMIF(Ergebnisse_Roh!Y$2:Y$11,$B34,Punktematrix!$D$2:$D$11) -> 0 | Z34: =SUMIF(Ergebnisse_Roh!Z$2:Z$11,$B34,Punktematrix!$E$2:$E$11) -> 18 | AA34: =SUMIF(Ergebnisse_Roh!AA$2:AA$4,$B34,Punktematrix!$F$2:$F$4) -> 0 | AB34: =SUMIF(Ergebnisse_Roh!AB$2:AB$4,$B34,Punktematrix!$G$2:$G$4) -> 0
A35: Chrysli | B35: van den BergJuliusTeam Picnic PostNL | C35: =SUMIF(Ergebnisse_Roh!C$2:C$21,$B35,Punktematrix!$B$2:$B$21) -> 0 | D35: =SUMIF(Ergebnisse_Roh!D$2:D$21,$B35,Punktematrix!$B$2:$B$21) -> 0 | E35: =SUMIF(Ergebnisse_Roh!E$2:E$21,$B35,Punktematrix!$B$2:$B$21) -> 0 | F35: =SUMIF(Ergebnisse_Roh!F$2:F$21,$B35,Punktematrix!$B$2:$B$21) -> 0 | G35: =SUMIF(Ergebnisse_Roh!G$2:G$21,$B35,Punktematrix!$B$2:$B$21) -> 0 | H35: =SUMIF(Ergebnisse_Roh!H$2:H$21,$B35,Punktematrix!$B$2:$B$21) -> 0 | I35: =SUMIF(Ergebnisse_Roh!I$2:I$21,$B35,Punktematrix!$B$2:$B$21) -> 0 | J35: =SUMIF(Ergebnisse_Roh!J$2:J$21,$B35,Punktematrix!$B$2:$B$21) -> 0 | ... W35: =SUMIF(Ergebnisse_Roh!W$2:W$21,$B35,Punktematrix!$B$2:$B$21) -> 0 | X35: =SUMIF(Ergebnisse_Roh!X$2:X$16,$B35,Punktematrix!$C$2:$C$16) -> 0 | Y35: =SUMIF(Ergebnisse_Roh!Y$2:Y$11,$B35,Punktematrix!$D$2:$D$11) -> 0 | Z35: =SUMIF(Ergebnisse_Roh!Z$2:Z$11,$B35,Punktematrix!$E$2:$E$11) -> 0 | AA35: =SUMIF(Ergebnisse_Roh!AA$2:AA$4,$B35,Punktematrix!$F$2:$F$4) -> 0 | AB35: =SUMIF(Ergebnisse_Roh!AB$2:AB$4,$B35,Punktematrix!$G$2:$G$4) -> 0
A36: Chrysli | B36: VermeerschFlorianUAE Team Emirates - XRG | C36: =SUMIF(Ergebnisse_Roh!C$2:C$21,$B36,Punktematrix!$B$2:$B$21) -> 0 | D36: =SUMIF(Ergebnisse_Roh!D$2:D$21,$B36,Punktematrix!$B$2:$B$21) -> 0 | E36: =SUMIF(Ergebnisse_Roh!E$2:E$21,$B36,Punktematrix!$B$2:$B$21) -> 0 | F36: =SUMIF(Ergebnisse_Roh!F$2:F$21,$B36,Punktematrix!$B$2:$B$21) -> 0 | G36: =SUMIF(Ergebnisse_Roh!G$2:G$21,$B36,Punktematrix!$B$2:$B$21) -> 0 | H36: =SUMIF(Ergebnisse_Roh!H$2:H$21,$B36,Punktematrix!$B$2:$B$21) -> 0 | I36: =SUMIF(Ergebnisse_Roh!I$2:I$21,$B36,Punktematrix!$B$2:$B$21) -> 0 | J36: =SUMIF(Ergebnisse_Roh!J$2:J$21,$B36,Punktematrix!$B$2:$B$21) -> 0 | ... W36: =SUMIF(Ergebnisse_Roh!W$2:W$21,$B36,Punktematrix!$B$2:$B$21) -> 0 | X36: =SUMIF(Ergebnisse_Roh!X$2:X$16,$B36,Punktematrix!$C$2:$C$16) -> 0 | Y36: =SUMIF(Ergebnisse_Roh!Y$2:Y$11,$B36,Punktematrix!$D$2:$D$11) -> 0 | Z36: =SUMIF(Ergebnisse_Roh!Z$2:Z$11,$B36,Punktematrix!$E$2:$E$11) -> 0 | AA36: =SUMIF(Ergebnisse_Roh!AA$2:AA$4,$B36,Punktematrix!$F$2:$F$4) -> 0 | AB36: =SUMIF(Ergebnisse_Roh!AB$2:AB$4,$B36,Punktematrix!$G$2:$G$4) -> 0
A37: Chrysli | B37: O'ConnorBenTeam Jayco AlUla | C37: =SUMIF(Ergebnisse_Roh!C$2:C$21,$B37,Punktematrix!$B$2:$B$21) -> 0 | D37: =SUMIF(Ergebnisse_Roh!D$2:D$21,$B37,Punktematrix!$B$2:$B$21) -> 0 | E37: =SUMIF(Ergebnisse_Roh!E$2:E$21,$B37,Punktematrix!$B$2:$B$21) -> 0 | F37: =SUMIF(Ergebnisse_Roh!F$2:F$21,$B37,Punktematrix!$B$2:$B$21) -> 0 | G37: =SUMIF(Ergebnisse_Roh!G$2:G$21,$B37,Punktematrix!$B$2:$B$21) -> 0 | H37: =SUMIF(Ergebnisse_Roh!H$2:H$21,$B37,Punktematrix!$B$2:$B$21) -> 0 | I37: =SUMIF(Ergebnisse_Roh!I$2:I$21,$B37,Punktematrix!$B$2:$B$21) -> 0 | J37: =SUMIF(Ergebnisse_Roh!J$2:J$21,$B37,Punktematrix!$B$2:$B$21) -> 0 | ... W37: =SUMIF(Ergebnisse_Roh!W$2:W$21,$B37,Punktematrix!$B$2:$B$21) -> 0 | X37: =SUMIF(Ergebnisse_Roh!X$2:X$16,$B37,Punktematrix!$C$2:$C$16) -> 0 | Y37: =SUMIF(Ergebnisse_Roh!Y$2:Y$11,$B37,Punktematrix!$D$2:$D$11) -> 0 | Z37: =SUMIF(Ergebnisse_Roh!Z$2:Z$11,$B37,Punktematrix!$E$2:$E$11) -> 0 | AA37: =SUMIF(Ergebnisse_Roh!AA$2:AA$4,$B37,Punktematrix!$F$2:$F$4) -> 0 | AB37: =SUMIF(Ergebnisse_Roh!AB$2:AB$4,$B37,Punktematrix!$G$2:$G$4) -> 0
A38: Chrysli | B38: JorgensonMatteoTeam Visma | Lease a Bike | C38: =SUMIF(Ergebnisse_Roh!C$2:C$21,$B38,Punktematrix!$B$2:$B$21) -> 0 | D38: =SUMIF(Ergebnisse_Roh!D$2:D$21,$B38,Punktematrix!$B$2:$B$21) -> 0 | E38: =SUMIF(Ergebnisse_Roh!E$2:E$21,$B38,Punktematrix!$B$2:$B$21) -> 0 | F38: =SUMIF(Ergebnisse_Roh!F$2:F$21,$B38,Punktematrix!$B$2:$B$21) -> 0 | G38: =SUMIF(Ergebnisse_Roh!G$2:G$21,$B38,Punktematrix!$B$2:$B$21) -> 0 | H38: =SUMIF(Ergebnisse_Roh!H$2:H$21,$B38,Punktematrix!$B$2:$B$21) -> 0 | I38: =SUMIF(Ergebnisse_Roh!I$2:I$21,$B38,Punktematrix!$B$2:$B$21) -> 0 | J38: =SUMIF(Ergebnisse_Roh!J$2:J$21,$B38,Punktematrix!$B$2:$B$21) -> 0 | ... W38: =SUMIF(Ergebnisse_Roh!W$2:W$21,$B38,Punktematrix!$B$2:$B$21) -> 0 | X38: =SUMIF(Ergebnisse_Roh!X$2:X$16,$B38,Punktematrix!$C$2:$C$16) -> 0 | Y38: =SUMIF(Ergebnisse_Roh!Y$2:Y$11,$B38,Punktematrix!$D$2:$D$11) -> 0 | Z38: =SUMIF(Ergebnisse_Roh!Z$2:Z$11,$B38,Punktematrix!$E$2:$E$11) -> 0 | AA38: =SUMIF(Ergebnisse_Roh!AA$2:AA$4,$B38,Punktematrix!$F$2:$F$4) -> 0 | AB38: =SUMIF(Ergebnisse_Roh!AB$2:AB$4,$B38,Punktematrix!$G$2:$G$4) -> 0
A39: Chrysli | B39: Decathlon CMA CGM Team | C39: =SUMIF(Ergebnisse_Roh!C$2:C$21,$B39,Punktematrix!$B$2:$B$21) -> 0 | D39: =SUMIF(Ergebnisse_Roh!D$2:D$21,$B39,Punktematrix!$B$2:$B$21) -> 0 | E39: =SUMIF(Ergebnisse_Roh!E$2:E$21,$B39,Punktematrix!$B$2:$B$21) -> 0 | F39: =SUMIF(Ergebnisse_Roh!F$2:F$21,$B39,Punktematrix!$B$2:$B$21) -> 0 | G39: =SUMIF(Ergebnisse_Roh!G$2:G$21,$B39,Punktematrix!$B$2:$B$21) -> 0 | H39: =SUMIF(Ergebnisse_Roh!H$2:H$21,$B39,Punktematrix!$B$2:$B$21) -> 0 | I39: =SUMIF(Ergebnisse_Roh!I$2:I$21,$B39,Punktematrix!$B$2:$B$21) -> 0 | J39: =SUMIF(Ergebnisse_Roh!J$2:J$21,$B39,Punktematrix!$B$2:$B$21) -> 0 | ... W39: =SUMIF(Ergebnisse_Roh!W$2:W$21,$B39,Punktematrix!$B$2:$B$21) -> 0 | X39: =SUMIF(Ergebnisse_Roh!X$2:X$16,$B39,Punktematrix!$C$2:$C$16) -> 0 | Y39: =SUMIF(Ergebnisse_Roh!Y$2:Y$11,$B39,Punktematrix!$D$2:$D$11) -> 0 | Z39: =SUMIF(Ergebnisse_Roh!Z$2:Z$11,$B39,Punktematrix!$E$2:$E$11) -> 0 | AA39: =SUMIF(Ergebnisse_Roh!AA$2:AA$4,$B39,Punktematrix!$F$2:$F$4) -> 0 | AB39: =SUMIF(Ergebnisse_Roh!AB$2:AB$4,$B39,Punktematrix!$G$2:$G$4) -> 0
A40: Rikki | B40: PogačarTadejUAE Team Emirates - XRG | C40: =SUMIF(Ergebnisse_Roh!C$2:C$21,$B40,Punktematrix!$B$2:$B$21) -> 17 | D40: =SUMIF(Ergebnisse_Roh!D$2:D$21,$B40,Punktematrix!$B$2:$B$21) -> 20 | E40: =SUMIF(Ergebnisse_Roh!E$2:E$21,$B40,Punktematrix!$B$2:$B$21) -> 30 | F40: =SUMIF(Ergebnisse_Roh!F$2:F$21,$B40,Punktematrix!$B$2:$B$21) -> 0 | G40: =SUMIF(Ergebnisse_Roh!G$2:G$21,$B40,Punktematrix!$B$2:$B$21) -> 0 | H40: =SUMIF(Ergebnisse_Roh!H$2:H$21,$B40,Punktematrix!$B$2:$B$21) -> 30 | I40: =SUMIF(Ergebnisse_Roh!I$2:I$21,$B40,Punktematrix!$B$2:$B$21) -> 5 | J40: =SUMIF(Ergebnisse_Roh!J$2:J$21,$B40,Punktematrix!$B$2:$B$21) -> 5 | ... W40: =SUMIF(Ergebnisse_Roh!W$2:W$21,$B40,Punktematrix!$B$2:$B$21) -> 3 | X40: =SUMIF(Ergebnisse_Roh!X$2:X$16,$B40,Punktematrix!$C$2:$C$16) -> 75 | Y40: =SUMIF(Ergebnisse_Roh!Y$2:Y$11,$B40,Punktematrix!$D$2:$D$11) -> 18 | Z40: =SUMIF(Ergebnisse_Roh!Z$2:Z$11,$B40,Punktematrix!$E$2:$E$11) -> 8 | AA40: =SUMIF(Ergebnisse_Roh!AA$2:AA$4,$B40,Punktematrix!$F$2:$F$4) -> 0 | AB40: =SUMIF(Ergebnisse_Roh!AB$2:AB$4,$B40,Punktematrix!$G$2:$G$4) -> 0
A41: Rikki | B41: MartinezLennyBahrain - Victorious | C41: =SUMIF(Ergebnisse_Roh!C$2:C$21,$B41,Punktematrix!$B$2:$B$21) -> 1 | D41: =SUMIF(Ergebnisse_Roh!D$2:D$21,$B41,Punktematrix!$B$2:$B$21) -> 7 | E41: =SUMIF(Ergebnisse_Roh!E$2:E$21,$B41,Punktematrix!$B$2:$B$21) -> 3 | F41: =SUMIF(Ergebnisse_Roh!F$2:F$21,$B41,Punktematrix!$B$2:$B$21) -> 0 | G41: =SUMIF(Ergebnisse_Roh!G$2:G$21,$B41,Punktematrix!$B$2:$B$21) -> 0 | H41: =SUMIF(Ergebnisse_Roh!H$2:H$21,$B41,Punktematrix!$B$2:$B$21) -> 6 | I41: =SUMIF(Ergebnisse_Roh!I$2:I$21,$B41,Punktematrix!$B$2:$B$21) -> 0 | J41: =SUMIF(Ergebnisse_Roh!J$2:J$21,$B41,Punktematrix!$B$2:$B$21) -> 0 | ... W41: =SUMIF(Ergebnisse_Roh!W$2:W$21,$B41,Punktematrix!$B$2:$B$21) -> 0 | X41: =SUMIF(Ergebnisse_Roh!X$2:X$16,$B41,Punktematrix!$C$2:$C$16) -> 55 | Y41: =SUMIF(Ergebnisse_Roh!Y$2:Y$11,$B41,Punktematrix!$D$2:$D$11) -> 8 | Z41: =SUMIF(Ergebnisse_Roh!Z$2:Z$11,$B41,Punktematrix!$E$2:$E$11) -> 0 | AA41: =SUMIF(Ergebnisse_Roh!AA$2:AA$4,$B41,Punktematrix!$F$2:$F$4) -> 5 | AB41: =SUMIF(Ergebnisse_Roh!AB$2:AB$4,$B41,Punktematrix!$G$2:$G$4) -> 0
A42: Rikki | B42: CastrilloPabloMovistar Team | C42: =SUMIF(Ergebnisse_Roh!C$2:C$21,$B42,Punktematrix!$B$2:$B$21) -> 0 | D42: =SUMIF(Ergebnisse_Roh!D$2:D$21,$B42,Punktematrix!$B$2:$B$21) -> 0 | E42: =SUMIF(Ergebnisse_Roh!E$2:E$21,$B42,Punktematrix!$B$2:$B$21) -> 0 | F42: =SUMIF(Ergebnisse_Roh!F$2:F$21,$B42,Punktematrix!$B$2:$B$21) -> 6 | G42: =SUMIF(Ergebnisse_Roh!G$2:G$21,$B42,Punktematrix!$B$2:$B$21) -> 0 | H42: =SUMIF(Ergebnisse_Roh!H$2:H$21,$B42,Punktematrix!$B$2:$B$21) -> 0 | I42: =SUMIF(Ergebnisse_Roh!I$2:I$21,$B42,Punktematrix!$B$2:$B$21) -> 0 | J42: =SUMIF(Ergebnisse_Roh!J$2:J$21,$B42,Punktematrix!$B$2:$B$21) -> 0 | ... W42: =SUMIF(Ergebnisse_Roh!W$2:W$21,$B42,Punktematrix!$B$2:$B$21) -> 0 | X42: =SUMIF(Ergebnisse_Roh!X$2:X$16,$B42,Punktematrix!$C$2:$C$16) -> 0 | Y42: =SUMIF(Ergebnisse_Roh!Y$2:Y$11,$B42,Punktematrix!$D$2:$D$11) -> 0 | Z42: =SUMIF(Ergebnisse_Roh!Z$2:Z$11,$B42,Punktematrix!$E$2:$E$11) -> 0 | AA42: =SUMIF(Ergebnisse_Roh!AA$2:AA$4,$B42,Punktematrix!$F$2:$F$4) -> 0 | AB42: =SUMIF(Ergebnisse_Roh!AB$2:AB$4,$B42,Punktematrix!$G$2:$G$4) -> 0
A43: Rikki | B43: HealyBenEF Education - EasyPost | C43: =SUMIF(Ergebnisse_Roh!C$2:C$21,$B43,Punktematrix!$B$2:$B$21) -> 0 | D43: =SUMIF(Ergebnisse_Roh!D$2:D$21,$B43,Punktematrix!$B$2:$B$21) -> 0 | E43: =SUMIF(Ergebnisse_Roh!E$2:E$21,$B43,Punktematrix!$B$2:$B$21) -> 0 | F43: =SUMIF(Ergebnisse_Roh!F$2:F$21,$B43,Punktematrix!$B$2:$B$21) -> 0 | G43: =SUMIF(Ergebnisse_Roh!G$2:G$21,$B43,Punktematrix!$B$2:$B$21) -> 0 | H43: =SUMIF(Ergebnisse_Roh!H$2:H$21,$B43,Punktematrix!$B$2:$B$21) -> 0 | I43: =SUMIF(Ergebnisse_Roh!I$2:I$21,$B43,Punktematrix!$B$2:$B$21) -> 0 | J43: =SUMIF(Ergebnisse_Roh!J$2:J$21,$B43,Punktematrix!$B$2:$B$21) -> 0 | ... W43: =SUMIF(Ergebnisse_Roh!W$2:W$21,$B43,Punktematrix!$B$2:$B$21) -> 0 | X43: =SUMIF(Ergebnisse_Roh!X$2:X$16,$B43,Punktematrix!$C$2:$C$16) -> 0 | Y43: =SUMIF(Ergebnisse_Roh!Y$2:Y$11,$B43,Punktematrix!$D$2:$D$11) -> 0 | Z43: =SUMIF(Ergebnisse_Roh!Z$2:Z$11,$B43,Punktematrix!$E$2:$E$11) -> 0 | AA43: =SUMIF(Ergebnisse_Roh!AA$2:AA$4,$B43,Punktematrix!$F$2:$F$4) -> 0 | AB43: =SUMIF(Ergebnisse_Roh!AB$2:AB$4,$B43,Punktematrix!$G$2:$G$4) -> 0
A44: Rikki | B44: PedersenMadsLidl - Trek | C44: =SUMIF(Ergebnisse_Roh!C$2:C$21,$B44,Punktematrix!$B$2:$B$21) -> 0 | D44: =SUMIF(Ergebnisse_Roh!D$2:D$21,$B44,Punktematrix!$B$2:$B$21) -> 0 | E44: =SUMIF(Ergebnisse_Roh!E$2:E$21,$B44,Punktematrix!$B$2:$B$21) -> 0 | F44: =SUMIF(Ergebnisse_Roh!F$2:F$21,$B44,Punktematrix!$B$2:$B$21) -> 27 | G44: =SUMIF(Ergebnisse_Roh!G$2:G$21,$B44,Punktematrix!$B$2:$B$21) -> 11 | H44: =SUMIF(Ergebnisse_Roh!H$2:H$21,$B44,Punktematrix!$B$2:$B$21) -> 2 | I44: =SUMIF(Ergebnisse_Roh!I$2:I$21,$B44,Punktematrix!$B$2:$B$21) -> 9 | J44: =SUMIF(Ergebnisse_Roh!J$2:J$21,$B44,Punktematrix!$B$2:$B$21) -> 6 | ... W44: =SUMIF(Ergebnisse_Roh!W$2:W$21,$B44,Punktematrix!$B$2:$B$21) -> 17 | X44: =SUMIF(Ergebnisse_Roh!X$2:X$16,$B44,Punktematrix!$C$2:$C$16) -> 0 | Y44: =SUMIF(Ergebnisse_Roh!Y$2:Y$11,$B44,Punktematrix!$D$2:$D$11) -> 0 | Z44: =SUMIF(Ergebnisse_Roh!Z$2:Z$11,$B44,Punktematrix!$E$2:$E$11) -> 20 | AA44: =SUMIF(Ergebnisse_Roh!AA$2:AA$4,$B44,Punktematrix!$F$2:$F$4) -> 0 | AB44: =SUMIF(Ergebnisse_Roh!AB$2:AB$4,$B44,Punktematrix!$G$2:$G$4) -> 0
A45: Rikki | B45: LipowitzFlorianRed Bull - BORA - hansgrohe | C45: =SUMIF(Ergebnisse_Roh!C$2:C$21,$B45,Punktematrix!$B$2:$B$21) -> 8 | D45: =SUMIF(Ergebnisse_Roh!D$2:D$21,$B45,Punktematrix!$B$2:$B$21) -> 0 | E45: =SUMIF(Ergebnisse_Roh!E$2:E$21,$B45,Punktematrix!$B$2:$B$21) -> 9 | F45: =SUMIF(Ergebnisse_Roh!F$2:F$21,$B45,Punktematrix!$B$2:$B$21) -> 0 | G45: =SUMIF(Ergebnisse_Roh!G$2:G$21,$B45,Punktematrix!$B$2:$B$21) -> 0 | H45: =SUMIF(Ergebnisse_Roh!H$2:H$21,$B45,Punktematrix!$B$2:$B$21) -> 10 | I45: =SUMIF(Ergebnisse_Roh!I$2:I$21,$B45,Punktematrix!$B$2:$B$21) -> 0 | J45: =SUMIF(Ergebnisse_Roh!J$2:J$21,$B45,Punktematrix!$B$2:$B$21) -> 0 | ... W45: =SUMIF(Ergebnisse_Roh!W$2:W$21,$B45,Punktematrix!$B$2:$B$21) -> 0 | X45: =SUMIF(Ergebnisse_Roh!X$2:X$16,$B45,Punktematrix!$C$2:$C$16) -> 0 | Y45: =SUMIF(Ergebnisse_Roh!Y$2:Y$11,$B45,Punktematrix!$D$2:$D$11) -> 0 | Z45: =SUMIF(Ergebnisse_Roh!Z$2:Z$11,$B45,Punktematrix!$E$2:$E$11) -> 0 | AA45: =SUMIF(Ergebnisse_Roh!AA$2:AA$4,$B45,Punktematrix!$F$2:$F$4) -> 0 | AB45: =SUMIF(Ergebnisse_Roh!AB$2:AB$4,$B45,Punktematrix!$G$2:$G$4) -> 0
A46: Rikki | B46: VauquelinKévinNetcompany INEOS | C46: =SUMIF(Ergebnisse_Roh!C$2:C$21,$B46,Punktematrix!$B$2:$B$21) -> 0 | D46: =SUMIF(Ergebnisse_Roh!D$2:D$21,$B46,Punktematrix!$B$2:$B$21) -> 0 | E46: =SUMIF(Ergebnisse_Roh!E$2:E$21,$B46,Punktematrix!$B$2:$B$21) -> 0 | F46: =SUMIF(Ergebnisse_Roh!F$2:F$21,$B46,Punktematrix!$B$2:$B$21) -> 10 | G46: =SUMIF(Ergebnisse_Roh!G$2:G$21,$B46,Punktematrix!$B$2:$B$21) -> 0 | H46: =SUMIF(Ergebnisse_Roh!H$2:H$21,$B46,Punktematrix!$B$2:$B$21) -> 0 | I46: =SUMIF(Ergebnisse_Roh!I$2:I$21,$B46,Punktematrix!$B$2:$B$21) -> 0 | J46: =SUMIF(Ergebnisse_Roh!J$2:J$21,$B46,Punktematrix!$B$2:$B$21) -> 0 | ... W46: =SUMIF(Ergebnisse_Roh!W$2:W$21,$B46,Punktematrix!$B$2:$B$21) -> 0 | X46: =SUMIF(Ergebnisse_Roh!X$2:X$16,$B46,Punktematrix!$C$2:$C$16) -> 0 | Y46: =SUMIF(Ergebnisse_Roh!Y$2:Y$11,$B46,Punktematrix!$D$2:$D$11) -> 0 | Z46: =SUMIF(Ergebnisse_Roh!Z$2:Z$11,$B46,Punktematrix!$E$2:$E$11) -> 0 | AA46: =SUMIF(Ergebnisse_Roh!AA$2:AA$4,$B46,Punktematrix!$F$2:$F$4) -> 0 | AB46: =SUMIF(Ergebnisse_Roh!AB$2:AB$4,$B46,Punktematrix!$G$2:$G$4) -> 0
... A233: Jule | B233: UAE Team Emirates - XRG | C233: =SUMIF(Ergebnisse_Roh!C$2:C$21,$B233,Punktematrix!$B$2:$B$21) -> 0 | D233: =SUMIF(Ergebnisse_Roh!D$2:D$21,$B233,Punktematrix!$B$2:$B$21) -> 2 | E233: =SUMIF(Ergebnisse_Roh!E$2:E$21,$B233,Punktematrix!$B$2:$B$21) -> 2 | F233: =SUMIF(Ergebnisse_Roh!F$2:F$21,$B233,Punktematrix!$B$2:$B$21) -> 0 | G233: =SUMIF(Ergebnisse_Roh!G$2:G$21,$B233,Punktematrix!$B$2:$B$21) -> 0 | H233: =SUMIF(Ergebnisse_Roh!H$2:H$21,$B233,Punktematrix!$B$2:$B$21) -> 2 | I233: =SUMIF(Ergebnisse_Roh!I$2:I$21,$B233,Punktematrix!$B$2:$B$21) -> 0 | J233: =SUMIF(Ergebnisse_Roh!J$2:J$21,$B233,Punktematrix!$B$2:$B$21) -> 0 | ... W233: =SUMIF(Ergebnisse_Roh!W$2:W$21,$B233,Punktematrix!$B$2:$B$21) -> 0 | X233: =SUMIF(Ergebnisse_Roh!X$2:X$16,$B233,Punktematrix!$C$2:$C$16) -> 0 | Y233: =SUMIF(Ergebnisse_Roh!Y$2:Y$11,$B233,Punktematrix!$D$2:$D$11) -> 0 | Z233: =SUMIF(Ergebnisse_Roh!Z$2:Z$11,$B233,Punktematrix!$E$2:$E$11) -> 0 | AA233: =SUMIF(Ergebnisse_Roh!AA$2:AA$4,$B233,Punktematrix!$F$2:$F$4) -> 0 | AB233: =SUMIF(Ergebnisse_Roh!AB$2:AB$4,$B233,Punktematrix!$G$2:$G$4) -> 25

Sheet Ergebnisse_Roh
A1: Etappe | B1: Platz | C1: S01 | D1: S02 | E1: S03 | F1: S04 | G1: S05 | H1: S06 | I1: S07 | J1: S08 | K1: S09 | L1: S10 | M1: S11 | N1: S12 | O1: S13 | P1: S14 | Q1: S15 | R1: S16 | S1: S17 | T1: S18 | U1: S19 | V1: S20 | W1: S21 | X1: S22 GC | Y1: S23 Mountain | Z1: S24 Sprint | AA1: S25 Youth | AB1: S26 TeamRank
A2: 1 | B2: 1 | C2: VingegaardJonasTeam Visma | Lease a Bike | D2: del ToroIsaacUAE Team Emirates - XRG | E2: PogačarTadejUAE Team Emirates - XRG | F2: PedersenMadsLidl - Trek | G2: KooijOlavDecathlon CMA CGM Team | H2: PogačarTadejUAE Team Emirates - XRG | I2: MerlierTimSoudal Quick-Step | J2: MerlierTimSoudal Quick-Step | K2: van der PoelMathieuAlpecin - Premier Tech | L2: PogačarTadejUAE Team Emirates - XRG | M2: WærenskjoldSørenUno-X Mobility | N2: MerlierTimSoudal Quick-Step | O2: SchmidMauroTeam Jayco AlUla | P2: PogačarTadejUAE Team Emirates - XRG | Q2: EvenepoelRemcoRed Bull - BORA - hansgrohe | R2: EvenepoelRemcoRed Bull - BORA - hansgrohe | S2: PhilipsenJasperAlpecin - Premier Tech | T2: CarapazRichardEF Education - EasyPost | U2: PogačarTadejUAE Team Emirates - XRG | V2: CarapazRichardEF Education - EasyPost | W2: van der PoelMathieuAlpecin - Premier Tech | X2: PogačarTadejUAE Team Emirates - XRG | Y2: CarapazRichardEF Education - EasyPost | Z2: PedersenMadsLidl - Trek | AA2: del ToroIsaacUAE Team Emirates - XRG | AB2: Lidl - Trek
A3: 1 | B3: 2 | C3: GannaFilippoNetcompany INEOS | D3: PogačarTadejUAE Team Emirates - XRG | E3: VingegaardJonasTeam Visma | Lease a Bike | F3: SimmonsQuinnLidl - Trek | G3: KanterMaxXDS Astana Team | H3: VingegaardJonasTeam Visma | Lease a Bike | I3: WærenskjoldSørenUno-X Mobility | J3: GirmayBiniamNSN Cycling Team | K3: JohannessenTobias HallandUno-X Mobility | L3: EvenepoelRemcoRed Bull - BORA - hansgrohe | M3: KooijOlavDecathlon CMA CGM Team | N3: KooijOlavDecathlon CMA CGM Team | O3: TejadaHaroldXDS Astana Team | P3: del ToroIsaacUAE Team Emirates - XRG | Q3: PogačarTadejUAE Team Emirates - XRG | R3: PogačarTadejUAE Team Emirates - XRG | S3: SchmidMauroTeam Jayco AlUla | T3: SchmidMauroTeam Jayco AlUla | U3: MartinezLennyBahrain - Victorious | V3: EvenepoelRemcoRed Bull - BORA - hansgrohe | W3: PhilipsenJasperAlpecin - Premier Tech | X3: EvenepoelRemcoRed Bull - BORA - hansgrohe | Y3: PogačarTadejUAE Team Emirates - XRG | Z3: PhilipsenJasperAlpecin - Premier Tech | AA3: SeixasPaulDecathlon CMA CGM Team | AB3: UAE Team Emirates - XRG
A4: 1 | B4: 3 | C4: PogačarTadejUAE Team Emirates - XRG | D4: EvenepoelRemcoRed Bull - BORA - hansgrohe | E4: CarapazRichardEF Education - EasyPost | F4: García PiernaRaúlMovistar Team | G4: MerlierTimSoudal Quick-Step | H4: del ToroIsaacUAE Team Emirates - XRG | I4: GirmayBiniamNSN Cycling Team | J4: KooijOlavDecathlon CMA CGM Team | K4: PidcockTomPinarello Q36.5 Pro Cycling Team | L4: SeixasPaulDecathlon CMA CGM Team | M4: PhilipsenJasperAlpecin - Premier Tech | N4: PhilipsenJasperAlpecin - Premier Tech | O4: PidcockTomPinarello Q36.5 Pro Cycling Team | P4: SeixasPaulDecathlon CMA CGM Team | Q4: del ToroIsaacUAE Team Emirates - XRG | R4: SkjelmoseMattiasLidl - Trek | S4: KooijOlavDecathlon CMA CGM Team | T4: JorgensonMatteoTeam Visma | Lease a Bike | U4: CarapazRichardEF Education - EasyPost | V4: KussSeppTeam Visma | Lease a Bike | W4: PedersenMadsLidl - Trek | X4: del ToroIsaacUAE Team Emirates - XRG | Y4: Paret-PeintreValentinSoudal Quick-Step | Z4: GirmayBiniamNSN Cycling Team | AA4: MartinezLennyBahrain - Victorious | AB4: Red Bull - BORA - hansgrohe
A5: 1 | B5: 4 | C5: AyusoJuanLidl - Trek | D5: VingegaardJonasTeam Visma | Lease a Bike | E5: SeixasPaulDecathlon CMA CGM Team | F5: FrigoMarcoNSN Cycling Team | G5: ArtzHuubLotto Intermarché | H5: EvenepoelRemcoRed Bull - BORA - hansgrohe | I5: KanterMaxXDS Astana Team | J5: PhilipsenJasperAlpecin - Premier Tech | K5: BaudinAlexEF Education - EasyPost | L5: LipowitzFlorianRed Bull - BORA - hansgrohe | M5: FretinMilanCofidis | N5: GirmayBiniamNSN Cycling Team | O5: Van GilsMaximRed Bull - BORA - hansgrohe | P5: VingegaardJonasTeam Visma | Lease a Bike | Q5: SeixasPaulDecathlon CMA CGM Team | R5: SeixasPaulDecathlon CMA CGM Team | S5: AskeyLewisNSN Cycling Team | T5: Paret-PeintreValentinSoudal Quick-Step | U5: KussSeppTeam Visma | Lease a Bike | V5: PogačarTadejUAE Team Emirates - XRG | W5: KanterMaxXDS Astana Team | X5: SeixasPaulDecathlon CMA CGM Team | Y5: KussSeppTeam Visma | Lease a Bike | Z5: KanterMaxXDS Astana Team
A6: 1 | B6: 5 | C6: EvenepoelRemcoRed Bull - BORA - hansgrohe | D6: SkjelmoseMattiasLidl - Trek | E6: JohannessenTobias HallandUno-X Mobility | F6: DebruyneRamsesAlpecin - Premier Tech | G6: PhilipsenJasperAlpecin - Premier Tech | H6: SeixasPaulDecathlon CMA CGM Team | I6: PhilipsenJasperAlpecin - Premier Tech | J6: BittnerPavelTeam Picnic PostNL | K6: GannaFilippoNetcompany INEOS | L6: AyusoJuanLidl - Trek | M6: ArtzHuubLotto Intermarché | N6: FretinMilanCofidis | O6: McNultyBrandonUAE Team Emirates - XRG | P6: EvenepoelRemcoRed Bull - BORA - hansgrohe | Q6: LipowitzFlorianRed Bull - BORA - hansgrohe | R6: del ToroIsaacUAE Team Emirates - XRG | S6: PluimersRickTudor Pro Cycling Team | T6: JohannessenTobias HallandUno-X Mobility | U6: JohannessenTobias HallandUno-X Mobility | V6: del ToroIsaacUAE Team Emirates - XRG | W6: KooijOlavDecathlon CMA CGM Team | X6: MartinezLennyBahrain - Victorious | Y6: EvenepoelRemcoRed Bull - BORA - hansgrohe | Z6: KooijOlavDecathlon CMA CGM Team
A7: 1 | B7: 6 | C7: del ToroIsaacUAE Team Emirates - XRG | D7: JohannessenTobias HallandUno-X Mobility | E7: Van EetveltLennertLotto Intermarché | F7: VauquelinKévinNetcompany INEOS | G7: GirmayBiniamNSN Cycling Team | H7: LipowitzFlorianRed Bull - BORA - hansgrohe | I7: BauhausPhilBahrain - Victorious | J7: AckermannPascalTeam Jayco AlUla | K7: MatthewsMichaelTeam Jayco AlUla | L7: SkjelmoseMattiasLidl - Trek | M7: TurgisAnthonyTotalEnergies | N7: TurgisAnthonyTotalEnergies | O7: VauquelinKévinNetcompany INEOS | P7: LipowitzFlorianRed Bull - BORA - hansgrohe | Q7: SkjelmoseMattiasLidl - Trek | R7: ArensmanThymenNetcompany INEOS | S7: ArtzHuubLotto Intermarché | T7: García PiernaRaúlMovistar Team | U7: EvenepoelRemcoRed Bull - BORA - hansgrohe | V7: MartinezLennyBahrain - Victorious | W7: MohoričMatejBahrain - Victorious | X7: SkjelmoseMattiasLidl - Trek | Y7: del ToroIsaacUAE Team Emirates - XRG | Z7: WærenskjoldSørenUno-X Mobility
A8: 1 | B8: 7 | C8: PiganzoliDavideTeam Visma | Lease a Bike | D8: GrégoireRomainGroupama - FDJ United | E8: LipowitzFlorianRed Bull - BORA - hansgrohe | F8: QuinnSeanEF Education - EasyPost | G8: PedersenMadsLidl - Trek | H8: AyusoJuanLidl - Trek | I8: ArtzHuubLotto Intermarché | J8: PluimersRickTudor Pro Cycling Team | K8: PedersenMadsLidl - Trek | L8: VingegaardJonasTeam Visma | Lease a Bike | M8: GirmayBiniamNSN Cycling Team | N8: KanterMaxXDS Astana Team | O8: JegatJordanTotalEnergies | P8: AyusoJuanLidl - Trek | Q8: MartinezLennyBahrain - Victorious | R8: CattaneoMattiaRed Bull - BORA - hansgrohe | S8: RussoClémentGroupama - FDJ United | T8: CastrilloPabloMovistar Team | U8: del ToroIsaacUAE Team Emirates - XRG | V8: HindleyJaiRed Bull - BORA - hansgrohe | W8: PluimersRickTudor Pro Cycling Team | X8: AyusoJuanLidl - Trek | Y8: MartinezLennyBahrain - Victorious | Z8: PogačarTadejUAE Team Emirates - XRG
A9: 1 | B9: 8 | C9: LipowitzFlorianRed Bull - BORA - hansgrohe | D9: SeixasPaulDecathlon CMA CGM Team | E9: del ToroIsaacUAE Team Emirates - XRG | F9: TræenTorsteinUno-X Mobility | G9: FretinMilanCofidis | H9: SkjelmoseMattiasLidl - Trek | I9: GodonDorianNetcompany INEOS | J9: RussoClémentGroupama - FDJ United | K9: BreuillardNicolasTotalEnergies | L9: del ToroIsaacUAE Team Emirates - XRG | M9: RussoClémentGroupama - FDJ United | N9: RussoClémentGroupama - FDJ United | O9: WellensTimUAE Team Emirates - XRG | P9: CarapazRichardEF Education - EasyPost | Q9: AyusoJuanLidl - Trek | R9: ArmirailBrunoTeam Visma | Lease a Bike | S9: PedersenMadsLidl - Trek | T9: EvenepoelRemcoRed Bull - BORA - hansgrohe | U9: SeixasPaulDecathlon CMA CGM Team | V9: AyusoJuanLidl - Trek | W9: TurgisAnthonyTotalEnergies | X9: CarapazRichardEF Education - EasyPost | Y9: SeixasPaulDecathlon CMA CGM Team | Z9: EvenepoelRemcoRed Bull - BORA - hansgrohe
A10: 1 | B10: 9 | C10: SeixasPaulDecathlon CMA CGM Team | D10: MartinezLennyBahrain - Victorious | E10: EvenepoelRemcoRed Bull - BORA - hansgrohe | F10: VacekMathiasLidl - Trek | G10: WærenskjoldSørenUno-X Mobility | H10: KussSeppTeam Visma | Lease a Bike | I10: PedersenMadsLidl - Trek | J10: KanterMaxXDS Astana Team | K10: JegatJordanTotalEnergies | L10: MartinezLennyBahrain - Victorious | M10: GaviriaFernandoCaja Rural - Seguros RGA | N10: PedersenMadsLidl - Trek | O10: Braz AfonsoClémentGroupama - FDJ United | P10: JohannessenTobias HallandUno-X Mobility | Q10: YatesAdamUAE Team Emirates - XRG | R10: CastrilloPabloMovistar Team | S10: MatthewsMichaelTeam Jayco AlUla | T10: MartinezLennyBahrain - Victorious | U10: SkjelmoseMattiasLidl - Trek | V10: SkjelmoseMattiasLidl - Trek | W10: RussoClémentGroupama - FDJ United | X10: JegatJordanTotalEnergies | Y10: JohannessenTobias HallandUno-X Mobility | Z10: del ToroIsaacUAE Team Emirates - XRG
A11: 1 | B11: 10 | C11: FossTobiasNetcompany INEOS | D11: PidcockTomPinarello Q36.5 Pro Cycling Team | E11: AyusoJuanLidl - Trek | F11: CastrilloPabloMovistar Team | G11: TurgisAnthonyTotalEnergies | H11: MartinezLennyBahrain - Victorious | I11: Van AsbroeckTomNSN Cycling Team | J11: FretinMilanCofidis | K11: QuinnSeanEF Education - EasyPost | L11: PidcockTomPinarello Q36.5 Pro Cycling Team | M11: AckermannPascalTeam Jayco AlUla | N11: ArtzHuubLotto Intermarché | O11: PlappLukeTeam Jayco AlUla | P11: SkjelmoseMattiasLidl - Trek | Q11: SimmonsQuinnLidl - Trek | R11: TarlingJoshuaNetcompany INEOS | S11: GateAaronXDS Astana Team | T11: PidcockTomPinarello Q36.5 Pro Cycling Team | U11: TejadaHaroldXDS Astana Team | V11: SeixasPaulDecathlon CMA CGM Team | W11: FretinMilanCofidis | X11: PidcockTomPinarello Q36.5 Pro Cycling Team | Y11: HindleyJaiRed Bull - BORA - hansgrohe | Z11: TurgisAnthonyTotalEnergies
A12: 1 | B12: 11 | C12: van der PoelMathieuAlpecin - Premier Tech | D12: Van EetveltLennertLotto Intermarché | E12: SkjelmoseMattiasLidl - Trek | F12: MatthewsMichaelTeam Jayco AlUla | G12: BerckmoesJennoLotto Intermarché | H12: BernalEganNetcompany INEOS | I12: BittnerPavelTeam Picnic PostNL | J12: WærenskjoldSørenUno-X Mobility | K12: PogačarTadejUAE Team Emirates - XRG | L12: CarapazRichardEF Education - EasyPost | M12: PedersenMadsLidl - Trek | N12: PluimersRickTudor Pro Cycling Team | O12: García PiernaRaúlMovistar Team | P12: MartinezLennyBahrain - Victorious | Q12: VoisardYannisTudor Pro Cycling Team | R12: GannaFilippoNetcompany INEOS | S12: van der PoelMathieuAlpecin - Premier Tech | T12: JegatJordanTotalEnergies | U12: RiccitelloMatthewDecathlon CMA CGM Team | V12: JohannessenTobias HallandUno-X Mobility | W12: GirmayBiniamNSN Cycling Team | X12: VoisardYannisTudor Pro Cycling Team
A13: 1 | B13: 12 | C13: GrégoireRomainGroupama - FDJ United | D13: AyusoJuanLidl - Trek | E13: Van WilderIlanSoudal Quick-Step | F13: DelettreAlexandreTotalEnergies | G13: AckermannPascalTeam Jayco AlUla | H13: JegatJordanTotalEnergies | I13: AckermannPascalTeam Jayco AlUla | J13: PedersenMadsLidl - Trek | K13: EvenepoelRemcoRed Bull - BORA - hansgrohe | L13: PiganzoliDavideTeam Visma | Lease a Bike | M13: PluimersRickTudor Pro Cycling Team | N13: WrightFredPinarello Q36.5 Pro Cycling Team | O13: ValgrenMichaelEF Education - EasyPost | P13: Van WilderIlanSoudal Quick-Step | Q13: CarapazRichardEF Education - EasyPost | R13: PidcockTomPinarello Q36.5 Pro Cycling Team | S13: PageHugoCofidis | T13: AyusoJuanLidl - Trek | U13: ArensmanThymenNetcompany INEOS | V13: RiccitelloMatthewDecathlon CMA CGM Team | W13: StuyvenJasperSoudal Quick-Step | X13: JohannessenTobias HallandUno-X Mobility
A14: 1 | B14: 13 | C14: TiberiAntonioBahrain - Victorious | D14: Van WilderIlanSoudal Quick-Step | E14: MartinezLennyBahrain - Victorious | F14: Van MechelenVladBahrain - Victorious | G14: RussoClémentGroupama - FDJ United | H14: TejadaHaroldXDS Astana Team | I14: FretinMilanCofidis | J14: GaviriaFernandoCaja Rural - Seguros RGA | K14: del ToroIsaacUAE Team Emirates - XRG | L14: Van WilderIlanSoudal Quick-Step | M14: BerckmoesJennoLotto Intermarché | N14: BiermansJentheCofidis | O14: MatthewsMichaelTeam Jayco AlUla | P14: VoisardYannisTudor Pro Cycling Team | Q14: PidcockTomPinarello Q36.5 Pro Cycling Team | R14: GroßschartnerFelixUAE Team Emirates - XRG | S14: MohoričMatejBahrain - Victorious | T14: PogačarTadejUAE Team Emirates - XRG | U14: VoisardYannisTudor Pro Cycling Team | V14: ProdhommeNicolasDecathlon CMA CGM Team | W14: MatthewsMichaelTeam Jayco AlUla | X14: KussSeppTeam Visma | Lease a Bike
A15: 1 | B15: 14 | C15: RiccitelloMatthewDecathlon CMA CGM Team | D15: CarapazRichardEF Education - EasyPost | E15: JegatJordanTotalEnergies | F15: StuyvenJasperSoudal Quick-Step | G15: PluimersRickTudor Pro Cycling Team | H15: Van WilderIlanSoudal Quick-Step | I15: GaviriaFernandoCaja Rural - Seguros RGA | J15: GodonDorianNetcompany INEOS | K15: AranburuAlexCofidis | L15: DebruyneRamsesAlpecin - Premier Tech | M15: OldaniStefanoCaja Rural - Seguros RGA | N15: van der PoelMathieuAlpecin - Premier Tech | O15: BreuillardNicolasTotalEnergies | P15: BernalEganNetcompany INEOS | Q15: JegatJordanTotalEnergies | R15: JorgensonMatteoTeam Visma | Lease a Bike | S15: JegatJordanTotalEnergies | T15: SkjelmoseMattiasLidl - Trek | U15: RomoJavierMovistar Team | V15: BenootTiesjDecathlon CMA CGM Team | W15: GannaFilippoNetcompany INEOS | X15: PiganzoliDavideTeam Visma | Lease a Bike
A16: 1 | B16: 15 | C16: MartinezLennyBahrain - Victorious | D16: BaudinAlexEF Education - EasyPost | E16: PidcockTomPinarello Q36.5 Pro Cycling Team | F16: MolenaarAlexCaja Rural - Seguros RGA | G16: GodonDorianNetcompany INEOS | H16: PidcockTomPinarello Q36.5 Pro Cycling Team | I16: TurgisAnthonyTotalEnergies | J16: van der PoelMathieuAlpecin - Premier Tech | K16: BenootTiesjDecathlon CMA CGM Team | L16: BernalEganNetcompany INEOS | M16: MerlierTimSoudal Quick-Step | N16: AckermannPascalTeam Jayco AlUla | O16: BennettGeorgeNSN Cycling Team | P16: YatesAdamUAE Team Emirates - XRG | Q16: RubioEinerMovistar Team | R16: ArtzHuubLotto Intermarché | S16: DelboveJorisTotalEnergies | T16: ProdhommeNicolasDecathlon CMA CGM Team | U16: Braz AfonsoClémentGroupama - FDJ United | V16: PiganzoliDavideTeam Visma | Lease a Bike | W16: ArtzHuubLotto Intermarché | X16: HindleyJaiRed Bull - BORA - hansgrohe
A17: 1 | B17: Gelb | C17: VingegaardJonasTeam Visma | Lease a Bike | D17: VingegaardJonasTeam Visma | Lease a Bike | E17: PogačarTadejUAE Team Emirates - XRG | F17: TræenTorsteinUno-X Mobility | G17: TræenTorsteinUno-X Mobility | H17: PogačarTadejUAE Team Emirates - XRG | I17: PogačarTadejUAE Team Emirates - XRG | J17: PogačarTadejUAE Team Emirates - XRG | K17: PogačarTadejUAE Team Emirates - XRG | L17: PogačarTadejUAE Team Emirates - XRG | M17: PogačarTadejUAE Team Emirates - XRG | N17: PogačarTadejUAE Team Emirates - XRG | O17: PogačarTadejUAE Team Emirates - XRG | P17: PogačarTadejUAE Team Emirates - XRG | Q17: PogačarTadejUAE Team Emirates - XRG | R17: PogačarTadejUAE Team Emirates - XRG | S17: PogačarTadejUAE Team Emirates - XRG | T17: PogačarTadejUAE Team Emirates - XRG | U17: PogačarTadejUAE Team Emirates - XRG | V17: PogačarTadejUAE Team Emirates - XRG | W17: PogačarTadejUAE Team Emirates - XRG
A18: 1 | B18: Grün | C18: BernalEganNetcompany INEOS | D18: del ToroIsaacUAE Team Emirates - XRG | E18: PogačarTadejUAE Team Emirates - XRG | F18: PedersenMadsLidl - Trek | G18: PedersenMadsLidl - Trek | H18: PedersenMadsLidl - Trek | I18: PedersenMadsLidl - Trek | J18: PedersenMadsLidl - Trek | K18: PedersenMadsLidl - Trek | L18: PedersenMadsLidl - Trek | M18: PedersenMadsLidl - Trek | N18: PedersenMadsLidl - Trek | O18: PedersenMadsLidl - Trek | P18: PedersenMadsLidl - Trek | Q18: PedersenMadsLidl - Trek | R18: PedersenMadsLidl - Trek | S18: PedersenMadsLidl - Trek | T18: PedersenMadsLidl - Trek | U18: PedersenMadsLidl - Trek | V18: PedersenMadsLidl - Trek | W18: PedersenMadsLidl - Trek
A19: 1 | B19: Weiß | C19: AyusoJuanLidl - Trek | D19: del ToroIsaacUAE Team Emirates - XRG | E19: del ToroIsaacUAE Team Emirates - XRG | F19: VacekMathiasLidl - Trek | G19: VacekMathiasLidl - Trek | H19: del ToroIsaacUAE Team Emirates - XRG | I19: del ToroIsaacUAE Team Emirates - XRG | J19: del ToroIsaacUAE Team Emirates - XRG | K19: del ToroIsaacUAE Team Emirates - XRG | L19: AyusoJuanLidl - Trek | M19: AyusoJuanLidl - Trek | N19: AyusoJuanLidl - Trek | O19: AyusoJuanLidl - Trek | P19: SeixasPaulDecathlon CMA CGM Team | Q19: del ToroIsaacUAE Team Emirates - XRG | R19: del ToroIsaacUAE Team Emirates - XRG | S19: del ToroIsaacUAE Team Emirates - XRG | T19: del ToroIsaacUAE Team Emirates - XRG | U19: del ToroIsaacUAE Team Emirates - XRG | V19: del ToroIsaacUAE Team Emirates - XRG | W19: del ToroIsaacUAE Team Emirates - XRG
A20: 1 | B20: Berg | C20: PogačarTadejUAE Team Emirates - XRG | D20: MolenaarAlexCaja Rural - Seguros RGA | E20: BaudinAlexEF Education - EasyPost | F20: BaudinAlexEF Education - EasyPost | G20: BaudinAlexEF Education - EasyPost | H20: PogačarTadejUAE Team Emirates - XRG | I20: PogačarTadejUAE Team Emirates - XRG | J20: PogačarTadejUAE Team Emirates - XRG | K20: PogačarTadejUAE Team Emirates - XRG | L20: PogačarTadejUAE Team Emirates - XRG | M20: PogačarTadejUAE Team Emirates - XRG | N20: PogačarTadejUAE Team Emirates - XRG | O20: PogačarTadejUAE Team Emirates - XRG | P20: PogačarTadejUAE Team Emirates - XRG | Q20: PogačarTadejUAE Team Emirates - XRG | R20: PogačarTadejUAE Team Emirates - XRG | S20: PogačarTadejUAE Team Emirates - XRG | T20: PogačarTadejUAE Team Emirates - XRG | U20: CarapazRichardEF Education - EasyPost | V20: CarapazRichardEF Education - EasyPost | W20: CarapazRichardEF Education - EasyPost
A21: 1 | B21: Mannschaft | C21: Netcompany INEOS | D21: UAE Team Emirates - XRG | E21: UAE Team Emirates - XRG | F21: Lidl - Trek | G21: XDS Astana Team | H21: UAE Team Emirates - XRG | I21: XDS Astana Team | J21: Team Picnic PostNL | K21: EF Education - EasyPost | L21: UAE Team Emirates - XRG | M21: Cofidis | N21: Alpecin - Premier Tech | O21: Team Jayco AlUla | P21: UAE Team Emirates - XRG | Q21: UAE Team Emirates - XRG | R21: UAE Team Emirates - XRG | S21: Lidl - Trek | T21: Decathlon CMA CGM Team | U21: UAE Team Emirates - XRG | V21: Decathlon CMA CGM Team | W21: XDS Astana Team

Sheet Tabelle29

Sheet Startlist2026
A1: BIB | B1: Specialty | C1: Age | D1: Rider | E1: Team | F1: S01 | G1: S02 | H1: S03 | I1: S04 | J1: S05 | K1: S06 | L1: S07 | M1: S08 | N1: S09 | O1: S10 | P1: S11 | Q1: S12 | R1: S13 | S1: S14 | T1: S15 | U1: S16 | V1: S17 | W1: S18 | X1: S19 | Y1: S20 | Z1: S21 | AA1: S 22 GC | AB1: S 23 Mountain | AC1: S 24 Sprint | AD1: S 25 Youth | AE1: S 26 TeamRank
A2: 1 | B2: Climber | C2: 27 | D2: PogačarTadejUAE Team Emirates - XRG | E2: UAE Team Emirates - XRG | F2: =SUMIF(Ergebnisse_Roh!C$2:C$21,$D2,Punktematrix!$B$2:$B$21) -> 17 | G2: =SUMIF(Ergebnisse_Roh!D$2:D$21,$D2,Punktematrix!$B$2:$B$21) -> 20 | H2: =SUMIF(Ergebnisse_Roh!E$2:E$21,$D2,Punktematrix!$B$2:$B$21) -> 30 | I2: =SUMIF(Ergebnisse_Roh!F$2:F$21,$D2,Punktematrix!$B$2:$B$21) -> 0 | J2: =SUMIF(Ergebnisse_Roh!G$2:G$21,$D2,Punktematrix!$B$2:$B$21) -> 0 | K2: =SUMIF(Ergebnisse_Roh!H$2:H$21,$D2,Punktematrix!$B$2:$B$21) -> 30 | L2: =SUMIF(Ergebnisse_Roh!I$2:I$21,$D2,Punktematrix!$B$2:$B$21) -> 5 | M2: =SUMIF(Ergebnisse_Roh!J$2:J$21,$D2,Punktematrix!$B$2:$B$21) -> 5 | ... Z2: =SUMIF(Ergebnisse_Roh!W$2:W$21,$D2,Punktematrix!$B$2:$B$21) -> 3 | AA2: =SUMIF(Ergebnisse_Roh!X$2:X$16,$D2,Punktematrix!$C$2:$C$16) -> 75 | AB2: =SUMIF(Ergebnisse_Roh!Y$2:Y$11,$D2,Punktematrix!$D$2:$D$11) -> 18 | AC2: =SUMIF(Ergebnisse_Roh!Z$2:Z$11,$D2,Punktematrix!$E$2:$E$11) -> 8 | AD2: =SUMIF(Ergebnisse_Roh!AA$2:AA$4,$D2,Punktematrix!$F$2:$F$4) -> 0 | AE2: =SUMIF(Ergebnisse_Roh!AB$2:AB$4,$D2,Punktematrix!$G$2:$G$4) -> 0
A3: 2 | B3: GC | C3: 22 | D3: del ToroIsaacUAE Team Emirates - XRG | E3: UAE Team Emirates - XRG | F3: =SUMIF(Ergebnisse_Roh!C$2:C$21,$D3,Punktematrix!$B$2:$B$21) -> 10 | G3: =SUMIF(Ergebnisse_Roh!D$2:D$21,$D3,Punktematrix!$B$2:$B$21) -> 29 | H3: =SUMIF(Ergebnisse_Roh!E$2:E$21,$D3,Punktematrix!$B$2:$B$21) -> 10 | I3: =SUMIF(Ergebnisse_Roh!F$2:F$21,$D3,Punktematrix!$B$2:$B$21) -> 0 | J3: =SUMIF(Ergebnisse_Roh!G$2:G$21,$D3,Punktematrix!$B$2:$B$21) -> 0 | K3: =SUMIF(Ergebnisse_Roh!H$2:H$21,$D3,Punktematrix!$B$2:$B$21) -> 17 | L3: =SUMIF(Ergebnisse_Roh!I$2:I$21,$D3,Punktematrix!$B$2:$B$21) -> 2 | M3: =SUMIF(Ergebnisse_Roh!J$2:J$21,$D3,Punktematrix!$B$2:$B$21) -> 2 | ... Z3: =SUMIF(Ergebnisse_Roh!W$2:W$21,$D3,Punktematrix!$B$2:$B$21) -> 2 | AA3: =SUMIF(Ergebnisse_Roh!X$2:X$16,$D3,Punktematrix!$C$2:$C$16) -> 65 | AB3: =SUMIF(Ergebnisse_Roh!Y$2:Y$11,$D3,Punktematrix!$D$2:$D$11) -> 10 | AC3: =SUMIF(Ergebnisse_Roh!Z$2:Z$11,$D3,Punktematrix!$E$2:$E$11) -> 4 | AD3: =SUMIF(Ergebnisse_Roh!AA$2:AA$4,$D3,Punktematrix!$F$2:$F$4) -> 15 | AE3: =SUMIF(Ergebnisse_Roh!AB$2:AB$4,$D3,Punktematrix!$G$2:$G$4) -> 0
A4: 3 | B4: GC | C4: 32 | D4: GroßschartnerFelixUAE Team Emirates - XRG | E4: UAE Team Emirates - XRG | F4: =SUMIF(Ergebnisse_Roh!C$2:C$21,$D4,Punktematrix!$B$2:$B$21) -> 0 | G4: =SUMIF(Ergebnisse_Roh!D$2:D$21,$D4,Punktematrix!$B$2:$B$21) -> 0 | H4: =SUMIF(Ergebnisse_Roh!E$2:E$21,$D4,Punktematrix!$B$2:$B$21) -> 0 | I4: =SUMIF(Ergebnisse_Roh!F$2:F$21,$D4,Punktematrix!$B$2:$B$21) -> 0 | J4: =SUMIF(Ergebnisse_Roh!G$2:G$21,$D4,Punktematrix!$B$2:$B$21) -> 0 | K4: =SUMIF(Ergebnisse_Roh!H$2:H$21,$D4,Punktematrix!$B$2:$B$21) -> 0 | L4: =SUMIF(Ergebnisse_Roh!I$2:I$21,$D4,Punktematrix!$B$2:$B$21) -> 0 | M4: =SUMIF(Ergebnisse_Roh!J$2:J$21,$D4,Punktematrix!$B$2:$B$21) -> 0 | ... Z4: =SUMIF(Ergebnisse_Roh!W$2:W$21,$D4,Punktematrix!$B$2:$B$21) -> 0 | AA4: =SUMIF(Ergebnisse_Roh!X$2:X$16,$D4,Punktematrix!$C$2:$C$16) -> 0 | AB4: =SUMIF(Ergebnisse_Roh!Y$2:Y$11,$D4,Punktematrix!$D$2:$D$11) -> 0 | AC4: =SUMIF(Ergebnisse_Roh!Z$2:Z$11,$D4,Punktematrix!$E$2:$E$11) -> 0 | AD4: =SUMIF(Ergebnisse_Roh!AA$2:AA$4,$D4,Punktematrix!$F$2:$F$4) -> 0 | AE4: =SUMIF(Ergebnisse_Roh!AB$2:AB$4,$D4,Punktematrix!$G$2:$G$4) -> 0
A5: 4 | B5: GC | C5: 28 | D5: McNultyBrandonUAE Team Emirates - XRG | E5: UAE Team Emirates - XRG | F5: =SUMIF(Ergebnisse_Roh!C$2:C$21,$D5,Punktematrix!$B$2:$B$21) -> 0 | G5: =SUMIF(Ergebnisse_Roh!D$2:D$21,$D5,Punktematrix!$B$2:$B$21) -> 0 | H5: =SUMIF(Ergebnisse_Roh!E$2:E$21,$D5,Punktematrix!$B$2:$B$21) -> 0 | I5: =SUMIF(Ergebnisse_Roh!F$2:F$21,$D5,Punktematrix!$B$2:$B$21) -> 0 | J5: =SUMIF(Ergebnisse_Roh!G$2:G$21,$D5,Punktematrix!$B$2:$B$21) -> 0 | K5: =SUMIF(Ergebnisse_Roh!H$2:H$21,$D5,Punktematrix!$B$2:$B$21) -> 0 | L5: =SUMIF(Ergebnisse_Roh!I$2:I$21,$D5,Punktematrix!$B$2:$B$21) -> 0 | M5: =SUMIF(Ergebnisse_Roh!J$2:J$21,$D5,Punktematrix!$B$2:$B$21) -> 0 | ... Z5: =SUMIF(Ergebnisse_Roh!W$2:W$21,$D5,Punktematrix!$B$2:$B$21) -> 0 | AA5: =SUMIF(Ergebnisse_Roh!X$2:X$16,$D5,Punktematrix!$C$2:$C$16) -> 0 | AB5: =SUMIF(Ergebnisse_Roh!Y$2:Y$11,$D5,Punktematrix!$D$2:$D$11) -> 0 | AC5: =SUMIF(Ergebnisse_Roh!Z$2:Z$11,$D5,Punktematrix!$E$2:$E$11) -> 0 | AD5: =SUMIF(Ergebnisse_Roh!AA$2:AA$4,$D5,Punktematrix!$F$2:$F$4) -> 0 | AE5: =SUMIF(Ergebnisse_Roh!AB$2:AB$4,$D5,Punktematrix!$G$2:$G$4) -> 0
A6: 5 | B6: Classic | C6: 32 | D6: PolittNilsUAE Team Emirates - XRG | E6: UAE Team Emirates - XRG | F6: =SUMIF(Ergebnisse_Roh!C$2:C$21,$D6,Punktematrix!$B$2:$B$21) -> 0 | G6: =SUMIF(Ergebnisse_Roh!D$2:D$21,$D6,Punktematrix!$B$2:$B$21) -> 0 | H6: =SUMIF(Ergebnisse_Roh!E$2:E$21,$D6,Punktematrix!$B$2:$B$21) -> 0 | I6: =SUMIF(Ergebnisse_Roh!F$2:F$21,$D6,Punktematrix!$B$2:$B$21) -> 0 | J6: =SUMIF(Ergebnisse_Roh!G$2:G$21,$D6,Punktematrix!$B$2:$B$21) -> 0 | K6: =SUMIF(Ergebnisse_Roh!H$2:H$21,$D6,Punktematrix!$B$2:$B$21) -> 0 | L6: =SUMIF(Ergebnisse_Roh!I$2:I$21,$D6,Punktematrix!$B$2:$B$21) -> 0 | M6: =SUMIF(Ergebnisse_Roh!J$2:J$21,$D6,Punktematrix!$B$2:$B$21) -> 0 | ... Z6: =SUMIF(Ergebnisse_Roh!W$2:W$21,$D6,Punktematrix!$B$2:$B$21) -> 0 | AA6: =SUMIF(Ergebnisse_Roh!X$2:X$16,$D6,Punktematrix!$C$2:$C$16) -> 0 | AB6: =SUMIF(Ergebnisse_Roh!Y$2:Y$11,$D6,Punktematrix!$D$2:$D$11) -> 0 | AC6: =SUMIF(Ergebnisse_Roh!Z$2:Z$11,$D6,Punktematrix!$E$2:$E$11) -> 0 | AD6: =SUMIF(Ergebnisse_Roh!AA$2:AA$4,$D6,Punktematrix!$F$2:$F$4) -> 0 | AE6: =SUMIF(Ergebnisse_Roh!AB$2:AB$4,$D6,Punktematrix!$G$2:$G$4) -> 0
A7: 6 | B7: Classic | C7: 27 | D7: VermeerschFlorianUAE Team Emirates - XRG | E7: UAE Team Emirates - XRG | F7: =SUMIF(Ergebnisse_Roh!C$2:C$21,$D7,Punktematrix!$B$2:$B$21) -> 0 | G7: =SUMIF(Ergebnisse_Roh!D$2:D$21,$D7,Punktematrix!$B$2:$B$21) -> 0 | H7: =SUMIF(Ergebnisse_Roh!E$2:E$21,$D7,Punktematrix!$B$2:$B$21) -> 0 | I7: =SUMIF(Ergebnisse_Roh!F$2:F$21,$D7,Punktematrix!$B$2:$B$21) -> 0 | J7: =SUMIF(Ergebnisse_Roh!G$2:G$21,$D7,Punktematrix!$B$2:$B$21) -> 0 | K7: =SUMIF(Ergebnisse_Roh!H$2:H$21,$D7,Punktematrix!$B$2:$B$21) -> 0 | L7: =SUMIF(Ergebnisse_Roh!I$2:I$21,$D7,Punktematrix!$B$2:$B$21) -> 0 | M7: =SUMIF(Ergebnisse_Roh!J$2:J$21,$D7,Punktematrix!$B$2:$B$21) -> 0 | ... Z7: =SUMIF(Ergebnisse_Roh!W$2:W$21,$D7,Punktematrix!$B$2:$B$21) -> 0 | AA7: =SUMIF(Ergebnisse_Roh!X$2:X$16,$D7,Punktematrix!$C$2:$C$16) -> 0 | AB7: =SUMIF(Ergebnisse_Roh!Y$2:Y$11,$D7,Punktematrix!$D$2:$D$11) -> 0 | AC7: =SUMIF(Ergebnisse_Roh!Z$2:Z$11,$D7,Punktematrix!$E$2:$E$11) -> 0 | AD7: =SUMIF(Ergebnisse_Roh!AA$2:AA$4,$D7,Punktematrix!$F$2:$F$4) -> 0 | AE7: =SUMIF(Ergebnisse_Roh!AB$2:AB$4,$D7,Punktematrix!$G$2:$G$4) -> 0
A8: 7 | B8: GC | C8: 35 | D8: WellensTimUAE Team Emirates - XRG | E8: UAE Team Emirates - XRG | F8: =SUMIF(Ergebnisse_Roh!C$2:C$21,$D8,Punktematrix!$B$2:$B$21) -> 0 | G8: =SUMIF(Ergebnisse_Roh!D$2:D$21,$D8,Punktematrix!$B$2:$B$21) -> 0 | H8: =SUMIF(Ergebnisse_Roh!E$2:E$21,$D8,Punktematrix!$B$2:$B$21) -> 0 | I8: =SUMIF(Ergebnisse_Roh!F$2:F$21,$D8,Punktematrix!$B$2:$B$21) -> 0 | J8: =SUMIF(Ergebnisse_Roh!G$2:G$21,$D8,Punktematrix!$B$2:$B$21) -> 0 | K8: =SUMIF(Ergebnisse_Roh!H$2:H$21,$D8,Punktematrix!$B$2:$B$21) -> 0 | L8: =SUMIF(Ergebnisse_Roh!I$2:I$21,$D8,Punktematrix!$B$2:$B$21) -> 0 | M8: =SUMIF(Ergebnisse_Roh!J$2:J$21,$D8,Punktematrix!$B$2:$B$21) -> 0 | ... Z8: =SUMIF(Ergebnisse_Roh!W$2:W$21,$D8,Punktematrix!$B$2:$B$21) -> 0 | AA8: =SUMIF(Ergebnisse_Roh!X$2:X$16,$D8,Punktematrix!$C$2:$C$16) -> 0 | AB8: =SUMIF(Ergebnisse_Roh!Y$2:Y$11,$D8,Punktematrix!$D$2:$D$11) -> 0 | AC8: =SUMIF(Ergebnisse_Roh!Z$2:Z$11,$D8,Punktematrix!$E$2:$E$11) -> 0 | AD8: =SUMIF(Ergebnisse_Roh!AA$2:AA$4,$D8,Punktematrix!$F$2:$F$4) -> 0 | AE8: =SUMIF(Ergebnisse_Roh!AB$2:AB$4,$D8,Punktematrix!$G$2:$G$4) -> 0
A9: 8 | B9: Climber | C9: 33 | D9: YatesAdamUAE Team Emirates - XRG | E9: UAE Team Emirates - XRG | F9: =SUMIF(Ergebnisse_Roh!C$2:C$21,$D9,Punktematrix!$B$2:$B$21) -> 0 | G9: =SUMIF(Ergebnisse_Roh!D$2:D$21,$D9,Punktematrix!$B$2:$B$21) -> 0 | H9: =SUMIF(Ergebnisse_Roh!E$2:E$21,$D9,Punktematrix!$B$2:$B$21) -> 0 | I9: =SUMIF(Ergebnisse_Roh!F$2:F$21,$D9,Punktematrix!$B$2:$B$21) -> 0 | J9: =SUMIF(Ergebnisse_Roh!G$2:G$21,$D9,Punktematrix!$B$2:$B$21) -> 0 | K9: =SUMIF(Ergebnisse_Roh!H$2:H$21,$D9,Punktematrix!$B$2:$B$21) -> 0 | L9: =SUMIF(Ergebnisse_Roh!I$2:I$21,$D9,Punktematrix!$B$2:$B$21) -> 0 | M9: =SUMIF(Ergebnisse_Roh!J$2:J$21,$D9,Punktematrix!$B$2:$B$21) -> 0 | ... Z9: =SUMIF(Ergebnisse_Roh!W$2:W$21,$D9,Punktematrix!$B$2:$B$21) -> 0 | AA9: =SUMIF(Ergebnisse_Roh!X$2:X$16,$D9,Punktematrix!$C$2:$C$16) -> 0 | AB9: =SUMIF(Ergebnisse_Roh!Y$2:Y$11,$D9,Punktematrix!$D$2:$D$11) -> 0 | AC9: =SUMIF(Ergebnisse_Roh!Z$2:Z$11,$D9,Punktematrix!$E$2:$E$11) -> 0 | AD9: =SUMIF(Ergebnisse_Roh!AA$2:AA$4,$D9,Punktematrix!$F$2:$F$4) -> 0 | AE9: =SUMIF(Ergebnisse_Roh!AB$2:AB$4,$D9,Punktematrix!$G$2:$G$4) -> 0
A10: 11 | B10: GC | C10: 29 | D10: VingegaardJonasTeam Visma | Lease a Bike | E10: Team Visma | Lease a Bike | F10: =SUMIF(Ergebnisse_Roh!C$2:C$21,$D10,Punktematrix!$B$2:$B$21) -> 28 | G10: =SUMIF(Ergebnisse_Roh!D$2:D$21,$D10,Punktematrix!$B$2:$B$21) -> 15 | H10: =SUMIF(Ergebnisse_Roh!E$2:E$21,$D10,Punktematrix!$B$2:$B$21) -> 20 | I10: =SUMIF(Ergebnisse_Roh!F$2:F$21,$D10,Punktematrix!$B$2:$B$21) -> 0 | J10: =SUMIF(Ergebnisse_Roh!G$2:G$21,$D10,Punktematrix!$B$2:$B$21) -> 0 | K10: =SUMIF(Ergebnisse_Roh!H$2:H$21,$D10,Punktematrix!$B$2:$B$21) -> 20 | L10: =SUMIF(Ergebnisse_Roh!I$2:I$21,$D10,Punktematrix!$B$2:$B$21) -> 0 | M10: =SUMIF(Ergebnisse_Roh!J$2:J$21,$D10,Punktematrix!$B$2:$B$21) -> 0 | ... Z10: =SUMIF(Ergebnisse_Roh!W$2:W$21,$D10,Punktematrix!$B$2:$B$21) -> 0 | AA10: =SUMIF(Ergebnisse_Roh!X$2:X$16,$D10,Punktematrix!$C$2:$C$16) -> 0 | AB10: =SUMIF(Ergebnisse_Roh!Y$2:Y$11,$D10,Punktematrix!$D$2:$D$11) -> 0 | AC10: =SUMIF(Ergebnisse_Roh!Z$2:Z$11,$D10,Punktematrix!$E$2:$E$11) -> 0 | AD10: =SUMIF(Ergebnisse_Roh!AA$2:AA$4,$D10,Punktematrix!$F$2:$F$4) -> 0 | AE10: =SUMIF(Ergebnisse_Roh!AB$2:AB$4,$D10,Punktematrix!$G$2:$G$4) -> 0
A11: 12 | B11: TT | C11: 30 | D11: AffiniEdoardoTeam Visma | Lease a Bike | E11: Team Visma | Lease a Bike | F11: =SUMIF(Ergebnisse_Roh!C$2:C$21,$D11,Punktematrix!$B$2:$B$21) -> 0 | G11: =SUMIF(Ergebnisse_Roh!D$2:D$21,$D11,Punktematrix!$B$2:$B$21) -> 0 | H11: =SUMIF(Ergebnisse_Roh!E$2:E$21,$D11,Punktematrix!$B$2:$B$21) -> 0 | I11: =SUMIF(Ergebnisse_Roh!F$2:F$21,$D11,Punktematrix!$B$2:$B$21) -> 0 | J11: =SUMIF(Ergebnisse_Roh!G$2:G$21,$D11,Punktematrix!$B$2:$B$21) -> 0 | K11: =SUMIF(Ergebnisse_Roh!H$2:H$21,$D11,Punktematrix!$B$2:$B$21) -> 0 | L11: =SUMIF(Ergebnisse_Roh!I$2:I$21,$D11,Punktematrix!$B$2:$B$21) -> 0 | M11: =SUMIF(Ergebnisse_Roh!J$2:J$21,$D11,Punktematrix!$B$2:$B$21) -> 0 | ... Z11: =SUMIF(Ergebnisse_Roh!W$2:W$21,$D11,Punktematrix!$B$2:$B$21) -> 0 | AA11: =SUMIF(Ergebnisse_Roh!X$2:X$16,$D11,Punktematrix!$C$2:$C$16) -> 0 | AB11: =SUMIF(Ergebnisse_Roh!Y$2:Y$11,$D11,Punktematrix!$D$2:$D$11) -> 0 | AC11: =SUMIF(Ergebnisse_Roh!Z$2:Z$11,$D11,Punktematrix!$E$2:$E$11) -> 0 | AD11: =SUMIF(Ergebnisse_Roh!AA$2:AA$4,$D11,Punktematrix!$F$2:$F$4) -> 0 | AE11: =SUMIF(Ergebnisse_Roh!AB$2:AB$4,$D11,Punktematrix!$G$2:$G$4) -> 0
A12: 13 | B12: TT | C12: 32 | D12: ArmirailBrunoTeam Visma | Lease a Bike | E12: Team Visma | Lease a Bike | F12: =SUMIF(Ergebnisse_Roh!C$2:C$21,$D12,Punktematrix!$B$2:$B$21) -> 0 | G12: =SUMIF(Ergebnisse_Roh!D$2:D$21,$D12,Punktematrix!$B$2:$B$21) -> 0 | H12: =SUMIF(Ergebnisse_Roh!E$2:E$21,$D12,Punktematrix!$B$2:$B$21) -> 0 | I12: =SUMIF(Ergebnisse_Roh!F$2:F$21,$D12,Punktematrix!$B$2:$B$21) -> 0 | J12: =SUMIF(Ergebnisse_Roh!G$2:G$21,$D12,Punktematrix!$B$2:$B$21) -> 0 | K12: =SUMIF(Ergebnisse_Roh!H$2:H$21,$D12,Punktematrix!$B$2:$B$21) -> 0 | L12: =SUMIF(Ergebnisse_Roh!I$2:I$21,$D12,Punktematrix!$B$2:$B$21) -> 0 | M12: =SUMIF(Ergebnisse_Roh!J$2:J$21,$D12,Punktematrix!$B$2:$B$21) -> 0 | ... Z12: =SUMIF(Ergebnisse_Roh!W$2:W$21,$D12,Punktematrix!$B$2:$B$21) -> 0 | AA12: =SUMIF(Ergebnisse_Roh!X$2:X$16,$D12,Punktematrix!$C$2:$C$16) -> 0 | AB12: =SUMIF(Ergebnisse_Roh!Y$2:Y$11,$D12,Punktematrix!$D$2:$D$11) -> 0 | AC12: =SUMIF(Ergebnisse_Roh!Z$2:Z$11,$D12,Punktematrix!$E$2:$E$11) -> 0 | AD12: =SUMIF(Ergebnisse_Roh!AA$2:AA$4,$D12,Punktematrix!$F$2:$F$4) -> 0 | AE12: =SUMIF(Ergebnisse_Roh!AB$2:AB$4,$D12,Punktematrix!$G$2:$G$4) -> 0
A13: 14 | B13: TT | C13: 34 | D13: CampenaertsVictorTeam Visma | Lease a Bike | E13: Team Visma | Lease a Bike | F13: =SUMIF(Ergebnisse_Roh!C$2:C$21,$D13,Punktematrix!$B$2:$B$21) -> 0 | G13: =SUMIF(Ergebnisse_Roh!D$2:D$21,$D13,Punktematrix!$B$2:$B$21) -> 0 | H13: =SUMIF(Ergebnisse_Roh!E$2:E$21,$D13,Punktematrix!$B$2:$B$21) -> 0 | I13: =SUMIF(Ergebnisse_Roh!F$2:F$21,$D13,Punktematrix!$B$2:$B$21) -> 0 | J13: =SUMIF(Ergebnisse_Roh!G$2:G$21,$D13,Punktematrix!$B$2:$B$21) -> 0 | K13: =SUMIF(Ergebnisse_Roh!H$2:H$21,$D13,Punktematrix!$B$2:$B$21) -> 0 | L13: =SUMIF(Ergebnisse_Roh!I$2:I$21,$D13,Punktematrix!$B$2:$B$21) -> 0 | M13: =SUMIF(Ergebnisse_Roh!J$2:J$21,$D13,Punktematrix!$B$2:$B$21) -> 0 | ... Z13: =SUMIF(Ergebnisse_Roh!W$2:W$21,$D13,Punktematrix!$B$2:$B$21) -> 0 | AA13: =SUMIF(Ergebnisse_Roh!X$2:X$16,$D13,Punktematrix!$C$2:$C$16) -> 0 | AB13: =SUMIF(Ergebnisse_Roh!Y$2:Y$11,$D13,Punktematrix!$D$2:$D$11) -> 0 | AC13: =SUMIF(Ergebnisse_Roh!Z$2:Z$11,$D13,Punktematrix!$E$2:$E$11) -> 0 | AD13: =SUMIF(Ergebnisse_Roh!AA$2:AA$4,$D13,Punktematrix!$F$2:$F$4) -> 0 | AE13: =SUMIF(Ergebnisse_Roh!AB$2:AB$4,$D13,Punktematrix!$G$2:$G$4) -> 0
... A185: 228 | B185: GC | C185: 29 | D185: ParraJosé FélixCaja Rural - Seguros RGA | E185: Caja Rural - Seguros RGA | F185: =SUMIF(Ergebnisse_Roh!C$2:C$21,$D185,Punktematrix!$B$2:$B$21) -> 0 | G185: =SUMIF(Ergebnisse_Roh!D$2:D$21,$D185,Punktematrix!$B$2:$B$21) -> 0 | H185: =SUMIF(Ergebnisse_Roh!E$2:E$21,$D185,Punktematrix!$B$2:$B$21) -> 0 | I185: =SUMIF(Ergebnisse_Roh!F$2:F$21,$D185,Punktematrix!$B$2:$B$21) -> 0 | J185: =SUMIF(Ergebnisse_Roh!G$2:G$21,$D185,Punktematrix!$B$2:$B$21) -> 0 | K185: =SUMIF(Ergebnisse_Roh!H$2:H$21,$D185,Punktematrix!$B$2:$B$21) -> 0 | L185: =SUMIF(Ergebnisse_Roh!I$2:I$21,$D185,Punktematrix!$B$2:$B$21) -> 0 | M185: =SUMIF(Ergebnisse_Roh!J$2:J$21,$D185,Punktematrix!$B$2:$B$21) -> 0 | ... Z185: =SUMIF(Ergebnisse_Roh!W$2:W$21,$D185,Punktematrix!$B$2:$B$21) -> 0 | AA185: =SUMIF(Ergebnisse_Roh!X$2:X$16,$D185,Punktematrix!$C$2:$C$16) -> 0 | AB185: =SUMIF(Ergebnisse_Roh!Y$2:Y$11,$D185,Punktematrix!$D$2:$D$11) -> 0 | AC185: =SUMIF(Ergebnisse_Roh!Z$2:Z$11,$D185,Punktematrix!$E$2:$E$11) -> 0 | AD185: =SUMIF(Ergebnisse_Roh!AA$2:AA$4,$D185,Punktematrix!$F$2:$F$4) -> 0 | AE185: =SUMIF(Ergebnisse_Roh!AB$2:AB$4,$D185,Punktematrix!$G$2:$G$4) -> 0
D186: Caja Rural - Seguros RGA | F186: =SUMIF(Ergebnisse_Roh!C$2:C$21,$D186,Punktematrix!$B$2:$B$21) -> 0 | G186: =SUMIF(Ergebnisse_Roh!D$2:D$21,$D186,Punktematrix!$B$2:$B$21) -> 0 | H186: =SUMIF(Ergebnisse_Roh!E$2:E$21,$D186,Punktematrix!$B$2:$B$21) -> 0 | I186: =SUMIF(Ergebnisse_Roh!F$2:F$21,$D186,Punktematrix!$B$2:$B$21) -> 0 | J186: =SUMIF(Ergebnisse_Roh!G$2:G$21,$D186,Punktematrix!$B$2:$B$21) -> 0 | K186: =SUMIF(Ergebnisse_Roh!H$2:H$21,$D186,Punktematrix!$B$2:$B$21) -> 0 | L186: =SUMIF(Ergebnisse_Roh!I$2:I$21,$D186,Punktematrix!$B$2:$B$21) -> 0 | M186: =SUMIF(Ergebnisse_Roh!J$2:J$21,$D186,Punktematrix!$B$2:$B$21) -> 0 | ... Z186: =SUMIF(Ergebnisse_Roh!W$2:W$21,$D186,Punktematrix!$B$2:$B$21) -> 0 | AA186: =SUMIF(Ergebnisse_Roh!X$2:X$16,$D186,Punktematrix!$C$2:$C$16) -> 0 | AB186: =SUMIF(Ergebnisse_Roh!Y$2:Y$11,$D186,Punktematrix!$D$2:$D$11) -> 0 | AC186: =SUMIF(Ergebnisse_Roh!Z$2:Z$11,$D186,Punktematrix!$E$2:$E$11) -> 0 | AD186: =SUMIF(Ergebnisse_Roh!AA$2:AA$4,$D186,Punktematrix!$F$2:$F$4) -> 0 | AE186: =SUMIF(Ergebnisse_Roh!AB$2:AB$4,$D186,Punktematrix!$G$2:$G$4) -> 0
D187: Team Picnic PostNL | F187: =SUMIF(Ergebnisse_Roh!C$2:C$21,$D187,Punktematrix!$B$2:$B$21) -> 0 | G187: =SUMIF(Ergebnisse_Roh!D$2:D$21,$D187,Punktematrix!$B$2:$B$21) -> 0 | H187: =SUMIF(Ergebnisse_Roh!E$2:E$21,$D187,Punktematrix!$B$2:$B$21) -> 0 | I187: =SUMIF(Ergebnisse_Roh!F$2:F$21,$D187,Punktematrix!$B$2:$B$21) -> 0 | J187: =SUMIF(Ergebnisse_Roh!G$2:G$21,$D187,Punktematrix!$B$2:$B$21) -> 0 | K187: =SUMIF(Ergebnisse_Roh!H$2:H$21,$D187,Punktematrix!$B$2:$B$21) -> 0 | L187: =SUMIF(Ergebnisse_Roh!I$2:I$21,$D187,Punktematrix!$B$2:$B$21) -> 0 | M187: =SUMIF(Ergebnisse_Roh!J$2:J$21,$D187,Punktematrix!$B$2:$B$21) -> 2 | ... Z187: =SUMIF(Ergebnisse_Roh!W$2:W$21,$D187,Punktematrix!$B$2:$B$21) -> 0 | AA187: =SUMIF(Ergebnisse_Roh!X$2:X$16,$D187,Punktematrix!$C$2:$C$16) -> 0 | AB187: =SUMIF(Ergebnisse_Roh!Y$2:Y$11,$D187,Punktematrix!$D$2:$D$11) -> 0 | AC187: =SUMIF(Ergebnisse_Roh!Z$2:Z$11,$D187,Punktematrix!$E$2:$E$11) -> 0 | AD187: =SUMIF(Ergebnisse_Roh!AA$2:AA$4,$D187,Punktematrix!$F$2:$F$4) -> 0 | AE187: =SUMIF(Ergebnisse_Roh!AB$2:AB$4,$D187,Punktematrix!$G$2:$G$4) -> 0
D188: TotalEnergies | F188: =SUMIF(Ergebnisse_Roh!C$2:C$21,$D188,Punktematrix!$B$2:$B$21) -> 0 | G188: =SUMIF(Ergebnisse_Roh!D$2:D$21,$D188,Punktematrix!$B$2:$B$21) -> 0 | H188: =SUMIF(Ergebnisse_Roh!E$2:E$21,$D188,Punktematrix!$B$2:$B$21) -> 0 | I188: =SUMIF(Ergebnisse_Roh!F$2:F$21,$D188,Punktematrix!$B$2:$B$21) -> 0 | J188: =SUMIF(Ergebnisse_Roh!G$2:G$21,$D188,Punktematrix!$B$2:$B$21) -> 0 | K188: =SUMIF(Ergebnisse_Roh!H$2:H$21,$D188,Punktematrix!$B$2:$B$21) -> 0 | L188: =SUMIF(Ergebnisse_Roh!I$2:I$21,$D188,Punktematrix!$B$2:$B$21) -> 0 | M188: =SUMIF(Ergebnisse_Roh!J$2:J$21,$D188,Punktematrix!$B$2:$B$21) -> 0 | ... Z188: =SUMIF(Ergebnisse_Roh!W$2:W$21,$D188,Punktematrix!$B$2:$B$21) -> 0 | AA188: =SUMIF(Ergebnisse_Roh!X$2:X$16,$D188,Punktematrix!$C$2:$C$16) -> 0 | AB188: =SUMIF(Ergebnisse_Roh!Y$2:Y$11,$D188,Punktematrix!$D$2:$D$11) -> 0 | AC188: =SUMIF(Ergebnisse_Roh!Z$2:Z$11,$D188,Punktematrix!$E$2:$E$11) -> 0 | AD188: =SUMIF(Ergebnisse_Roh!AA$2:AA$4,$D188,Punktematrix!$F$2:$F$4) -> 0 | AE188: =SUMIF(Ergebnisse_Roh!AB$2:AB$4,$D188,Punktematrix!$G$2:$G$4) -> 0
D189: Groupama - FDJ United | F189: =SUMIF(Ergebnisse_Roh!C$2:C$21,$D189,Punktematrix!$B$2:$B$21) -> 0 | G189: =SUMIF(Ergebnisse_Roh!D$2:D$21,$D189,Punktematrix!$B$2:$B$21) -> 0 | H189: =SUMIF(Ergebnisse_Roh!E$2:E$21,$D189,Punktematrix!$B$2:$B$21) -> 0 | I189: =SUMIF(Ergebnisse_Roh!F$2:F$21,$D189,Punktematrix!$B$2:$B$21) -> 0 | J189: =SUMIF(Ergebnisse_Roh!G$2:G$21,$D189,Punktematrix!$B$2:$B$21) -> 0 | K189: =SUMIF(Ergebnisse_Roh!H$2:H$21,$D189,Punktematrix!$B$2:$B$21) -> 0 | L189: =SUMIF(Ergebnisse_Roh!I$2:I$21,$D189,Punktematrix!$B$2:$B$21) -> 0 | M189: =SUMIF(Ergebnisse_Roh!J$2:J$21,$D189,Punktematrix!$B$2:$B$21) -> 0 | ... Z189: =SUMIF(Ergebnisse_Roh!W$2:W$21,$D189,Punktematrix!$B$2:$B$21) -> 0 | AA189: =SUMIF(Ergebnisse_Roh!X$2:X$16,$D189,Punktematrix!$C$2:$C$16) -> 0 | AB189: =SUMIF(Ergebnisse_Roh!Y$2:Y$11,$D189,Punktematrix!$D$2:$D$11) -> 0 | AC189: =SUMIF(Ergebnisse_Roh!Z$2:Z$11,$D189,Punktematrix!$E$2:$E$11) -> 0 | AD189: =SUMIF(Ergebnisse_Roh!AA$2:AA$4,$D189,Punktematrix!$F$2:$F$4) -> 0 | AE189: =SUMIF(Ergebnisse_Roh!AB$2:AB$4,$D189,Punktematrix!$G$2:$G$4) -> 0
D190: Tudor Pro Cycling Team | F190: =SUMIF(Ergebnisse_Roh!C$2:C$21,$D190,Punktematrix!$B$2:$B$21) -> 0 | G190: =SUMIF(Ergebnisse_Roh!D$2:D$21,$D190,Punktematrix!$B$2:$B$21) -> 0 | H190: =SUMIF(Ergebnisse_Roh!E$2:E$21,$D190,Punktematrix!$B$2:$B$21) -> 0 | I190: =SUMIF(Ergebnisse_Roh!F$2:F$21,$D190,Punktematrix!$B$2:$B$21) -> 0 | J190: =SUMIF(Ergebnisse_Roh!G$2:G$21,$D190,Punktematrix!$B$2:$B$21) -> 0 | K190: =SUMIF(Ergebnisse_Roh!H$2:H$21,$D190,Punktematrix!$B$2:$B$21) -> 0 | L190: =SUMIF(Ergebnisse_Roh!I$2:I$21,$D190,Punktematrix!$B$2:$B$21) -> 0 | M190: =SUMIF(Ergebnisse_Roh!J$2:J$21,$D190,Punktematrix!$B$2:$B$21) -> 0 | ... Z190: =SUMIF(Ergebnisse_Roh!W$2:W$21,$D190,Punktematrix!$B$2:$B$21) -> 0 | AA190: =SUMIF(Ergebnisse_Roh!X$2:X$16,$D190,Punktematrix!$C$2:$C$16) -> 0 | AB190: =SUMIF(Ergebnisse_Roh!Y$2:Y$11,$D190,Punktematrix!$D$2:$D$11) -> 0 | AC190: =SUMIF(Ergebnisse_Roh!Z$2:Z$11,$D190,Punktematrix!$E$2:$E$11) -> 0 | AD190: =SUMIF(Ergebnisse_Roh!AA$2:AA$4,$D190,Punktematrix!$F$2:$F$4) -> 0 | AE190: =SUMIF(Ergebnisse_Roh!AB$2:AB$4,$D190,Punktematrix!$G$2:$G$4) -> 0
D191: Pinarello Q36.5 Pro Cycling Team | F191: =SUMIF(Ergebnisse_Roh!C$2:C$21,$D191,Punktematrix!$B$2:$B$21) -> 0 | G191: =SUMIF(Ergebnisse_Roh!D$2:D$21,$D191,Punktematrix!$B$2:$B$21) -> 0 | H191: =SUMIF(Ergebnisse_Roh!E$2:E$21,$D191,Punktematrix!$B$2:$B$21) -> 0 | I191: =SUMIF(Ergebnisse_Roh!F$2:F$21,$D191,Punktematrix!$B$2:$B$21) -> 0 | J191: =SUMIF(Ergebnisse_Roh!G$2:G$21,$D191,Punktematrix!$B$2:$B$21) -> 0 | K191: =SUMIF(Ergebnisse_Roh!H$2:H$21,$D191,Punktematrix!$B$2:$B$21) -> 0 | L191: =SUMIF(Ergebnisse_Roh!I$2:I$21,$D191,Punktematrix!$B$2:$B$21) -> 0 | M191: =SUMIF(Ergebnisse_Roh!J$2:J$21,$D191,Punktematrix!$B$2:$B$21) -> 0 | ... Z191: =SUMIF(Ergebnisse_Roh!W$2:W$21,$D191,Punktematrix!$B$2:$B$21) -> 0 | AA191: =SUMIF(Ergebnisse_Roh!X$2:X$16,$D191,Punktematrix!$C$2:$C$16) -> 0 | AB191: =SUMIF(Ergebnisse_Roh!Y$2:Y$11,$D191,Punktematrix!$D$2:$D$11) -> 0 | AC191: =SUMIF(Ergebnisse_Roh!Z$2:Z$11,$D191,Punktematrix!$E$2:$E$11) -> 0 | AD191: =SUMIF(Ergebnisse_Roh!AA$2:AA$4,$D191,Punktematrix!$F$2:$F$4) -> 0 | AE191: =SUMIF(Ergebnisse_Roh!AB$2:AB$4,$D191,Punktematrix!$G$2:$G$4) -> 0
D192: Groupama - FDJ United | F192: =SUMIF(Ergebnisse_Roh!C$2:C$21,$D192,Punktematrix!$B$2:$B$21) -> 0 | G192: =SUMIF(Ergebnisse_Roh!D$2:D$21,$D192,Punktematrix!$B$2:$B$21) -> 0 | H192: =SUMIF(Ergebnisse_Roh!E$2:E$21,$D192,Punktematrix!$B$2:$B$21) -> 0 | I192: =SUMIF(Ergebnisse_Roh!F$2:F$21,$D192,Punktematrix!$B$2:$B$21) -> 0 | J192: =SUMIF(Ergebnisse_Roh!G$2:G$21,$D192,Punktematrix!$B$2:$B$21) -> 0 | K192: =SUMIF(Ergebnisse_Roh!H$2:H$21,$D192,Punktematrix!$B$2:$B$21) -> 0 | L192: =SUMIF(Ergebnisse_Roh!I$2:I$21,$D192,Punktematrix!$B$2:$B$21) -> 0 | M192: =SUMIF(Ergebnisse_Roh!J$2:J$21,$D192,Punktematrix!$B$2:$B$21) -> 0 | ... Z192: =SUMIF(Ergebnisse_Roh!W$2:W$21,$D192,Punktematrix!$B$2:$B$21) -> 0 | AA192: =SUMIF(Ergebnisse_Roh!X$2:X$16,$D192,Punktematrix!$C$2:$C$16) -> 0 | AB192: =SUMIF(Ergebnisse_Roh!Y$2:Y$11,$D192,Punktematrix!$D$2:$D$11) -> 0 | AC192: =SUMIF(Ergebnisse_Roh!Z$2:Z$11,$D192,Punktematrix!$E$2:$E$11) -> 0 | AD192: =SUMIF(Ergebnisse_Roh!AA$2:AA$4,$D192,Punktematrix!$F$2:$F$4) -> 0 | AE192: =SUMIF(Ergebnisse_Roh!AB$2:AB$4,$D192,Punktematrix!$G$2:$G$4) -> 0
D193: Lotto Intermarché | F193: =SUMIF(Ergebnisse_Roh!C$2:C$21,$D193,Punktematrix!$B$2:$B$21) -> 0 | G193: =SUMIF(Ergebnisse_Roh!D$2:D$21,$D193,Punktematrix!$B$2:$B$21) -> 0 | H193: =SUMIF(Ergebnisse_Roh!E$2:E$21,$D193,Punktematrix!$B$2:$B$21) -> 0 | I193: =SUMIF(Ergebnisse_Roh!F$2:F$21,$D193,Punktematrix!$B$2:$B$21) -> 0 | J193: =SUMIF(Ergebnisse_Roh!G$2:G$21,$D193,Punktematrix!$B$2:$B$21) -> 0 | K193: =SUMIF(Ergebnisse_Roh!H$2:H$21,$D193,Punktematrix!$B$2:$B$21) -> 0 | L193: =SUMIF(Ergebnisse_Roh!I$2:I$21,$D193,Punktematrix!$B$2:$B$21) -> 0 | M193: =SUMIF(Ergebnisse_Roh!J$2:J$21,$D193,Punktematrix!$B$2:$B$21) -> 0 | ... Z193: =SUMIF(Ergebnisse_Roh!W$2:W$21,$D193,Punktematrix!$B$2:$B$21) -> 0 | AA193: =SUMIF(Ergebnisse_Roh!X$2:X$16,$D193,Punktematrix!$C$2:$C$16) -> 0 | AB193: =SUMIF(Ergebnisse_Roh!Y$2:Y$11,$D193,Punktematrix!$D$2:$D$11) -> 0 | AC193: =SUMIF(Ergebnisse_Roh!Z$2:Z$11,$D193,Punktematrix!$E$2:$E$11) -> 0 | AD193: =SUMIF(Ergebnisse_Roh!AA$2:AA$4,$D193,Punktematrix!$F$2:$F$4) -> 0 | AE193: =SUMIF(Ergebnisse_Roh!AB$2:AB$4,$D193,Punktematrix!$G$2:$G$4) -> 0
D194: Cofidis | F194: =SUMIF(Ergebnisse_Roh!C$2:C$21,$D194,Punktematrix!$B$2:$B$21) -> 0 | G194: =SUMIF(Ergebnisse_Roh!D$2:D$21,$D194,Punktematrix!$B$2:$B$21) -> 0 | H194: =SUMIF(Ergebnisse_Roh!E$2:E$21,$D194,Punktematrix!$B$2:$B$21) -> 0 | I194: =SUMIF(Ergebnisse_Roh!F$2:F$21,$D194,Punktematrix!$B$2:$B$21) -> 0 | J194: =SUMIF(Ergebnisse_Roh!G$2:G$21,$D194,Punktematrix!$B$2:$B$21) -> 0 | K194: =SUMIF(Ergebnisse_Roh!H$2:H$21,$D194,Punktematrix!$B$2:$B$21) -> 0 | L194: =SUMIF(Ergebnisse_Roh!I$2:I$21,$D194,Punktematrix!$B$2:$B$21) -> 0 | M194: =SUMIF(Ergebnisse_Roh!J$2:J$21,$D194,Punktematrix!$B$2:$B$21) -> 0 | ... Z194: =SUMIF(Ergebnisse_Roh!W$2:W$21,$D194,Punktematrix!$B$2:$B$21) -> 0 | AA194: =SUMIF(Ergebnisse_Roh!X$2:X$16,$D194,Punktematrix!$C$2:$C$16) -> 0 | AB194: =SUMIF(Ergebnisse_Roh!Y$2:Y$11,$D194,Punktematrix!$D$2:$D$11) -> 0 | AC194: =SUMIF(Ergebnisse_Roh!Z$2:Z$11,$D194,Punktematrix!$E$2:$E$11) -> 0 | AD194: =SUMIF(Ergebnisse_Roh!AA$2:AA$4,$D194,Punktematrix!$F$2:$F$4) -> 0 | AE194: =SUMIF(Ergebnisse_Roh!AB$2:AB$4,$D194,Punktematrix!$G$2:$G$4) -> 0
D195: NSN Cycling Team | F195: =SUMIF(Ergebnisse_Roh!C$2:C$21,$D195,Punktematrix!$B$2:$B$21) -> 0 | G195: =SUMIF(Ergebnisse_Roh!D$2:D$21,$D195,Punktematrix!$B$2:$B$21) -> 0 | H195: =SUMIF(Ergebnisse_Roh!E$2:E$21,$D195,Punktematrix!$B$2:$B$21) -> 0 | I195: =SUMIF(Ergebnisse_Roh!F$2:F$21,$D195,Punktematrix!$B$2:$B$21) -> 0 | J195: =SUMIF(Ergebnisse_Roh!G$2:G$21,$D195,Punktematrix!$B$2:$B$21) -> 0 | K195: =SUMIF(Ergebnisse_Roh!H$2:H$21,$D195,Punktematrix!$B$2:$B$21) -> 0 | L195: =SUMIF(Ergebnisse_Roh!I$2:I$21,$D195,Punktematrix!$B$2:$B$21) -> 0 | M195: =SUMIF(Ergebnisse_Roh!J$2:J$21,$D195,Punktematrix!$B$2:$B$21) -> 0 | ... Z195: =SUMIF(Ergebnisse_Roh!W$2:W$21,$D195,Punktematrix!$B$2:$B$21) -> 0 | AA195: =SUMIF(Ergebnisse_Roh!X$2:X$16,$D195,Punktematrix!$C$2:$C$16) -> 0 | AB195: =SUMIF(Ergebnisse_Roh!Y$2:Y$11,$D195,Punktematrix!$D$2:$D$11) -> 0 | AC195: =SUMIF(Ergebnisse_Roh!Z$2:Z$11,$D195,Punktematrix!$E$2:$E$11) -> 0 | AD195: =SUMIF(Ergebnisse_Roh!AA$2:AA$4,$D195,Punktematrix!$F$2:$F$4) -> 0 | AE195: =SUMIF(Ergebnisse_Roh!AB$2:AB$4,$D195,Punktematrix!$G$2:$G$4) -> 0
D196: Movistar Team | F196: =SUMIF(Ergebnisse_Roh!C$2:C$21,$D196,Punktematrix!$B$2:$B$21) -> 0 | G196: =SUMIF(Ergebnisse_Roh!D$2:D$21,$D196,Punktematrix!$B$2:$B$21) -> 0 | H196: =SUMIF(Ergebnisse_Roh!E$2:E$21,$D196,Punktematrix!$B$2:$B$21) -> 0 | I196: =SUMIF(Ergebnisse_Roh!F$2:F$21,$D196,Punktematrix!$B$2:$B$21) -> 0 | J196: =SUMIF(Ergebnisse_Roh!G$2:G$21,$D196,Punktematrix!$B$2:$B$21) -> 0 | K196: =SUMIF(Ergebnisse_Roh!H$2:H$21,$D196,Punktematrix!$B$2:$B$21) -> 0 | L196: =SUMIF(Ergebnisse_Roh!I$2:I$21,$D196,Punktematrix!$B$2:$B$21) -> 0 | M196: =SUMIF(Ergebnisse_Roh!J$2:J$21,$D196,Punktematrix!$B$2:$B$21) -> 0 | ... Z196: =SUMIF(Ergebnisse_Roh!W$2:W$21,$D196,Punktematrix!$B$2:$B$21) -> 0 | AA196: =SUMIF(Ergebnisse_Roh!X$2:X$16,$D196,Punktematrix!$C$2:$C$16) -> 0 | AB196: =SUMIF(Ergebnisse_Roh!Y$2:Y$11,$D196,Punktematrix!$D$2:$D$11) -> 0 | AC196: =SUMIF(Ergebnisse_Roh!Z$2:Z$11,$D196,Punktematrix!$E$2:$E$11) -> 0 | AD196: =SUMIF(Ergebnisse_Roh!AA$2:AA$4,$D196,Punktematrix!$F$2:$F$4) -> 0 | AE196: =SUMIF(Ergebnisse_Roh!AB$2:AB$4,$D196,Punktematrix!$G$2:$G$4) -> 0
D197: Team Jayco AlUla | F197: =SUMIF(Ergebnisse_Roh!C$2:C$21,$D197,Punktematrix!$B$2:$B$21) -> 0 | G197: =SUMIF(Ergebnisse_Roh!D$2:D$21,$D197,Punktematrix!$B$2:$B$21) -> 0 | H197: =SUMIF(Ergebnisse_Roh!E$2:E$21,$D197,Punktematrix!$B$2:$B$21) -> 0 | I197: =SUMIF(Ergebnisse_Roh!F$2:F$21,$D197,Punktematrix!$B$2:$B$21) -> 0 | J197: =SUMIF(Ergebnisse_Roh!G$2:G$21,$D197,Punktematrix!$B$2:$B$21) -> 0 | K197: =SUMIF(Ergebnisse_Roh!H$2:H$21,$D197,Punktematrix!$B$2:$B$21) -> 0 | L197: =SUMIF(Ergebnisse_Roh!I$2:I$21,$D197,Punktematrix!$B$2:$B$21) -> 0 | M197: =SUMIF(Ergebnisse_Roh!J$2:J$21,$D197,Punktematrix!$B$2:$B$21) -> 0 | ... Z197: =SUMIF(Ergebnisse_Roh!W$2:W$21,$D197,Punktematrix!$B$2:$B$21) -> 0 | AA197: =SUMIF(Ergebnisse_Roh!X$2:X$16,$D197,Punktematrix!$C$2:$C$16) -> 0 | AB197: =SUMIF(Ergebnisse_Roh!Y$2:Y$11,$D197,Punktematrix!$D$2:$D$11) -> 0 | AC197: =SUMIF(Ergebnisse_Roh!Z$2:Z$11,$D197,Punktematrix!$E$2:$E$11) -> 0 | AD197: =SUMIF(Ergebnisse_Roh!AA$2:AA$4,$D197,Punktematrix!$F$2:$F$4) -> 0 | AE197: =SUMIF(Ergebnisse_Roh!AB$2:AB$4,$D197,Punktematrix!$G$2:$G$4) -> 0
... D209: UAE Team Emirates - XRG | F209: =SUMIF(Ergebnisse_Roh!C$2:C$21,$D209,Punktematrix!$B$2:$B$21) -> 0 | G209: =SUMIF(Ergebnisse_Roh!D$2:D$21,$D209,Punktematrix!$B$2:$B$21) -> 2 | H209: =SUMIF(Ergebnisse_Roh!E$2:E$21,$D209,Punktematrix!$B$2:$B$21) -> 2 | I209: =SUMIF(Ergebnisse_Roh!F$2:F$21,$D209,Punktematrix!$B$2:$B$21) -> 0 | J209: =SUMIF(Ergebnisse_Roh!G$2:G$21,$D209,Punktematrix!$B$2:$B$21) -> 0 | K209: =SUMIF(Ergebnisse_Roh!H$2:H$21,$D209,Punktematrix!$B$2:$B$21) -> 2 | L209: =SUMIF(Ergebnisse_Roh!I$2:I$21,$D209,Punktematrix!$B$2:$B$21) -> 0 | M209: =SUMIF(Ergebnisse_Roh!J$2:J$21,$D209,Punktematrix!$B$2:$B$21) -> 0 | ... Z209: =SUMIF(Ergebnisse_Roh!W$2:W$21,$D209,Punktematrix!$B$2:$B$21) -> 0 | AA209: =SUMIF(Ergebnisse_Roh!X$2:X$16,$D209,Punktematrix!$C$2:$C$16) -> 0 | AB209: =SUMIF(Ergebnisse_Roh!Y$2:Y$11,$D209,Punktematrix!$D$2:$D$11) -> 0 | AC209: =SUMIF(Ergebnisse_Roh!Z$2:Z$11,$D209,Punktematrix!$E$2:$E$11) -> 0 | AD209: =SUMIF(Ergebnisse_Roh!AA$2:AA$4,$D209,Punktematrix!$F$2:$F$4) -> 0 | AE209: =SUMIF(Ergebnisse_Roh!AB$2:AB$4,$D209,Punktematrix!$G$2:$G$4) -> 25

Sheet Punktematrix
A1: Platz | B1: Punkte | C1: GC | D1: Mountain | E1: Sprint | F1: Youth | G1: TeamRank
A2: 1 | B2: 25 | C2: 75 | D2: 20 | E2: 20 | F2: 15 | G2: 30
A3: 2 | B3: 20 | C3: 70 | D3: 18 | E3: 18 | F3: 10 | G3: 25
A4: 3 | B4: 15 | C4: 65 | D4: 16 | E4: 16 | F4: 5 | G4: 20
A5: 4 | B5: 12 | C5: 60 | D5: 14 | E5: 14
A6: 5 | B6: 11 | C6: 55 | D6: 12 | E6: 12
A7: 6 | B7: 10 | C7: 50 | D7: 10 | E7: 10
A8: 7 | B8: 9 | C8: 45 | D8: 8 | E8: 8
A9: 8 | B9: 8 | C9: 40 | D9: 6 | E9: 6
A10: 9 | B10: 7 | C10: 35 | D10: 4 | E10: 4
A11: 10 | B11: 6 | C11: 30 | D11: 2 | E11: 2
A12: 11 | B12: 5 | C12: 25
A13: 12 | B13: 4 | C13: 20
A14: 13 | B14: 3 | C14: 15
A15: 14 | B15: 2 | C15: 10
A16: 15 | B16: 1 | C16: 5
A17: Gelb | B17: 3
A18: Grün | B18: 2
A19: Weiß | B19: 2
A20: Berg | B20: 2
A21: Mannschaft | B21: 2

Sheet Stage01
A1: VingegaardJonasTeam Visma | Lease a Bike | B1: 50 | C1: 26.25
A2: PiganzoliDavideTeam Visma | Lease a Bike +0:28 | B2: 50 | C2: 26.25
A3: KussSeppTeam Visma | Lease a Bike +1:58 | B3: 50 | C3: 26.25
A4: JorgensonMatteoTeam Visma | Lease a Bike +2:30 | B4: 50 | C4: 26.25
A5: ArmirailBrunoTeam Visma | Lease a Bike +3:28 | B5: 50 | C5: 26.25
A6: CampenaertsVictorTeam Visma | Lease a Bike +3:28 | B6: 50 | C6: 26.25
A7: AffiniEdoardoTeam Visma | Lease a Bike +4:23 | B7: 50 | C7: 26.25
A8: HagenesPer StrandTeam Visma | Lease a Bike +4:23 | B8: 50 | C8: 26.25
A10: GannaFilippoNetcompany INEOS | B10: 40 | C10: 18.75
A11: FossTobiasNetcompany INEOS +0:30 | B11: 40 | C11: 18.75
A12: ArensmanThymenNetcompany INEOS +0:53 | B12: 40 | C12: 18.75
A13: VauquelinKévinNetcompany INEOS +1:06 | B13: 40 | C13: 18.75
... A44: van DijkeTimRed Bull - BORA - hansgrohe +4:58 | B44: 10 | C44: 8.75
A46: SeixasPaulDecathlon CMA CGM Team | C46: 6.88
A47: RiccitelloMatthewDecathlon CMA CGM Team +0:11 | C47: 6.88
A48: Paret-PeintreAurélienDecathlon CMA CGM Team +1:23 | C48: 6.88
A49: BenootTiesjDecathlon CMA CGM Team +2:40 | C49: 6.88
A50: ProdhommeNicolasDecathlon CMA CGM Team +3:22 | C50: 6.88
A51: KooijOlavDecathlon CMA CGM Team +3:33 | C51: 6.88
A52: HooleDaanDecathlon CMA CGM Team +3:33 | C52: 6.88
A53: BolCeesDecathlon CMA CGM Team +3:52 | C53: 6.88
A55: van der PoelMathieuAlpecin - Premier Tech | C55: 5.62
A56: VerstryngeEmielAlpecin - Premier Tech +1:32 | C56: 5.62
A57: DebruyneRamsesAlpecin - Premier Tech +2:01 | C57: 5.62
A58: MarsmanTimAlpecin - Premier Tech +2:31 | C58: 5.62
... A62: RickaertJonasAlpecin - Premier Tech +4:29 | C62: 5.62
A64: GrégoireRomainGroupama - FDJ United | C64: 5
A65: Braz AfonsoClémentGroupama - FDJ United +1:49 | C65: 5
A66: GermaniLorenzoGroupama - FDJ United +2:34 | C66: 5
A67: RussoClémentGroupama - FDJ United +2:34 | C67: 5
A68: CostiouEwenGroupama - FDJ United +2:34 | C68: 5
A69: PacherQuentinGroupama - FDJ United +2:37 | C69: 5
A70: MartinGuillaumeGroupama - FDJ United +2:53 | C70: 5
A71: BerthetClémentGroupama - FDJ United +2:53 | C71: 5
A73: TiberiAntonioBahrain - Victorious | C73: 4.38
A74: MartinezLennyBahrain - Victorious +0:03 | C74: 4.38
A75: CarusoDamianoBahrain - Victorious +2:25 | C75: 4.38
A76: Van MechelenVladBahrain - Victorious +2:26 | C76: 4.38
A77: MohoričMatejBahrain - Victorious +3:09 | C77: 4.38
A78: StannardRobertBahrain - Victorious +3:28 | C78: 4.38
A79: BauhausPhilBahrain - Victorious +3:50 | C79: 4.38
A80: GradekKamilBahrain - Victorious +3:50 | C80: 4.38
A82: MatthewsMichaelTeam Jayco AlUla | C82: 3.75
A83: PlappLukeTeam Jayco AlUla +1:06 | C83: 3.75
A84: O'ConnorBenTeam Jayco AlUla +3:42 | C84: 3.75
A85: O'BrienKellandTeam Jayco AlUla +3:42 | C85: 3.75
... A134: GuernalecThibaultTotalEnergies +3:50 | C134: 0.62
A136: MolenaarAlexCaja Rural - Seguros RGA
A137: ParraJosé FélixCaja Rural - Seguros RGA +0:26
A138: BalderstoneAbelCaja Rural - Seguros RGA +0:40
A139: BerwickSebastianCaja Rural - Seguros RGA +2:26
A140: OldaniStefanoCaja Rural - Seguros RGA +2:26
A141: GaviriaFernandoCaja Rural - Seguros RGA +2:53
A142: OtrubaJakubCaja Rural - Seguros RGA +3:00
A143: NicolauJoelCaja Rural - Seguros RGA +3:16
A145: VoisardYannisTudor Pro Cycling Team
A146: AlaphilippeJulianTudor Pro Cycling Team +0:11
A147: HirschiMarcTudor Pro Cycling Team +1:11
A148: StorerMichaelTudor Pro Cycling Team +2:13
... A206: VelascoSimoneXDS Astana Team +3:40
A208: Rnk | B208: BIB | C208: H2H | D208: Specialty | E208: Age | F208: Rider | G208: Team | H208: UCI | J208: Time | K208: Time won/lost
A209: 1 | B209: 11 | D209: GC | E209: 29 | F209: VingegaardJonasTeam Visma | Lease a Bike | G209: Team Visma | Lease a Bike | H209: 25 | J209: 21:4721:47
A210: 2 | B210: 84 | D210: TT | E210: 29 | F210: GannaFilippoNetcompany INEOS | G210: Netcompany INEOS | J210: 0:080:08
A211: 3 | B211: 1 | D211: Climber | E211: 27 | F211: PogačarTadejUAE Team Emirates - XRG | G211: UAE Team Emirates - XRG | J211: 0:120:12
A212: 4 | B212: 31 | D212: Climber | E212: 23 | F212: AyusoJuanLidl - Trek | G212: Lidl - Trek | J212: 0:160:16
A213: 5 | B213: 21 | D213: TT | E213: 26 | F213: EvenepoelRemcoRed Bull - BORA - hansgrohe | G213: Red Bull - BORA - hansgrohe | J213: 0:190:19
A214: 6 | B214: 2 | D214: GC | E214: 22 | F214: del ToroIsaacUAE Team Emirates - XRG | G214: UAE Team Emirates - XRG | J214: 0:260:26
A215: 7 | B215: 18 | D215: GC | E215: 23 | F215: PiganzoliDavideTeam Visma | Lease a Bike | G215: Team Visma | Lease a Bike | J215: 0:280:28
A216: 8 | B216: 25 | D216: GC | E216: 25 | F216: LipowitzFlorianRed Bull - BORA - hansgrohe | G216: Red Bull - BORA - hansgrohe | J216: 0:350:35
A217: 9 | B217: 83 | D217: TT | E217: 29 | F217: SeixasPaulDecathlon CMA CGM Team | G217: Netcompany INEOS | J217: 0:380:38
A218: 10 | B218: 51 | D218: Classic | E218: 19 | F218: FossTobiasNetcompany INEOS | G218: Decathlon CMA CGM Team | J218: 0:390:39
A219: 11 | B219: 101 | D219: Classic | E219: 31 | F219: van der PoelMathieuAlpecin - Premier Tech | G219: Alpecin - Premier Tech | J219: ,,0:39
A220: 12 | B220: 181 | D220: Classic | E220: 23 | F220: GrégoireRomainGroupama - FDJ United | G220: Groupama - FDJ United | J220: 0:410:41
A221: 13 | B221: 77 | D221: GC | E221: 25 | F221: TiberiAntonioBahrain - Victorious | G221: Bahrain - Victorious | J221: 0:470:47
... A392: 184 | B392: 67 | D392: Classic | E392: 30 | F392: VelascoSimoneXDS Astana Team | G392: XDS Astana Team | J392: 5:585:58
A394: Rnk | B394: BIB | C394: H2H | D394: Specialty | E394: Age | F394: Rider | G394: Team | H394: Today
A395: 1 | B395: 81 | D395: GC | E395: 29 | F395: BernalEganNetcompany INEOS | G395: Netcompany INEOS
A397: Rnk | B397: BIB | C397: H2H | D397: Specialty | E397: Age | F397: Rider | G397: Team | H397: Today
A398: 1 | B398: 1 | D398: Climber | E398: 27 | F398: PogačarTadejUAE Team Emirates - XRG | G398: UAE Team Emirates - XRG
A400: Rnk | B400: BIB | C400: H2H | D400: Specialty | E400: Age | F400: Rider | G400: Team | H400: Time | I400: Time won/lost
A401: 1 | B401: 31 | D401: Climber | E401: 23 | F401: AyusoJuanLidl - Trek | G401: Lidl - Trek | H401: 22:0322:03
A402: 2 | B402: 2 | D402: GC | E402: 22 | F402: del ToroIsaacUAE Team Emirates - XRG | G402: UAE Team Emirates - XRG | H402: 0:100:10
A403: 3 | B403: 18 | D403: GC | E403: 23 | F403: PiganzoliDavideTeam Visma | Lease a Bike | G403: Team Visma | Lease a Bike | H403: 0:120:12
A404: 4 | B404: 51 | D404: Classic | E404: 19 | F404: SeixasPaulDecathlon CMA CGM Team | G404: Decathlon CMA CGM Team | H404: 0:230:23
A405: 5 | B405: 181 | D405: Classic | E405: 23 | F405: GrégoireRomainGroupama - FDJ United | G405: Groupama - FDJ United | H405: 0:250:25
A406: 6 | B406: 77 | D406: GC | E406: 25 | F406: TiberiAntonioBahrain - Victorious | G406: Bahrain - Victorious | H406: 0:310:31
A407: 7 | B407: 58 | D407: GC | E407: 24 | F407: RiccitelloMatthewDecathlon CMA CGM Team | G407: Decathlon CMA CGM Team | H407: 0:340:34
A408: 8 | B408: 71 | D408: Climber | E408: 22 | F408: BaudinAlexEF Education - EasyPost | G408: Bahrain - Victorious | H408: ,,0:34
A409: 9 | B409: 43 | D409: Climber | E409: 25 | F409: MartinezLennyBahrain - Victorious | G409: EF Education - EasyPost | H409: 0:410:41
A410: 10 | B410: 37 | D410: TT | E410: 24 | F410: VacekMathiasLidl - Trek | G410: Lidl - Trek | H410: 0:560:56
A411: 11 | B411: 88 | D411: GC | E411: 25 | F411: VauquelinKévinNetcompany INEOS | G411: Netcompany INEOS | H411: 0:580:58
A412: 12 | B412: 144 | D412: GC | E412: 25 | F412: García PiernaRaúlMovistar Team | G412: Movistar Team | H412: 1:021:02
... A441: 41 | B441: 68 | D441: GC | E441: 23 | F441: VinokurovNicolasXDS Astana Team | G441: XDS Astana Team | H441: 4:384:38
A443: Rnk | B443: BIB | C443: H2H | D443: Specialty | E443: Age | F443: Rider | G443: Team | H443: Time | I443: Time won/lost
A444: 1 | B444: 31 | D444: Climber | E444: 23 | F444: AyusoJuanLidl - Trek | G444: Lidl - Trek | H444: 22:0322:03
A445: 2 | B445: 2 | D445: GC | E445: 22 | F445: del ToroIsaacUAE Team Emirates - XRG | G445: UAE Team Emirates - XRG | H445: 0:100:10
A446: 3 | B446: 18 | D446: GC | E446: 23 | F446: PiganzoliDavideTeam Visma | Lease a Bike | G446: Team Visma | Lease a Bike | H446: 0:120:12
A447: 4 | B447: 51 | D447: Classic | E447: 19 | F447: SeixasPaulDecathlon CMA CGM Team | G447: Decathlon CMA CGM Team | H447: 0:230:23
A448: 5 | B448: 181 | D448: Classic | E448: 23 | F448: GrégoireRomainGroupama - FDJ United | G448: Groupama - FDJ United | H448: 0:250:25
A449: 6 | B449: 77 | D449: GC | E449: 25 | F449: TiberiAntonioBahrain - Victorious | G449: Bahrain - Victorious | H449: 0:310:31
...

Sheet Stage02
A1: Rnk | B1: GC | C1: Timelag | D1: BIB | E1: H2H | F1: Specialty | G1: Age | H1: Rider | I1: Team | J1: UCI | K1: Pnt | M1: Time
A2: 1 | B2: 4 | C2: +0:16 | D2: 2 | F2: Climber | G2: 22 | H2: del ToroIsaacUAE Team Emirates - XRG | I2: UAE Team Emirates - XRG | J2: 210 | K2: 100 | L2: 10″ | M2: 3:40:013:40:01
A3: 2 | B3: 2 | C3: +0:06 | D3: 1 | F3: Climber | G3: 27 | H3: PogačarTadejUAE Team Emirates - XRG | I3: UAE Team Emirates - XRG | J3: 150 | K3: 70 | L3: 6″ | M3: ,,0:00
A4: 3 | B4: 3 | C4: +0:15 | D4: 21 | F4: Climber | G4: 26 | H4: EvenepoelRemcoRed Bull - BORA - hansgrohe | I4: Red Bull - BORA - hansgrohe | J4: 110 | K4: 50 | L4: 4″ | M4: ,,0:00
A5: 4 | B5: 1 | C5: +0:00 | D5: 11 | F5: GC | G5: 29 | H5: VingegaardJonasTeam Visma | Lease a Bike | I5: Team Visma | Lease a Bike | J5: 90 | K5: 40 | M5: ,,0:00
A6: 5 | B6: 16 | C6: +1:36 | D6: 35 | F6: Climber | G6: 25 | H6: SkjelmoseMattiasLidl - Trek | I6: Lidl - Trek | J6: 70 | K6: 32 | M6: 0:030:03
A7: 6 | B7: 12 | C7: +1:03 | D7: 121 | F7: Climber | G7: 26 | H7: JohannessenTobias HallandUno-X Mobility | I7: Uno-X Mobility | J7: 55 | K7: 26 | M7: ,,0:03
A8: 7 | B8: 7 | C8: +0:44 | D8: 181 | F8: Classic | G8: 23 | H8: GrégoireRomainGroupama - FDJ United | I8: Groupama - FDJ United | J8: 45 | K8: 22 | M8: ,,0:03
A9: 8 | B9: 9 | C9: +0:53 | D9: 71 | F9: Climber | G9: 22 | H9: SeixasPaulDecathlon CMA CGM Team | I9: Bahrain - Victorious | J9: 40 | K9: 18 | M9: ,,0:03
A10: 9 | B10: 6 | C10: +0:42 | D10: 51 | F10: Climber | G10: 19 | H10: MartinezLennyBahrain - Victorious | I10: Decathlon CMA CGM Team | J10: 35 | K10: 14 | M10: ,,0:03
A11: 10 | B11: 10 | C11: +1:00 | D11: 171 | F11: Classic | G11: 26 | H11: PidcockTomPinarello Q36.5 Pro Cycling Team | I11: Pinarello Q36.5 Pro Cycling Team | J11: 30 | K11: 10 | M11: ,,0:03
A12: 11 | B12: 18 | C12: +1:39 | D12: 156 | F12: Climber | G12: 24 | H12: Van EetveltLennertLotto Intermarché | I12: Lotto Intermarché | J12: 25 | K12: 8 | M12: ,,0:03
A13: 12 | B13: 5 | C13: +0:19 | D13: 31 | F13: Climber | G13: 23 | H13: AyusoJuanLidl - Trek | I13: Lidl - Trek | J13: 20 | K13: 6 | M13: ,,0:03
A14: 13 | B14: 11 | C14: +1:01 | D14: 97 | F14: GC | G14: 26 | H14: Van WilderIlanSoudal Quick-Step | I14: Soudal Quick-Step | J14: 15 | K14: 4 | M14: ,,0:03
A15: 14 | B15: 19 | C15: +1:43 | D15: 41 | F15: Climber | G15: 33 | H15: CarapazRichardEF Education - EasyPost | I15: EF Education - EasyPost | J15: 10 | K15: 2 | M15: 0:070:07
A16: 15 | B16: 13 | C16: +1:07 | D16: 43 | F16: Climber | G16: 25 | H16: BaudinAlexEF Education - EasyPost | I16: EF Education - EasyPost | J16: 5 | K16: 1 | M16: 0:100:10
A17: 16 | B17: 8 | C17: +0:45 | D17: 25 | F17: GC | G17: 25 | H17: LipowitzFlorianRed Bull - BORA - hansgrohe | I17: Red Bull - BORA - hansgrohe | M17: ,,0:10
A18: 17 | B18: 22 | C18: +2:20 | D18: 141 | F18: GC | G18: 23 | H18: UijtdebroeksCianMovistar Team | I18: Movistar Team | M18: 0:270:27
A19: 18 | B19: 35 | C19: +5:06 | D19: 8 | F19: Climber | G19: 33 | H19: YatesAdamUAE Team Emirates - XRG | I19: UAE Team Emirates - XRG | M19: 0:390:39
A20: 19 | B20: 26 | C20: +3:01 | D20: 61 | F20: Climber | G20: 28 | H20: FossTobiasNetcompany INEOS | I20: XDS Astana Team | M20: 0:430:43
A21: 20 | B21: 14 | C21: +1:21 | D21: 83 | F21: TT | G21: 29 | H21: HiguitaSergioXDS Astana Team | I21: Netcompany INEOS | M21: ,,0:43
A22: 21 | B22: 20 | C22: +1:48 | D22: 82 | F22: GC | G22: 26 | H22: ArensmanThymenNetcompany INEOS | I22: Netcompany INEOS | M22: 0:470:47
A23: 22 | B23: 15 | C23: +1:26 | D23: 101 | F23: Classic | G23: 31 | H23: van der PoelMathieuAlpecin - Premier Tech | I23: Alpecin - Premier Tech | M23: ,,0:47
A24: 23 | B24: 31 | C24: +3:53 | D24: 81 | F24: GC | G24: 29 | H24: BernalEganNetcompany INEOS | I24: Netcompany INEOS | M24: ,,0:47
A25: 24 | B25: 34 | C25: +4:43 | D25: 163 | F25: Classic | G25: 30 | H25: AranburuAlexCofidis | I25: Cofidis | M25: 0:490:49
A26: 25 | B26: 29 | C26: +3:37 | D26: 65 | F26: Climber | G26: 29 | H26: TejadaHaroldXDS Astana Team | I26: XDS Astana Team | M26: 0:510:51
A27: 26 | B27: 25 | C27: +2:32 | D27: 228 | F27: GC | G27: 29 | H27: ParraJosé FélixCaja Rural - Seguros RGA | I27: Caja Rural - Seguros RGA | M27: 0:540:54
A28: 27 | B28: 23 | C28: +2:24 | D28: 198 | F28: GC | G28: 27 | H28: VoisardYannisTudor Pro Cycling Team | I28: Tudor Pro Cycling Team | M28: 1:101:10
... A184: 183 | B184: 182 | C184: +22:34 | D184: 151 | F184: Classic | G184: 24 | H184: De LieArnaudLotto Intermarché | I184: Lotto Intermarché | M184: ,,18:25
A185: DNS | D185: 182 | F185: Climber | G185: 28 | H185: BerthetClémentGroupama - FDJ United | I185: Groupama - FDJ United
A187: Rnk | B187: Prev | C187: ▼▲ | D187: BIB | E187: H2H | F187: Specialty | G187: Age | H187: Rider | I187: Team | J187: UCI | L187: Time | M187: Time won/lost
A188: 1 | B188: 1 | C188: - | D188: 11 | F188: GC | G188: 29 | H188: VingegaardJonasTeam Visma | Lease a Bike | I188: Team Visma | Lease a Bike | J188: 25 | L188: 4:01:484:01:48 | M188: ..
A189: 2 | B189: 3 | C189: ▲1 | D189: 1 | F189: Climber | G189: 27 | H189: PogačarTadejUAE Team Emirates - XRG | I189: UAE Team Emirates - XRG | K189: 6″ | L189: 0:060:06 | M189: ..
A190: 3 | B190: 5 | C190: ▲2 | D190: 21 | F190: Climber | G190: 26 | H190: EvenepoelRemcoRed Bull - BORA - hansgrohe | I190: Red Bull - BORA - hansgrohe | K190: 4″ | L190: 0:150:15 | M190: ..
A191: 4 | B191: 6 | C191: ▲2 | D191: 2 | F191: Climber | G191: 22 | H191: del ToroIsaacUAE Team Emirates - XRG | I191: UAE Team Emirates - XRG | K191: 10″ | L191: 0:160:16 | M191: ..
A192: 5 | B192: 4 | C192: ▼1 | D192: 31 | F192: Climber | G192: 23 | H192: AyusoJuanLidl - Trek | I192: Lidl - Trek | L192: 0:190:19 | M192: ..
A193: 6 | B193: 10 | C193: ▲4 | D193: 51 | F193: Climber | G193: 19 | H193: SeixasPaulDecathlon CMA CGM Team | I193: Decathlon CMA CGM Team | L193: 0:420:42 | M193: ..
A194: 7 | B194: 12 | C194: ▲5 | D194: 181 | F194: Classic | G194: 23 | H194: GrégoireRomainGroupama - FDJ United | I194: Groupama - FDJ United | L194: 0:440:44 | M194: ..
A195: 8 | B195: 8 | C195: - | D195: 25 | F195: GC | G195: 25 | H195: MartinezLennyBahrain - Victorious | I195: Red Bull - BORA - hansgrohe | L195: 0:450:45 | M195: ..
A196: 9 | B196: 15 | C196: ▲6 | D196: 71 | F196: Climber | G196: 22 | H196: LipowitzFlorianRed Bull - BORA - hansgrohe | I196: Bahrain - Victorious | L196: 0:530:53 | M196: ..
A197: 10 | B197: 18 | C197: ▲8 | D197: 171 | F197: Classic | G197: 26 | H197: PidcockTomPinarello Q36.5 Pro Cycling Team | I197: Pinarello Q36.5 Pro Cycling Team | L197: 1:001:00 | M197: ..
A198: 11 | B198: 19 | C198: ▲8 | D198: 97 | F198: GC | G198: 26 | H198: Van WilderIlanSoudal Quick-Step | I198: Soudal Quick-Step | L198: 1:011:01 | M198: ..
A199: 12 | B199: 20 | C199: ▲8 | D199: 121 | F199: Climber | G199: 26 | H199: JohannessenTobias HallandUno-X Mobility | I199: Uno-X Mobility | L199: 1:031:03 | M199: ..
A200: 13 | B200: 17 | C200: ▲4 | D200: 43 | F200: Climber | G200: 25 | H200: BaudinAlexEF Education - EasyPost | I200: EF Education - EasyPost | L200: 1:071:07 | M200: ..
A201: 14 | B201: 9 | C201: ▼5 | D201: 83 | F201: TT | G201: 29 | H201: FossTobiasNetcompany INEOS | I201: Netcompany INEOS | L201: 1:211:21 | M201: ..
A202: 15 | B202: 11 | C202: ▼4 | D202: 101 | F202: Classic | G202: 31 | H202: van der PoelMathieuAlpecin - Premier Tech | I202: Alpecin - Premier Tech | L202: 1:261:26 | M202: ..
A203: 16 | B203: 33 | C203: ▲17 | D203: 35 | F203: Climber | G203: 25 | H203: SkjelmoseMattiasLidl - Trek | I203: Lidl - Trek | L203: 1:361:36 | M203: ..
... A370: 183 | B370: 157 | C370: ▼26 | D370: 53 | F370: Sprint | G370: 30 | H370: BolCeesDecathlon CMA CGM Team | I370: Decathlon CMA CGM Team | L370: 22:3922:39 | M370: ..
A372: Rnk | B372: BIB | C372: H2H | D372: Specialty | E372: Age | F372: Rider | G372: Team | H372: Pnt | I372: Today
A373: 1 | B373: 2 | D373: Climber | E373: 22 | F373: del ToroIsaacUAE Team Emirates - XRG | G373: UAE Team Emirates - XRG | H373: 30 | I373: 30
A374: 2 | B374: 224 | D374: Hills | E374: 26 | F374: MolenaarAlexCaja Rural - Seguros RGA | G374: Caja Rural - Seguros RGA | H374: 25 | I374: 25
A375: 3 | B375: 1 | D375: Climber | E375: 27 | F375: PogačarTadejUAE Team Emirates - XRG | G375: UAE Team Emirates - XRG | H375: 25 | I375: 25
A376: 4 | B376: 21 | D376: Climber | E376: 26 | F376: EvenepoelRemcoRed Bull - BORA - hansgrohe | G376: Red Bull - BORA - hansgrohe | H376: 22 | I376: 22
A377: 5 | B377: 114 | D377: Classic | E377: 25 | F377: EngelhardtFelixTeam Jayco AlUla | G377: Team Jayco AlUla | H377: 20 | I377: 20
A378: 6 | B378: 11 | D378: GC | E378: 29 | F378: VingegaardJonasTeam Visma | Lease a Bike | G378: Team Visma | Lease a Bike | H378: 19 | I378: 19
A379: 7 | B379: 35 | D379: Climber | E379: 25 | F379: SkjelmoseMattiasLidl - Trek | G379: Lidl - Trek | H379: 17 | I379: 17
A380: 8 | B380: 218 | D380: GC | E380: 25 | F380: van den BroekFrankTeam Picnic PostNL | G380: Team Picnic PostNL | H380: 16 | I380: 16
A381: 9 | B381: 121 | D381: Climber | E381: 26 | F381: GirmayBiniamNSN Cycling Team | G381: Uno-X Mobility | H381: 15 | I381: 15
A382: 10 | B382: 131 | D382: Classic | E382: 26 | F382: JohannessenTobias HallandUno-X Mobility | G382: NSN Cycling Team | H382: 14 | I382: 14
A383: 11 | B383: 181 | D383: Classic | E383: 23 | F383: GrégoireRomainGroupama - FDJ United | G383: Groupama - FDJ United | H383: 13 | I383: 13
A384: 12 | B384: 33 | D384: Classic | E384: 30 | F384: PedersenMadsLidl - Trek | G384: Lidl - Trek | H384: 12 | I384: 12
... A402: 30 | B402: 7 | D402: GC | E402: 35 | F402: WellensTimUAE Team Emirates - XRG | G402: UAE Team Emirates - XRG | H402: 1 | I402: 1
A404: Rnk | B404: BIB | C404: H2H | D404: Specialty | E404: Age | F404: Rider | G404: Team | H404: Pnt | I404: Today
A405: 1 | B405: 224 | D405: Hills | E405: 26 | F405: MolenaarAlexCaja Rural - Seguros RGA | G405: Caja Rural - Seguros RGA | H405: 25
A406: 2 | B406: 114 | D406: Classic | E406: 25 | F406: EngelhardtFelixTeam Jayco AlUla | G406: Team Jayco AlUla | H406: 20
A407: 3 | B407: 218 | D407: GC | E407: 25 | F407: van den BroekFrankTeam Picnic PostNL | G407: Team Picnic PostNL | H407: 16
A408: 4 | B408: 131 | D408: Classic | E408: 26 | F408: GirmayBiniamNSN Cycling Team | G408: NSN Cycling Team | H408: 14
A409: 5 | B409: 33 | D409: Classic | E409: 30 | F409: PedersenMadsLidl - Trek | G409: Lidl - Trek | H409: 12
A410: 6 | B410: 105 | D410: Sprint | E410: 28 | F410: PhilipsenJasperAlpecin - Premier Tech | G410: Alpecin - Premier Tech | H410: 10
A411: 7 | B411: 207 | D411: Classic | E411: 32 | F411: TurgisAnthonyTotalEnergies | G411: TotalEnergies | H411: 9
A412: 8 | B412: 91 | D412: Sprint | E412: 33 | F412: MerlierTimSoudal Quick-Step | G412: Soudal Quick-Step | H412: 8
A413: 9 | B413: 64 | D413: Sprint | E413: 28 | F413: KanterMaxXDS Astana Team | G413: XDS Astana Team | H413: 7
A414: 10 | B414: 115 | D414: Classic | E414: 35 | F414: MatthewsMichaelTeam Jayco AlUla | G414: Team Jayco AlUla | H414: 6
A415: 11 | B415: 128 | D415: Classic | E415: 26 | F415: WærenskjoldSørenUno-X Mobility | G415: Uno-X Mobility | H415: 5
A416: 12 | B416: 62 | D416: Classic | E416: 31 | F416: BalleriniDavideXDS Astana Team | G416: XDS Astana Team | H416: 4
... A419: 15 | B419: 7 | D419: GC | E419: 35 | F419: WellensTimUAE Team Emirates - XRG | G419: UAE Team Emirates - XRG | H419: 1
A421: Rnk | B421: BIB | C421: H2H | D421: Specialty | E421: Age | F421: Rider | G421: Team | H421: Pnt | I421: Bonis | J421: Today
A422: 1 | B422: 2 | D422: Climber | E422: 22 | F422: del ToroIsaacUAE Team Emirates - XRG | G422: UAE Team Emirates - XRG | H422: 30 | I422: 10″ | J422: 10
A423: 2 | B423: 1 | D423: Climber | E423: 27 | F423: PogačarTadejUAE Team Emirates - XRG | G423: UAE Team Emirates - XRG | H423: 25 | I423: 6″ | J423: 6
A424: 3 | B424: 21 | D424: Climber | E424: 26 | F424: EvenepoelRemcoRed Bull - BORA - hansgrohe | G424: Red Bull - BORA - hansgrohe | H424: 22 | I424: 4″ | J424: 4
A425: 4 | B425: 11 | D425: GC | E425: 29 | F425: VingegaardJonasTeam Visma | Lease a Bike | G425: Team Visma | Lease a Bike | H425: 19
A426: 5 | B426: 35 | D426: Climber | E426: 25 | F426: SkjelmoseMattiasLidl - Trek | G426: Lidl - Trek | H426: 17
A427: 6 | B427: 121 | D427: Climber | E427: 26 | F427: JohannessenTobias HallandUno-X Mobility | G427: Uno-X Mobility | H427: 15
A428: 7 | B428: 181 | D428: Classic | E428: 23 | F428: GrégoireRomainGroupama - FDJ United | G428: Groupama - FDJ United | H428: 13
A429: 8 | B429: 71 | D429: Climber | E429: 22 | F429: MartinezLennyBahrain - Victorious | G429: Bahrain - Victorious | H429: 11
A430: 9 | B430: 51 | D430: Climber | E430: 19 | F430: SeixasPaulDecathlon CMA CGM Team | G430: Decathlon CMA CGM Team | H430: 9
A431: 10 | B431: 171 | D431: Classic | E431: 26 | F431: PidcockTomPinarello Q36.5 Pro Cycling Team | G431: Pinarello Q36.5 Pro Cycling Team | H431: 7
A432: 11 | B432: 156 | D432: Climber | E432: 24 | F432: Van EetveltLennertLotto Intermarché | G432: Lotto Intermarché | H432: 6
A433: 12 | B433: 31 | D433: Climber | E433: 23 | F433: AyusoJuanLidl - Trek | G433: Lidl - Trek | H433: 5
A434: 13 | B434: 97 | D434: GC | E434: 26 | F434: Van WilderIlanSoudal Quick-Step | G434: Soudal Quick-Step | H434: 4
A435: 14 | B435: 41 | D435: Climber | E435: 33 | F435: CarapazRichardEF Education - EasyPost | G435: EF Education - EasyPost | H435: 3
A436: 15 | B436: 43 | D436: Climber | E436: 25 | F436: BaudinAlexEF Education - EasyPost | G436: EF Education - EasyPost | H436: 2
A438: Rnk | B438: BIB | C438: H2H | D438: Specialty | E438: Age | F438: Rider | G438: Team | H438: Pnt | I438: Today
A439: 1 | B439: 224 | D439: Hills | E439: 26 | F439: MolenaarAlexCaja Rural - Seguros RGA | G439: Caja Rural - Seguros RGA | H439: 5 | I439: 5
A440: 2 | B440: 4 | D440: GC | E440: 28 | F440: McNultyBrandonUAE Team Emirates - XRG | G440: UAE Team Emirates - XRG | H440: 4 | I440: 4
A441: 3 | B441: 114 | D441: Classic | E441: 25 | F441: EngelhardtFelixTeam Jayco AlUla | G441: Team Jayco AlUla | H441: 3 | I441: 3
A442: 4 | B442: 121 | D442: Climber | E442: 26 | F442: JohannessenTobias HallandUno-X Mobility | G442: Uno-X Mobility | H442: 2 | I442: 2
A443: 5 | B443: 218 | D443: GC | E443: 25 | F443: van den BroekFrankTeam Picnic PostNL | G443: Team Picnic PostNL | H443: 2 | I443: 2
A444: 6 | B444: 1 | D444: Climber | E444: 27 | F444: PogačarTadejUAE Team Emirates - XRG | G444: UAE Team Emirates - XRG | H444: 1 | I444: 1
A445: 7 | B445: 41 | D445: Climber | E445: 33 | F445: CarapazRichardEF Education - EasyPost | G445: EF Education - EasyPost | H445: 1 | I445: 1
...

Sheet Stage03
A1: Rnk | B1: GC | C1: Timelag | D1: BIB | E1: H2H | F1: Specialty | G1: Age | H1: Rider | I1: Team | J1: UCI | K1: Pnt | M1: Time
A2: 1 | B2: 1 | C2: +0:00 | D2: 1 | F2: Climber | G2: 27 | H2: PogačarTadejUAE Team Emirates - XRG | I2: UAE Team Emirates - XRG | J2: 210 | K2: 100 | L2: 10″ | M2: 4:45:114:45:11
A3: 2 | B3: 2 | C3: +0:00 | D3: 11 | F3: GC | G3: 29 | H3: VingegaardJonasTeam Visma | Lease a Bike | I3: Team Visma | Lease a Bike | J3: 150 | K3: 70 | L3: 6″ | M3: 0:020:02
A4: 3 | B4: 12 | C4: +1:45 | D4: 41 | F4: Climber | G4: 33 | H4: CarapazRichardEF Education - EasyPost | I4: EF Education - EasyPost | J4: 110 | K4: 50 | L4: 4″ | M4: ,,0:02
A5: 4 | B5: 6 | C5: +0:48 | D5: 51 | F5: Climber | G5: 19 | H5: SeixasPaulDecathlon CMA CGM Team | I5: Decathlon CMA CGM Team | J5: 90 | K5: 40 | M5: ,,0:02
A6: 5 | B6: 9 | C6: +1:11 | D6: 121 | F6: Climber | G6: 26 | H6: JohannessenTobias HallandUno-X Mobility | I6: Uno-X Mobility | J6: 70 | K6: 32 | M6: 0:040:04
A7: 6 | B7: 13 | C7: +1:47 | D7: 156 | F7: Climber | G7: 24 | H7: Van EetveltLennertLotto Intermarché | I7: Lotto Intermarché | J7: 55 | K7: 26 | M7: ,,0:04
A8: 7 | B8: 7 | C8: +0:53 | D8: 25 | F8: GC | G8: 25 | H8: LipowitzFlorianRed Bull - BORA - hansgrohe | I8: Red Bull - BORA - hansgrohe | J8: 45 | K8: 22 | M8: ,,0:04
A9: 8 | B9: 3 | C9: +0:23 | D9: 21 | F9: GC | G9: 26 | H9: del ToroIsaacUAE Team Emirates - XRG | I9: Red Bull - BORA - hansgrohe | J9: 40 | K9: 18 | M9: ,,0:04
A10: 9 | B10: 4 | C10: +0:24 | D10: 2 | F10: GC | G10: 22 | H10: EvenepoelRemcoRed Bull - BORA - hansgrohe | I10: UAE Team Emirates - XRG | J10: 35 | K10: 14 | M10: ,,0:04
A11: 10 | B11: 5 | C11: +0:27 | D11: 31 | F11: GC | G11: 23 | H11: AyusoJuanLidl - Trek | I11: Lidl - Trek | J11: 30 | K11: 10 | M11: ,,0:04
A12: 11 | B12: 14 | C12: +1:50 | D12: 35 | F12: GC | G12: 25 | H12: SkjelmoseMattiasLidl - Trek | I12: Lidl - Trek | J12: 25 | K12: 8 | M12: 0:100:10
A13: 12 | B13: 10 | C13: +1:17 | D13: 97 | F13: GC | G13: 26 | H13: Van WilderIlanSoudal Quick-Step | I13: Soudal Quick-Step | J13: 20 | K13: 6 | M13: 0:120:12
A14: 13 | B14: 8 | C14: +1:09 | D14: 71 | F14: Climber | G14: 22 | H14: MartinezLennyBahrain - Victorious | I14: Bahrain - Victorious | J14: 15 | K14: 4 | M14: ,,0:12
A15: 14 | B15: 17 | C15: +2:28 | D15: 201 | F15: Climber | G15: 27 | H15: JegatJordanTotalEnergies | I15: TotalEnergies | J15: 10 | K15: 2 | M15: ,,0:12
A16: 15 | B16: 18 | C16: +3:23 | D16: 61 | F16: GC | G16: 28 | H16: PidcockTomPinarello Q36.5 Pro Cycling Team | I16: XDS Astana Team | J16: 5 | K16: 1 | M16: 0:180:18
A17: 16 | B17: 11 | C17: +1:22 | D17: 171 | F17: Classic | G17: 26 | H17: HiguitaSergioXDS Astana Team | I17: Pinarello Q36.5 Pro Cycling Team | M17: ,,0:18
A18: 17 | B18: 21 | C18: +4:15 | D18: 81 | F18: GC | G18: 29 | H18: BernalEganNetcompany INEOS | I18: Netcompany INEOS | M18: ,,0:18
A19: 18 | B19: 27 | C19: +5:45 | D19: 52 | F19: Classic | G19: 32 | H19: BenootTiesjDecathlon CMA CGM Team | I19: Decathlon CMA CGM Team | M19: 0:270:27
A20: 19 | B20: 16 | C20: +2:19 | D20: 82 | F20: GC | G20: 26 | H20: ArensmanThymenNetcompany INEOS | I20: Netcompany INEOS | M20: ,,0:27
A21: 20 | B21: 15 | C21: +2:15 | D21: 18 | F21: GC | G21: 23 | H21: PiganzoliDavideTeam Visma | Lease a Bike | I21: Team Visma | Lease a Bike | M21: 0:330:33
A22: 21 | B22: 30 | C22: +7:17 | D22: 77 | F22: GC | G22: 25 | H22: TiberiAntonioBahrain - Victorious | I22: Bahrain - Victorious | M22: 0:420:42
A23: 22 | B23: 37 | C23: +13:12 | D23: 102 | F23: Climber | G23: 23 | H23: DebruyneRamsesAlpecin - Premier Tech | I23: Alpecin - Premier Tech | M23: 0:480:48
A24: 23 | B24: 28 | C24: +6:00 | D24: 8 | F24: Climber | G24: 33 | H24: YatesAdamUAE Team Emirates - XRG | I24: UAE Team Emirates - XRG | M24: 0:500:50
A25: 24 | B25: 32 | C25: +9:44 | D25: 17 | F25: Climber | G25: 31 | H25: KussSeppTeam Visma | Lease a Bike | I25: Team Visma | Lease a Bike | M25: ,,0:50
A26: 25 | B26: 23 | C26: +4:38 | D26: 65 | F26: GC | G26: 29 | H26: TejadaHaroldXDS Astana Team | I26: XDS Astana Team | M26: 0:570:57
A27: 26 | B27: 43 | C27: +16:28 | D27: 142 | F27: Climber | G27: 25 | H27: CastrilloPabloMovistar Team | I27: Movistar Team | M27: 1:001:00
A28: 27 | B28: 19 | C28: +3:24 | D28: 141 | F28: GC | G28: 23 | H28: UijtdebroeksCianMovistar Team | I28: Movistar Team | M28: ,,1:00
... A183: 182 | B183: 178 | C183: +59:01 | D183: 192 | F183: Sprint | G183: 32 | H183: de KleijnArvidTudor Pro Cycling Team | I183: Tudor Pro Cycling Team | M183: 41:1641:16
A184: DNF | D184: 151 | F184: Classic | G184: 24 | H184: De LieArnaudLotto Intermarché | I184: Lotto Intermarché
A186: Rnk | B186: Prev | C186: ▼▲ | D186: BIB | E186: H2H | F186: Specialty | G186: Age | H186: Rider | I186: Team | J186: UCI | K186: Pnt | M186: Time | N186: Time won/lost
A187: 1 | B187: 2 | C187: ▲1 | D187: 1 | F187: Climber | G187: 27 | H187: PogačarTadejUAE Team Emirates - XRG | I187: UAE Team Emirates - XRG | J187: 25 | K187: 500 | L187: 16″ | M187: 8:46:558:46:55 | N187: ..
A188: 2 | B188: 1 | C188: ▼1 | D188: 11 | F188: GC | G188: 29 | H188: VingegaardJonasTeam Visma | Lease a Bike | I188: Team Visma | Lease a Bike | K188: 380 | L188: 6″ | M188: ,,0:00 | N188: ..
A189: 3 | B189: 3 | C189: - | D189: 21 | F189: GC | G189: 26 | H189: EvenepoelRemcoRed Bull - BORA - hansgrohe | I189: Red Bull - BORA - hansgrohe | K189: 340 | L189: 4″ | M189: 0:230:23 | N189: ..
A190: 4 | B190: 4 | C190: - | D190: 2 | F190: GC | G190: 22 | H190: del ToroIsaacUAE Team Emirates - XRG | I190: UAE Team Emirates - XRG | K190: 300 | L190: 10″ | M190: 0:240:24 | N190: ..
A191: 5 | B191: 5 | C191: - | D191: 31 | F191: GC | G191: 23 | H191: AyusoJuanLidl - Trek | I191: Lidl - Trek | K191: 280 | M191: 0:270:27 | N191: ..
A192: 6 | B192: 6 | C192: - | D192: 51 | F192: Climber | G192: 19 | H192: SeixasPaulDecathlon CMA CGM Team | I192: Decathlon CMA CGM Team | K192: 260 | M192: 0:480:48 | N192: ..
A193: 7 | B193: 8 | C193: ▲1 | D193: 25 | F193: GC | G193: 25 | H193: LipowitzFlorianRed Bull - BORA - hansgrohe | I193: Red Bull - BORA - hansgrohe | K193: 240 | M193: 0:530:53 | N193: ..
A194: 8 | B194: 9 | C194: ▲1 | D194: 71 | F194: Climber | G194: 22 | H194: JohannessenTobias HallandUno-X Mobility | I194: Bahrain - Victorious | K194: 220 | M194: 1:091:09 | N194: ..
A195: 9 | B195: 12 | C195: ▲3 | D195: 121 | F195: Climber | G195: 26 | H195: MartinezLennyBahrain - Victorious | I195: Uno-X Mobility | K195: 210 | M195: 1:111:11 | N195: ..
A196: 10 | B196: 11 | C196: ▲1 | D196: 97 | F196: GC | G196: 26 | H196: Van WilderIlanSoudal Quick-Step | I196: Soudal Quick-Step | K196: 200 | M196: 1:171:17 | N196: ..
A197: 11 | B197: 10 | C197: ▼1 | D197: 171 | F197: Classic | G197: 26 | H197: PidcockTomPinarello Q36.5 Pro Cycling Team | I197: Pinarello Q36.5 Pro Cycling Team | K197: 190 | M197: 1:221:22 | N197: ..
A198: 12 | B198: 19 | C198: ▲7 | D198: 41 | F198: Climber | G198: 33 | H198: CarapazRichardEF Education - EasyPost | I198: EF Education - EasyPost | K198: 180 | L198: 4″ | M198: 1:451:45 | N198: ..
A199: 13 | B199: 18 | C199: ▲5 | D199: 156 | F199: Climber | G199: 24 | H199: Van EetveltLennertLotto Intermarché | I199: Lotto Intermarché | K199: 170 | M199: 1:471:47 | N199: ..
A200: 14 | B200: 16 | C200: ▲2 | D200: 35 | F200: GC | G200: 25 | H200: SkjelmoseMattiasLidl - Trek | I200: Lidl - Trek | K200: 160 | M200: 1:501:50 | N200: ..
A201: 15 | B201: 17 | C201: ▲2 | D201: 18 | F201: GC | G201: 23 | H201: PiganzoliDavideTeam Visma | Lease a Bike | I201: Team Visma | Lease a Bike | K201: 150 | M201: 2:152:15 | N201: ..
A202: 16 | B202: 20 | C202: ▲4 | D202: 82 | F202: GC | G202: 26 | H202: ArensmanThymenNetcompany INEOS | I202: Netcompany INEOS | K202: 140 | M202: 2:192:19 | N202: ..
A203: 17 | B203: 21 | C203: ▲4 | D203: 201 | F203: Climber | G203: 27 | H203: JegatJordanTotalEnergies | I203: TotalEnergies | K203: 130 | M203: 2:282:28 | N203: ..
A204: 18 | B204: 26 | C204: ▲8 | D204: 61 | F204: GC | G204: 28 | H204: HiguitaSergioXDS Astana Team | I204: XDS Astana Team | K204: 120 | M204: 3:233:23 | N204: ..
A205: 19 | B205: 22 | C205: ▲3 | D205: 141 | F205: GC | G205: 23 | H205: VoisardYannisTudor Pro Cycling Team | I205: Movistar Team | K205: 110 | M205: 3:243:24 | N205: ..
A206: 20 | B206: 23 | C206: ▲3 | D206: 198 | F206: GC | G206: 27 | H206: UijtdebroeksCianMovistar Team | I206: Tudor Pro Cycling Team | K206: 100 | M206: 3:503:50 | N206: ..
A207: 21 | B207: 31 | C207: ▲10 | D207: 81 | F207: GC | G207: 29 | H207: BernalEganNetcompany INEOS | I207: Netcompany INEOS | K207: 95 | M207: 4:154:15 | N207: ..
A208: 22 | B208: 25 | C208: ▲3 | D208: 228 | F208: GC | G208: 29 | H208: ParraJosé FélixCaja Rural - Seguros RGA | I208: Caja Rural - Seguros RGA | K208: 90 | M208: 4:214:21 | N208: ..
A209: 23 | B209: 29 | C209: ▲6 | D209: 65 | F209: GC | G209: 29 | H209: TejadaHaroldXDS Astana Team | I209: XDS Astana Team | K209: 85 | M209: 4:384:38 | N209: ..
A210: 24 | B210: 28 | C210: ▲4 | D210: 127 | F210: GC | G210: 30 | H210: TræenTorsteinUno-X Mobility | I210: Uno-X Mobility | K210: 80 | M210: 5:065:06 | N210: ..
... A368: 182 | B368: 180 | C368: ▼2 | D368: 116 | F368: Classic | G368: 28 | H368: O'BrienKellandTeam Jayco AlUla | I368: Team Jayco AlUla | K368: 25 | M368: 1:00:571:00:57 | N368: ..
A370: Rnk | B370: Prev | C370: ▼▲ | D370: BIB | E370: H2H | F370: Specialty | G370: Age | H370: Rider | I370: Team | J370: Pnt | K370: Today
A371: 1 | B371: 3 | C371: ▲2 | D371: 1 | F371: Climber | G371: 27 | H371: PogačarTadejUAE Team Emirates - XRG | I371: UAE Team Emirates - XRG | J371: 55 | K371: 30
A372: 2 | B372: 6 | C372: ▲4 | D372: 11 | F372: GC | G372: 29 | H372: VingegaardJonasTeam Visma | Lease a Bike | I372: Team Visma | Lease a Bike | J372: 44 | K372: 25
A373: 3 | B373: 1 | C373: ▼2 | D373: 2 | F373: GC | G373: 22 | H373: del ToroIsaacUAE Team Emirates - XRG | I373: UAE Team Emirates - XRG | J373: 39 | K373: 9
A374: 4 | B374: 12 | C374: ▲8 | D374: 33 | F374: Classic | G374: 30 | H374: PedersenMadsLidl - Trek | I374: Lidl - Trek | J374: 37 | K374: 25
A375: 5 | B375: 4 | C375: ▼1 | D375: 21 | F375: GC | G375: 26 | H375: EvenepoelRemcoRed Bull - BORA - hansgrohe | I375: Red Bull - BORA - hansgrohe | J375: 33 | K375: 11
A376: 6 | B376: 9 | C376: ▲3 | D376: 121 | F376: Climber | G376: 26 | H376: JohannessenTobias HallandUno-X Mobility | I376: Uno-X Mobility | J376: 32 | K376: 17
A377: 7 | B377: 15 | C377: ▲8 | D377: 51 | F377: Climber | G377: 19 | H377: SeixasPaulDecathlon CMA CGM Team | I377: Decathlon CMA CGM Team | J377: 28 | K377: 19
A378: 8 | B378: 2 | C378: ▼6 | D378: 224 | F378: Hills | G378: 26 | H378: MolenaarAlexCaja Rural - Seguros RGA | I378: Caja Rural - Seguros RGA | J378: 25
A379: 9 | B379: 26 | C379: ▲17 | D379: 41 | F379: Climber | G379: 33 | H379: SkjelmoseMattiasLidl - Trek | I379: EF Education - EasyPost | J379: 25 | K379: 22
A380: 10 | B380: 7 | C380: ▼3 | D380: 35 | F380: GC | G380: 25 | H380: CarapazRichardEF Education - EasyPost | I380: Lidl - Trek | J380: 23 | K380: 6
A381: 11 | B381: 20 | C381: ▲9 | D381: 156 | F381: Climber | G381: 24 | H381: Van EetveltLennertLotto Intermarché | I381: Lotto Intermarché | J381: 21 | K381: 15
A382: 12 | D382: 203 | F382: GC | G382: 25 | H382: DelboveJorisTotalEnergies | I382: TotalEnergies | J382: 20 | K382: 20
A383: 13 | B383: 5 | C383: ▼8 | D383: 114 | F383: Classic | G383: 25 | H383: EngelhardtFelixTeam Jayco AlUla | I383: Team Jayco AlUla | J383: 20
A384: 14 | B384: 28 | C384: ▲14 | D384: 43 | F384: GC | G384: 25 | H384: BaudinAlexEF Education - EasyPost | I384: EF Education - EasyPost | J384: 18 | K384: 16
A385: 15 | B385: 8 | C385: ▼7 | D385: 218 | F385: GC | G385: 25 | H385: van den BroekFrankTeam Picnic PostNL | I385: Team Picnic PostNL | J385: 16
A386: 16 | B386: 13 | C386: ▼3 | D386: 71 | F386: Climber | G386: 22 | H386: MartinezLennyBahrain - Victorious | I386: Bahrain - Victorious | J386: 15 | K386: 4
A387: 17 | B387: 10 | C387: ▼7 | D387: 131 | F387: Classic | G387: 26 | H387: GirmayBiniamNSN Cycling Team | I387: NSN Cycling Team | J387: 14
A388: 18 | D388: 196 | F388: Climber | G388: 29 | H388: StorerMichaelTudor Pro Cycling Team | I388: Tudor Pro Cycling Team | J388: 14 | K388: 14
A389: 19 | D389: 25 | F389: GC | G389: 25 | H389: LipowitzFlorianRed Bull - BORA - hansgrohe | I389: Red Bull - BORA - hansgrohe | J389: 13 | K389: 13
A390: 20 | B390: 11 | C390: ▼9 | D390: 181 | F390: Classic | G390: 23 | H390: GrégoireRomainGroupama - FDJ United | I390: Groupama - FDJ United | J390: 13
A391: 21 | B391: 22 | C391: ▲1 | D391: 31 | F391: GC | G391: 23 | H391: AyusoJuanLidl - Trek | I391: Lidl - Trek | J391: 12 | K391: 7
A392: 22 | D392: 208 | F392: Hills | G392: 25 | H392: VercherMattéoTotalEnergies | I392: TotalEnergies | J392: 12 | K392: 12
A393: 23 | D393: 65 | F393: GC | G393: 29 | H393: TejadaHaroldXDS Astana Team | I393: XDS Astana Team | J393: 10 | K393: 10
A394: 24 | B394: 14 | C394: ▼10 | D394: 105 | F394: Sprint | G394: 28 | H394: PhilipsenJasperAlpecin - Premier Tech | I394: Alpecin - Premier Tech | J394: 10
A395: 25 | B395: 24 | C395: ▼1 | D395: 97 | F395: GC | G395: 26 | H395: Van WilderIlanSoudal Quick-Step | I395: Soudal Quick-Step | J395: 9 | K395: 5
A396: 26 | D396: 117 | F396: GC | G396: 25 | H396: PlappLukeTeam Jayco AlUla | I396: Team Jayco AlUla | J396: 9 | K396: 9
A397: 27 | B397: 16 | C397: ▼11 | D397: 207 | F397: Classic | G397: 32 | H397: TurgisAnthonyTotalEnergies | I397: TotalEnergies | J397: 9
A398: 28 | D398: 124 | F398: Hills | G398: 33 | H398: CortMagnusUno-X Mobility | I398: Uno-X Mobility | J398: 8 | K398: 8
A399: 29 | B399: 17 | C399: ▼12 | D399: 91 | F399: Sprint | G399: 33 | H399: MerlierTimSoudal Quick-Step | I399: Soudal Quick-Step | J399: 8
A400: 30 | B400: 18 | C400: ▼12 | D400: 171 | F400: Classic | G400: 26 | H400: PidcockTomPinarello Q36.5 Pro Cycling Team | I400: Pinarello Q36.5 Pro Cycling Team | J400: 7
A401: 31 | B401: 19 | C401: ▼12 | D401: 64 | F401: Sprint | G401: 28 | H401: KanterMaxXDS Astana Team | I401: XDS Astana Team | J401: 7
A402: 32 | D402: 146 | F402: TT | G402: 37 | H402: OliveiraNelsonMovistar Team | I402: Movistar Team | J402: 7 | K402: 7
A403: 33 | B403: 21 | C403: ▼12 | D403: 115 | F403: Classic | G403: 35 | H403: MatthewsMichaelTeam Jayco AlUla | I403: Team Jayco AlUla | J403: 6
A404: 34 | D404: 222 | F404: GC | G404: 25 | H404: BalderstoneAbelCaja Rural - Seguros RGA | I404: Caja Rural - Seguros RGA | J404: 6 | K404: 6
A405: 35 | B405: 23 | C405: ▼12 | D405: 128 | F405: Classic | G405: 26 | H405: WærenskjoldSørenUno-X Mobility | I405: Uno-X Mobility | J405: 5
A406: 36 | D406: 118 | F406: Hills | G406: 26 | H406: SchmidMauroTeam Jayco AlUla | I406: Team Jayco AlUla | J406: 5 | K406: 5
A407: 37 | B407: 25 | C407: ▼12 | D407: 62 | F407: Classic | G407: 31 | H407: BalleriniDavideXDS Astana Team | I407: XDS Astana Team | J407: 4
A408: 38 | D408: 78 | F408: Sprint | G408: 22 | H408: Van MechelenVladBahrain - Victorious | I408: Bahrain - Victorious | J408: 4 | K408: 4
A409: 39 | D409: 201 | F409: Climber | G409: 27 | H409: JegatJordanTotalEnergies | I409: TotalEnergies | J409: 3 | K409: 3
A410: 40 | D410: 183 | F410: Climber | G410: 26 | H410: Braz AfonsoClémentGroupama - FDJ United | I410: Groupama - FDJ United | J410: 3 | K410: 3
A411: 41 | B411: 27 | C411: ▼14 | D411: 6 | F411: Classic | G411: 27 | H411: VermeerschFlorianUAE Team Emirates - XRG | I411: UAE Team Emirates - XRG | J411: 3
A412: 42 | D412: 61 | F412: GC | G412: 28 | H412: HiguitaSergioXDS Astana Team | I412: XDS Astana Team | J412: 2 | K412: 2
A413: 43 | B413: 29 | C413: ▼14 | D413: 94 | F413: Classic | G413: 34 | H413: StuyvenJasperSoudal Quick-Step | I413: Soudal Quick-Step | J413: 2
...

Sheet Stage04
A1: Rnk | B1: GC | C1: Timelag | D1: BIB | E1: H2H | F1: Specialty | G1: Age | H1: Rider | I1: Team | J1: UCI | K1: Pnt | M1: Time
A2: 1 | B2: 78 | C2: +37:34 | D2: 33 | F2: Classic | G2: 30 | H2: PedersenMads Lidl – Trek | I2: Lidl - Trek | J2: 210 | K2: 100 | L2: 10″ | M2: 4:10:454:10:45
A3: 2 | B3: 36 | C3: +16:00 | D3: 34 | F3: Hills | G3: 25 | H3: SimmonsQuinn Lidl - Trek | I3: Lidl - Trek | J3: 150 | K3: 70 | L3: 6″ | M3: ,,0:00
A4: 3 | B4: 25 | C4: +11:34 | D4: 144 | F4: Hills | G4: 25 | H4: García PiernaRaúl Movistar Team | I4: Movistar Team | J4: 110 | K4: 50 | L4: 4″ | M4: ,,0:00
A5: 4 | B5: 63 | C5: +32:54 | D5: 134 | F5: Climber | G5: 26 | H5: FrigoMarco NSN Cycling Team | I5: NSN Cycling Team | J5: 90 | K5: 40 | M5: ,,0:00
A6: 5 | B6: 6 | C6: +8:06 | D6: 102 | F6: Climber | G6: 23 | H6: DebruyneRamses Alpecin - Premier Tech | I6: Alpecin - Premier Tech | J6: 70 | K6: 32 | M6: ,,0:00
A7: 6 | B7: 37 | C7: +16:39 | D7: 88 | F7: GC | G7: 25 | H7: VauquelinKévin Netcompany INEOS | I7: Netcompany INEOS | J7: 55 | K7: 26 | M7: ,,0:00
A8: 7 | B8: 2 | C8: +0:28 | D8: 45 | F8: Climber | G8: 26 | H8: QuinnSean EF Education - EasyPost | I8: EF Education - EasyPost | J8: 45 | K8: 22 | M8: ,,0:00
A9: 8 | B9: 1 | C9: +0:00 | D9: 127 | F9: GC | G9: 30 | H9: TræenTorstein Uno-X Mobility | I9: Uno-X Mobility | J9: 40 | K9: 18 | M9: ,,0:00
A10: 9 | B10: 24 | C10: +11:22 | D10: 142 | F10: Climber | G10: 25 | H10: VacekMathias Lidl - Trek | I10: Movistar Team | J10: 35 | K10: 14 | M10: ,,0:00
A11: 10 | B11: 3 | C11: +3:50 | D11: 37 | F11: TT | G11: 24 | H11: CastrilloPablo Movistar Team | I11: Lidl - Trek | J11: 30 | K11: 10 | M11: ,,0:00
A12: 11 | B12: 58 | C12: +30:10 | D12: 115 | F12: Classic | G12: 35 | H12: MatthewsMichael Team Jayco AlUla | I12: Team Jayco AlUla | J12: 25 | K12: 8 | M12: 2:272:27
A13: 12 | B13: 62 | C13: +32:53 | D13: 204 | F13: Classic | G13: 28 | H13: DelettreAlexandre TotalEnergies | I13: TotalEnergies | J13: 20 | K13: 6 | M13: ,,2:27
A14: 13 | B14: 55 | C14: +28:52 | D14: 78 | F14: Sprint | G14: 22 | H14: Van MechelenVlad Bahrain - Victorious | I14: Bahrain - Victorious | J14: 15 -25 | K14: 4 | M14: ,,2:27
A15: 14 | B15: 66 | C15: +34:35 | D15: 94 | F15: Classic | G15: 34 | H15: StuyvenJasper Soudal Quick-Step | I15: Soudal Quick-Step | J15: 10 | K15: 2 | M15: ,,2:27
A16: 15 | B16: 124 | C16: +49:00 | D16: 224 | F16: Hills | G16: 26 | H16: MolenaarAlex Caja Rural - Seguros RGA | I16: Caja Rural - Seguros RGA | J16: 5 | K16: 1 | M16: ,,2:27
A17: 16 | B17: 79 | C17: +37:40 | D17: 218 | F17: GC | G17: 25 | H17: van den BroekFrank Team Picnic PostNL | I17: Team Picnic PostNL | M17: ,,2:27
A18: 17 | B18: 59 | C18: +31:17 | D18: 158 | F18: Classic | G18: 28 | H18: ZimmermannGeorg Lotto Intermarché | I18: Lotto Intermarché | M18: ,,2:27
A19: 18 | B19: 44 | C19: +19:40 | D19: 174 | F19: Hills | G19: 30 | H19: HermansQuinten Pinarello Q36.5 Pro Cycling Team | I19: Pinarello Q36.5 Pro Cycling Team | M19: ,,2:27
A20: 19 | B20: 76 | C20: +37:22 | D20: 225 | F20: Hills | G20: 28 | H20: NicolauJoel Caja Rural - Seguros RGA | I20: Caja Rural - Seguros RGA | M20: ,,2:27
A21: 20 | B21: 31 | C21: +13:28 | D21: 161 | F21: GC | G21: 37 | H21: IzagirreIon Cofidis | I21: Cofidis | M21: ,,2:27
A22: 21 | B22: 83 | C22: +39:10 | D22: 23 | F22: Hills | G22: 32 | H22: DenzNico Red Bull - BORA - hansgrohe | I22: Red Bull - BORA - hansgrohe | M22: ,,2:27
A23: 22 | B23: 41 | C23: +18:27 | D23: 181 | F23: Classic | G23: 23 | H23: GrégoireRomain Groupama - FDJ United | I23: Groupama - FDJ United | M23: ,,2:27
A24: 23 | B24: 74 | C24: +37:04 | D24: 92 | F24: Classic | G24: 29 | H24: EenkhoornPascal Soudal Quick-Step | I24: Soudal Quick-Step | M24: 7:547:54
A25: 24 | B25: 130 | C25: +50:40 | D25: 166 | F25: TT | G25: 34 | H25: KirschAlex Cofidis | I25: Cofidis | M25: ,,7:54
A26: 25 | B26: 102 | C26: +44:48 | D26: 177 | F26: Classic | G26: 28 | H26: Van MoerBrent Pinarello Q36.5 Pro Cycling Team | I26: Pinarello Q36.5 Pro Cycling Team | M26: 7:587:58
A27: 26 | B27: 103 | C27: +45:11 | D27: 26 | F27: TT | G27: 36 | H27: TratnikJan Red Bull - BORA - hansgrohe | I27: Red Bull - BORA - hansgrohe | M27: ,,7:58
A28: 27 | B28: 95 | C28: +43:49 | D28: 47 | F28: Classic | G28: 34 | H28: ValgrenMichael EF Education - EasyPost | I28: EF Education - EasyPost | M28: ,,7:58
... A182: 181 | B182: 180 | C182: +1:19:08 | D182: 192 | F182: Sprint | G182: 32 | H182: de KleijnArvidTudor Pro Cycling Team | I182: Tudor Pro Cycling Team | M182: ,,25:13
A183: OTL | D183: 116 | F183: Classic | G183: 28 | H183: O'BrienKellandTeam Jayco AlUla | I183: Team Jayco AlUla | M183: 46:0246:02
A185: Rnk | B185: Prev | C185: ▼▲ | D185: BIB | E185: H2H | F185: Specialty | G185: Age | H185: Rider | I185: Team | J185: UCI | L185: Time | M185: Time won/lost
A186: 1 | B186: 24 | C186: ▲23 | D186: 127 | F186: GC | G186: 30 | H186: TræenTorsteinUno-X Mobility | I186: Uno-X Mobility | J186: 25 | L186: 13:02:46 13:02:46 | M186: ..
A187: 2 | B187: 26 | C187: ▲24 | D187: 45 | F187: Climber | G187: 26 | H187: QuinnSeanEF Education - EasyPost | I187: EF Education - EasyPost | L187: 0:280:28 | M187: ..
A188: 3 | B188: 31 | C188: ▲28 | D188: 37 | F188: TT | G188: 24 | H188: VacekMathiasLidl - Trek | I188: Lidl - Trek | L188: 3:503:50 | M188: ..
A189: 4 | B189: 1 | C189: ▼3 | D189: 1 | F189: Climber | G189: 27 | H189: PogačarTadejUAE Team Emirates - XRG | I189: UAE Team Emirates - XRG | K189: 16″ | L189: 7:537:53 | M189: ..
A190: 5 | B190: 2 | C190: ▼3 | D190: 11 | F190: GC | G190: 29 | H190: VingegaardJonasTeam Visma | Lease a Bike | I190: Team Visma | Lease a Bike | K190: 6″ | L190: ,,7:53 | M190: ..
A191: 6 | B191: 37 | C191: ▲31 | D191: 102 | F191: Climber | G191: 23 | H191: EvenepoelRemcoRed Bull - BORA - hansgrohe | I191: Alpecin - Premier Tech | L191: 8:068:06 | M191: ..
A192: 7 | B192: 3 | C192: ▼4 | D192: 21 | F192: Climber | G192: 26 | H192: DebruyneRamsesAlpecin - Premier Tech | I192: Red Bull - BORA - hansgrohe | K192: 4″ | L192: 8:168:16 | M192: ..
A193: 8 | B193: 4 | C193: ▼4 | D193: 2 | F193: Climber | G193: 22 | H193: del ToroIsaacUAE Team Emirates - XRG | I193: UAE Team Emirates - XRG | K193: 10″ | L193: 8:178:17 | M193: ..
A194: 9 | B194: 5 | C194: ▼4 | D194: 31 | F194: Climber | G194: 23 | H194: AyusoJuanLidl - Trek | I194: Lidl - Trek | L194: 8:208:20 | M194: ..
A195: 10 | B195: 6 | C195: ▼4 | D195: 51 | F195: Climber | G195: 19 | H195: SeixasPaulDecathlon CMA CGM Team | I195: Decathlon CMA CGM Team | L195: 8:418:41 | M195: ..
A196: 11 | B196: 7 | C196: ▼4 | D196: 25 | F196: GC | G196: 25 | H196: LipowitzFlorianRed Bull - BORA - hansgrohe | I196: Red Bull - BORA - hansgrohe | L196: 8:468:46 | M196: ..
A197: 12 | B197: 8 | C197: ▼4 | D197: 71 | F197: Climber | G197: 22 | H197: MartinezLennyBahrain - Victorious | I197: Bahrain - Victorious | L197: 9:029:02 | M197: ..
A198: 13 | B198: 9 | C198: ▼4 | D198: 121 | F198: Climber | G198: 26 | H198: JohannessenTobias HallandUno-X Mobility | I198: Uno-X Mobility | L198: 9:049:04 | M198: ..
A199: 14 | B199: 10 | C199: ▼4 | D199: 97 | F199: GC | G199: 26 | H199: Van WilderIlanSoudal Quick-Step | I199: Soudal Quick-Step | L199: 9:109:10 | M199: ..
A200: 15 | B200: 11 | C200: ▼4 | D200: 171 | F200: Classic | G200: 26 | H200: CarapazRichardEF Education - EasyPost | I200: Pinarello Q36.5 Pro Cycling Team | L200: 9:159:15 | M200: ..
A201: 16 | B201: 12 | C201: ▼4 | D201: 41 | F201: Climber | G201: 33 | H201: PidcockTomPinarello Q36.5 Pro Cycling Team | I201: EF Education - EasyPost | K201: 4″ | L201: 9:389:38 | M201: ..
A202: 17 | B202: 13 | C202: ▼4 | D202: 156 | F202: Climber | G202: 24 | H202: Van EetveltLennertLotto Intermarché | I202: Lotto Intermarché | L202: 9:409:40 | M202: ..
A203: 18 | B203: 14 | C203: ▼4 | D203: 35 | F203: Climber | G203: 25 | H203: SkjelmoseMattiasLidl - Trek | I203: Lidl - Trek | L203: 9:439:43 | M203: ..
A204: 19 | B204: 15 | C204: ▼4 | D204: 18 | F204: GC | G204: 23 | H204: PiganzoliDavideTeam Visma | Lease a Bike | I204: Team Visma | Lease a Bike | L204: 10:0810:08 | M204: ..
A205: 20 | B205: 16 | C205: ▼4 | D205: 82 | F205: GC | G205: 26 | H205: ArensmanThymenNetcompany INEOS | I205: Netcompany INEOS | L205: 10:1210:12 | M205: ..
A206: 21 | B206: 17 | C206: ▼4 | D206: 201 | F206: Climber | G206: 27 | H206: JegatJordanTotalEnergies | I206: TotalEnergies | L206: 10:2110:21 | M206: ..
A207: 22 | B207: 18 | C207: ▼4 | D207: 61 | F207: Climber | G207: 28 | H207: HiguitaSergioXDS Astana Team | I207: XDS Astana Team | L207: 11:1611:16 | M207: ..
A208: 23 | B208: 19 | C208: ▼4 | D208: 141 | F208: GC | G208: 23 | H208: UijtdebroeksCianMovistar Team | I208: Movistar Team | L208: 11:1711:17 | M208: ..
A209: 24 | B209: 43 | C209: ▲19 | D209: 142 | F209: Climber | G209: 25 | H209: CastrilloPabloMovistar Team | I209: Movistar Team | L209: 11:2211:22 | M209: ..
A210: 25 | B210: 45 | C210: ▲20 | D210: 144 | F210: Hills | G210: 25 | H210: García PiernaRaúlMovistar Team | I210: Movistar Team | K210: 4″ | L210: 11:3411:34 | M210: ..
A211: 26 | B211: 20 | C211: ▼6 | D211: 198 | F211: GC | G211: 27 | H211: VoisardYannisTudor Pro Cycling Team | I211: Tudor Pro Cycling Team | L211: 11:4311:43 | M211: ..
A212: 27 | B212: 21 | C212: ▼6 | D212: 81 | F212: GC | G212: 29 | H212: BernalEganNetcompany INEOS | I212: Netcompany INEOS | L212: 12:0812:08 | M212: ..
A213: 28 | B213: 22 | C213: ▼6 | D213: 228 | F213: GC | G213: 29 | H213: ParraJosé FélixCaja Rural - Seguros RGA | I213: Caja Rural - Seguros RGA | L213: 12:1412:14 | M213: ..
A214: 29 | B214: 23 | C214: ▼6 | D214: 65 | F214: Climber | G214: 29 | H214: BaudinAlexEF Education - EasyPost | I214: XDS Astana Team | L214: 12:3112:31 | M214: ..
A215: 30 | B215: 25 | C215: ▼5 | D215: 43 | F215: Climber | G215: 25 | H215: TejadaHaroldXDS Astana Team | I215: EF Education - EasyPost | L215: 13:1213:12 | M215: ..
A216: 31 | B216: 40 | C216: ▲9 | D216: 161 | F216: GC | G216: 37 | H216: IzagirreIonCofidis | I216: Cofidis | L216: 13:2813:28 | M216: ..
A217: 32 | B217: 27 | C217: ▼5 | D217: 52 | F217: Classic | G217: 32 | H217: BenootTiesjDecathlon CMA CGM Team | I217: Decathlon CMA CGM Team | L217: 13:3813:38 | M217: ..
A218: 33 | B218: 28 | C218: ▼5 | D218: 8 | F218: Climber | G218: 33 | H218: YatesAdamUAE Team Emirates - XRG | I218: UAE Team Emirates - XRG | L218: 13:5313:53 | M218: ..
A219: 34 | B219: 29 | C219: ▼5 | D219: 24 | F219: Climber | G219: 30 | H219: HindleyJaiRed Bull - BORA - hansgrohe | I219: Red Bull - BORA - hansgrohe | L219: 13:5413:54 | M219: ..
A220: 35 | B220: 30 | C220: ▼5 | D220: 77 | F220: GC | G220: 25 | H220: TiberiAntonioBahrain - Victorious | I220: Bahrain - Victorious | L220: 15:1015:10 | M220: ..
A221: 36 | B221: 52 | C221: ▲16 | D221: 34 | F221: Hills | G221: 25 | H221: SimmonsQuinnLidl - Trek | I221: Lidl - Trek | K221: 6″ | L221: 16:0016:00 | M221: ..
A222: 37 | B222: 55 | C222: ▲18 | D222: 88 | F222: GC | G222: 25 | H222: VauquelinKévinNetcompany INEOS | I222: Netcompany INEOS | L222: 16:3916:39 | M222: ..
A223: 38 | B223: 32 | C223: ▼6 | D223: 17 | F223: Climber | G223: 31 | H223: KussSeppTeam Visma | Lease a Bike | I223: Team Visma | Lease a Bike | L223: 17:3717:37 | M223: ..
A224: 39 | B224: 33 | C224: ▼6 | D224: 4 | F224: GC | G224: 28 | H224: McNultyBrandonUAE Team Emirates - XRG | I224: UAE Team Emirates - XRG | L224: 17:4817:48 | M224: ..
A225: 40 | B225: 34 | C225: ▼6 | D225: 186 | F225: Climber | G225: 33 | H225: MartinGuillaumeGroupama - FDJ United | I225: Groupama - FDJ United | L225: 18:0818:08 | M225: ..
A226: 41 | B226: 51 | C226: ▲10 | D226: 181 | F226: Classic | G226: 23 | H226: GrégoireRomainGroupama - FDJ United | I226: Groupama - FDJ United | L226: 18:2718:27 | M226: ..
A227: 42 | B227: 35 | C227: ▼7 | D227: 133 | F227: GC | G227: 36 | H227: BennettGeorgeNSN Cycling Team | I227: NSN Cycling Team | L227: 18:4618:46 | M227: ..
A228: 43 | B228: 36 | C228: ▼7 | D228: 16 | F228: GC | G228: 27 | H228: JorgensonMatteoTeam Visma | Lease a Bike | I228: Team Visma | Lease a Bike | L228: 19:1219:12 | M228: ..
A229: 44 | B229: 56 | C229: ▲12 | D229: 174 | F229: Hills | G229: 30 | H229: HermansQuintenPinarello Q36.5 Pro Cycling Team | I229: Pinarello Q36.5 Pro Cycling Team | L229: 19:4019:40 | M229: ..
A230: 45 | B230: 38 | C230: ▼7 | D230: 28 | F230: Classic | G230: 26 | H230: Van GilsMaximRed Bull - BORA - hansgrohe | I230: Red Bull - BORA - hansgrohe | L230: 23:4023:40 | M230: ..
A231: 46 | B231: 39 | C231: ▼7 | D231: 57 | F231: GC | G231: 29 | H231: ProdhommeNicolasDecathlon CMA CGM Team | I231: Decathlon CMA CGM Team | L231: 23:5923:59 | M231: ..
A232: 47 | B232: 41 | C232: ▼6 | D232: 126 | F232: Classic | G232: 31 | H232: SkaarsethAndersUno-X Mobility | I232: Uno-X Mobility | L232: 24:0324:03 | M232: ..
A233: 48 | B233: 42 | C233: ▼6 | D233: 56 | F233: GC | G233: 30 | H233: Paret-PeintreAurélienDecathlon CMA CGM Team | I233: Decathlon CMA CGM Team | L233: 24:2124:21 | M233: ..
... A262: 77 | B262: 66 | C262: ▼11 | D262: 163 | F262: Classic | G262: 30 | H262: AranburuAlexCofidis | I262: Cofidis | L262: 37:3437:34 | M262: ..
A263: 78 | B263: 134 | C263: ▲56 | D263: 33 | F263: Classic | G263: 30 | H263: PedersenMadsLidl - Trek | I263: Lidl - Trek | K263: 10″ | L263: ,,37:34 | M263: ..
A264: 79 | B264: 117 | C264: ▲38 | D264: 218 | F264: GC | G264: 25 | H264: van den BroekFrankTeam Picnic PostNL | I264: Team Picnic PostNL | L264: 37:4037:40 | M264: ..
A265: 80 | B265: 70 | C265: ▼10 | D265: 111 | F265: GC | G265: 30 | H265: O'ConnorBenTeam Jayco AlUla | I265: Team Jayco AlUla | L265: 38:2338:23 | M265: ..
A266: 81 | B266: 71 | C266: ▼10 | D266: 148 | F266: Climber | G266: 28 | H266: RubioEinerMovistar Team | I266: Movistar Team | L266: 38:3038:30 | M266: ..
A267: 82 | B267: 72 | C267: ▼10 | D267: 196 | F267: Climber | G267: 29 | H267: StorerMichaelTudor Pro Cycling Team | I267: Tudor Pro Cycling Team | L267: 38:3238:32 | M267: ..
A268: 83 | B268: 129 | C268: ▲46 | D268: 23 | F268: Hills | G268: 32 | H268: DenzNicoRed Bull - BORA - hansgrohe | I268: Red Bull - BORA - hansgrohe | L268: 39:1039:10 | M268: ..
A269: 84 | B269: 73 | C269: ▼11 | D269: 36 | F269: Classic | G269: 35 | H269: SkujiņšTomsLidl - Trek | I269: Lidl - Trek | L269: 39:2139:21 | M269: ..
A270: 85 | B270: 74 | C270: ▼11 | D270: 117 | F270: GC | G270: 25 | H270: PlappLukeTeam Jayco AlUla | I270: Team Jayco AlUla | L270: 39:2239:22 | M270: ..
A271: 86 | B271: 76 | C271: ▼10 | D271: 118 | F271: Hills | G271: 26 | H271: SchmidMauroTeam Jayco AlUla | I271: Team Jayco AlUla | L271: 40:2140:21 | M271: ..
A272: 87 | B272: 98 | C272: ▲11 | D272: 184 | F272: GC | G272: 23 | H272: CostiouEwenGroupama - FDJ United | I272: Groupama - FDJ United | L272: 40:2740:27 | M272: ..
A273: 88 | B273: 78 | C273: ▼10 | D273: 223 | F273: GC | G273: 26 | H273: BerwickSebastianCaja Rural - Seguros RGA | I273: Caja Rural - Seguros RGA | L273: 41:3541:35 | M273: ..
A274: 89 | B274: 83 | C274: ▼6 | D274: 206 | F274: Hills | G274: 25 | H274: Le BerreMathisTotalEnergies | I274: TotalEnergies | L274: 42:2942:29 | M274: ..
A275: 90 | B275: 84 | C275: ▼6 | D275: 108 | F275: Climber | G275: 24 | H275: VerstryngeEmielAlpecin - Premier Tech | I275: Alpecin - Premier Tech | L275: 42:3542:35 | M275: ..
... A366: 181 | B366: 181 | C366: - | D366: 193 | F366: Classic | G366: 35 | H366: HallerMarcoTudor Pro Cycling Team | I366: Tudor Pro Cycling Team | L366: 1:19:371:19:37 | M366: ..
A368: Rnk | B368: Prev | C368: ▼▲ | D368: BIB | E368: H2H | F368: Specialty | G368: Age | H368: Rider | I368: Team | J368: Pnt | K368: Today
A369: 1 | B369: 4 | C369: ▲3 | D369: 33 | F369: Classic | G369: 30 | H369: PedersenMadsLidl - Trek | I369: Lidl - Trek | J369: 103 | K369: 66
A370: 2 | B370: 1 | C370: ▼1 | D370: 1 | F370: Climber | G370: 27 | H370: PogačarTadejUAE Team Emirates - XRG | I370: UAE Team Emirates - XRG | J370: 55
A371: 3 | B371: 2 | C371: ▼1 | D371: 11 | F371: GC | G371: 29 | H371: VingegaardJonasTeam Visma | Lease a Bike | I371: Team Visma | Lease a Bike | J371: 44
A372: 4 | D372: 34 | F372: Hills | G372: 25 | H372: SimmonsQuinnLidl - Trek | I372: Lidl - Trek | J372: 42 | K372: 42
A373: 5 | B373: 3 | C373: ▼2 | D373: 2 | F373: Climber | G373: 22 | H373: del ToroIsaacUAE Team Emirates - XRG | I373: UAE Team Emirates - XRG | J373: 39
...

Sheet Stage05
A1: Rnk | B1: GC | C1: Timelag | D1: BIB | E1: H2H | F1: Specialty | G1: Age | H1: Rider | I1: Team | J1: UCI | K1: Pnt | M1: Time
A2: 1 | B2: 175 | C2: +1:15:32 | D2: 55 | F2: Sprint | G2: 24 | H2: KooijOlavDecathlon CMA CGM Team | I2: Decathlon CMA CGM Team | J2: 210 | K2: 100 | L2: 10″ | M2: 3:29:073:29:07
A3: 2 | B3: 138 | C3: +58:09 | D3: 64 | F3: Sprint | G3: 28 | H3: KanterMaxXDS Astana Team | I3: XDS Astana Team | J3: 150 | K3: 70 | L3: 6″ | M3: ,,0:00
A4: 3 | B4: 166 | C4: +1:11:40 | D4: 91 | F4: Sprint | G4: 33 | H4: MerlierTimSoudal Quick-Step | I4: Soudal Quick-Step | J4: 110 | K4: 50 | L4: 4″ | M4: ,,0:00
A5: 4 | B5: 170 | C5: +1:12:53 | D5: 152 | F5: TT | G5: 24 | H5: ArtzHuubLotto Intermarché | I5: Lotto Intermarché | J5: 90 | K5: 40 | M5: ,,0:00
A6: 5 | B6: 143 | C6: +1:00:22 | D6: 105 | F6: Sprint | G6: 28 | H6: PhilipsenJasperAlpecin - Premier Tech | I6: Alpecin - Premier Tech | J6: 70 | K6: 32 | M6: ,,0:00
A7: 6 | B7: 139 | C7: +58:28 | D7: 131 | F7: Classic | G7: 26 | H7: GirmayBiniamNSN Cycling Team | I7: NSN Cycling Team | J7: 55 | K7: 26 | M7: ,,0:00
A8: 7 | B8: 71 | C8: +37:20 | D8: 33 | F8: Classic | G8: 30 | H8: PedersenMadsLidl - Trek | I8: Lidl - Trek | J8: 45 | K8: 22 | M8: ,,0:00
A9: 8 | B9: 165 | C9: +1:11:40 | D9: 165 | F9: Classic | G9: 25 | H9: FretinMilanCofidis | I9: Cofidis | J9: 40 | K9: 18 | M9: ,,0:00
A10: 9 | B10: 112 | C10: +48:59 | D10: 207 | F10: Classic | G10: 32 | H10: WærenskjoldSørenUno-X Mobility | I10: TotalEnergies | J10: 35 | K10: 14 | M10: ,,0:00
A11: 10 | B11: 150 | C11: +1:02:24 | D11: 128 | F11: Classic | G11: 26 | H11: TurgisAnthonyTotalEnergies | I11: Uno-X Mobility | J11: 30 | K11: 10 | M11: ,,0:00
A12: 11 | B12: 94 | C12: +45:08 | D12: 153 | F12: Classic | G12: 25 | H12: BerckmoesJennoLotto Intermarché | I12: Lotto Intermarché | J12: 25 | K12: 8 | M12: ,,0:00
A13: 12 | B13: 169 | C13: +1:12:42 | D13: 112 | F13: Sprint | G13: 32 | H13: AckermannPascalTeam Jayco AlUla | I13: Team Jayco AlUla | J13: 20 | K13: 6 | M13: ,,0:00
A14: 13 | B14: 102 | C14: +46:05 | D14: 188 | F14: Classic | G14: 31 | H14: RussoClémentGroupama - FDJ United | I14: Groupama - FDJ United | J14: 15 | K14: 4 | M14: ,,0:00
A15: 14 | B15: 90 | C15: +43:55 | D15: 195 | F15: Classic | G15: 25 | H15: PluimersRickTudor Pro Cycling Team | I15: Tudor Pro Cycling Team | J15: 10 | K15: 2 | M15: ,,0:00
A16: 15 | B16: 158 | C16: +1:09:05 | D16: 85 | F16: Hills | G16: 30 | H16: GodonDorianNetcompany INEOS | I16: Netcompany INEOS | J16: 5 | K16: 1 | M16: ,,0:00
A17: 16 | B17: 160 | C17: +1:10:00 | D17: 213 | F17: Sprint | G17: 23 | H17: BittnerPavelTeam Picnic PostNL | I17: Team Picnic PostNL | M17: ,,0:00
A18: 17 | B18: 163 | C18: +1:11:00 | D18: 221 | F18: Sprint | G18: 31 | H18: GaviriaFernandoCaja Rural - Seguros RGA | I18: Caja Rural - Seguros RGA | M18: ,,0:00
A19: 18 | B19: 168 | C19: +1:11:55 | D19: 72 | F19: Sprint | G19: 32 | H19: BauhausPhilBahrain - Victorious | I19: Bahrain - Victorious | M19: ,,0:00
A20: 19 | B20: 132 | C20: +55:43 | D20: 66 | F20: Classic | G20: 33 | H20: TeunissenMikeXDS Astana Team | I20: XDS Astana Team | M20: ,,0:00
A21: 20 | B21: 109 | C21: +47:34 | D21: 63 | F21: GC | G21: 35 | H21: GateAaronXDS Astana Team | I21: XDS Astana Team | M21: 0:070:07
A22: 21 | B22: 4 | C22: +7:53 | D22: 1 | F22: Climber | G22: 27 | H22: PogačarTadejUAE Team Emirates - XRG | I22: UAE Team Emirates - XRG | M22: 0:140:14
A23: 22 | B23: 7 | C23: +8:16 | D23: 21 | F23: Climber | G23: 26 | H23: EvenepoelRemcoRed Bull - BORA - hansgrohe | I23: Red Bull - BORA - hansgrohe | M23: ,,0:14
A24: 23 | B24: 10 | C24: +8:41 | D24: 51 | F24: Climber | G24: 19 | H24: SeixasPaulDecathlon CMA CGM Team | I24: Decathlon CMA CGM Team | M24: ,,0:14
A25: 24 | B25: 15 | C25: +9:15 | D25: 171 | F25: Classic | G25: 26 | H25: PidcockTomPinarello Q36.5 Pro Cycling Team | I25: Pinarello Q36.5 Pro Cycling Team | M25: ,,0:14
A26: 25 | B26: 16 | C26: +9:38 | D26: 41 | F26: Climber | G26: 33 | H26: CarapazRichardEF Education - EasyPost | I26: EF Education - EasyPost | M26: ,,0:14
A27: 26 | B27: 14 | C27: +9:10 | D27: 97 | F27: GC | G27: 26 | H27: Van WilderIlanSoudal Quick-Step | I27: Soudal Quick-Step | M27: ,,0:14
A28: 27 | B28: 45 | C28: +23:40 | D28: 28 | F28: Classic | G28: 26 | H28: Van GilsMaximRed Bull - BORA - hansgrohe | I28: Red Bull - BORA - hansgrohe | M28: ,,0:14
... A182: 181 | B182: 181 | C182: +1:29:55 | D182: 192 | F182: Sprint | G182: 32 | H182: de KleijnArvidTudor Pro Cycling Team | I182: Tudor Pro Cycling Team | M182: 11:0111:01
A184: Rnk | B184: Prev | C184: ▼▲ | D184: BIB | E184: H2H | F184: Specialty | G184: Age | H184: Rider | I184: Team | J184: UCI | L184: Time | M184: Time won/lost
A185: 1 | B185: 1 | C185: - | D185: 127 | F185: GC | G185: 30 | H185: TræenTorsteinUno-X Mobility | I185: Uno-X Mobility | J185: 25 | L185: 16:32:07 16:32:07 | M185: ..
A186: 2 | B186: 2 | C186: - | D186: 45 | F186: Climber | G186: 26 | H186: QuinnSeanEF Education - EasyPost | I186: EF Education - EasyPost | L186: 0:280:28 | M186: ..
A187: 3 | B187: 3 | C187: - | D187: 37 | F187: TT | G187: 24 | H187: VacekMathiasLidl - Trek | I187: Lidl - Trek | L187: 3:503:50 | M187: ..
A188: 4 | B188: 4 | C188: - | D188: 1 | F188: Climber | G188: 27 | H188: PogačarTadejUAE Team Emirates - XRG | I188: UAE Team Emirates - XRG | K188: 16″ | L188: 7:537:53 | M188: ..
A189: 5 | B189: 5 | C189: - | D189: 11 | F189: GC | G189: 29 | H189: VingegaardJonasTeam Visma | Lease a Bike | I189: Team Visma | Lease a Bike | K189: 6″ | L189: ,,7:53 | M189: ..
A190: 6 | B190: 6 | C190: - | D190: 102 | F190: Climber | G190: 23 | H190: DebruyneRamsesAlpecin - Premier Tech | I190: Alpecin - Premier Tech | L190: 8:068:06 | M190: ..
A191: 7 | B191: 7 | C191: - | D191: 21 | F191: Climber | G191: 26 | H191: EvenepoelRemcoRed Bull - BORA - hansgrohe | I191: Red Bull - BORA - hansgrohe | K191: 4″ | L191: 8:168:16 | M191: ..
A192: 8 | B192: 8 | C192: - | D192: 2 | F192: Climber | G192: 22 | H192: AyusoJuanLidl - Trek | I192: UAE Team Emirates - XRG | K192: 10″ | L192: 8:178:17 | M192: ..
A193: 9 | B193: 9 | C193: - | D193: 31 | F193: Climber | G193: 23 | H193: del ToroIsaacUAE Team Emirates - XRG | I193: Lidl - Trek | L193: 8:208:20 | M193: ..
A194: 10 | B194: 10 | C194: - | D194: 51 | F194: Climber | G194: 19 | H194: SeixasPaulDecathlon CMA CGM Team | I194: Decathlon CMA CGM Team | L194: 8:418:41 | M194: ..
A195: 11 | B195: 11 | C195: - | D195: 25 | F195: GC | G195: 25 | H195: LipowitzFlorianRed Bull - BORA - hansgrohe | I195: Red Bull - BORA - hansgrohe | L195: 8:468:46 | M195: ..
A196: 12 | B196: 12 | C196: - | D196: 71 | F196: Climber | G196: 22 | H196: MartinezLennyBahrain - Victorious | I196: Bahrain - Victorious | L196: 9:029:02 | M196: ..
A197: 13 | B197: 13 | C197: - | D197: 121 | F197: Climber | G197: 26 | H197: JohannessenTobias HallandUno-X Mobility | I197: Uno-X Mobility | L197: 9:049:04 | M197: ..
A198: 14 | B198: 14 | C198: - | D198: 97 | F198: GC | G198: 26 | H198: Van WilderIlanSoudal Quick-Step | I198: Soudal Quick-Step | L198: 9:109:10 | M198: ..
A199: 15 | B199: 15 | C199: - | D199: 171 | F199: Classic | G199: 26 | H199: PidcockTomPinarello Q36.5 Pro Cycling Team | I199: Pinarello Q36.5 Pro Cycling Team | L199: 9:159:15 | M199: ..
A200: 16 | B200: 16 | C200: - | D200: 41 | F200: Climber | G200: 33 | H200: CarapazRichardEF Education - EasyPost | I200: EF Education - EasyPost | K200: 4″ | L200: 9:389:38 | M200: ..
A201: 17 | B201: 18 | C201: ▲1 | D201: 35 | F201: Climber | G201: 25 | H201: SkjelmoseMattiasLidl - Trek | I201: Lidl - Trek | L201: 9:439:43 | M201: ..
A202: 18 | B202: 19 | C202: ▲1 | D202: 18 | F202: GC | G202: 24 | H202: PiganzoliDavideTeam Visma | Lease a Bike | I202: Team Visma | Lease a Bike | L202: 10:0810:08 | M202: ..
A203: 19 | B203: 20 | C203: ▲1 | D203: 82 | F203: GC | G203: 26 | H203: Van EetveltLennertLotto Intermarché | I203: Netcompany INEOS | L203: 10:1210:12 | M203: ..
A204: 20 | B204: 17 | C204: ▼3 | D204: 156 | F204: Climber | G204: 24 | H204: ArensmanThymenNetcompany INEOS | I204: Lotto Intermarché | L204: 10:1310:13 | M204: ..
A205: 21 | B205: 21 | C205: - | D205: 201 | F205: Climber | G205: 27 | H205: JegatJordanTotalEnergies | I205: TotalEnergies | L205: 10:2110:21 | M205: ..
A206: 22 | B206: 22 | C206: - | D206: 61 | F206: Climber | G206: 28 | H206: HiguitaSergioXDS Astana Team | I206: XDS Astana Team | L206: 11:1611:16 | M206: ..
A207: 23 | B207: 23 | C207: - | D207: 141 | F207: GC | G207: 23 | H207: UijtdebroeksCianMovistar Team | I207: Movistar Team | L207: 11:1711:17 | M207: ..
A208: 24 | B208: 25 | C208: ▲1 | D208: 144 | F208: Hills | G208: 25 | H208: García PiernaRaúlMovistar Team | I208: Movistar Team | K208: 4″ | L208: 11:3411:34 | M208: ..
A209: 25 | B209: 26 | C209: ▲1 | D209: 198 | F209: GC | G209: 27 | H209: VoisardYannisTudor Pro Cycling Team | I209: Tudor Pro Cycling Team | L209: 11:4311:43 | M209: ..
A210: 26 | B210: 27 | C210: ▲1 | D210: 81 | F210: GC | G210: 29 | H210: BernalEganNetcompany INEOS | I210: Netcompany INEOS | L210: 12:0812:08 | M210: ..
A211: 27 | B211: 28 | C211: ▲1 | D211: 228 | F211: GC | G211: 29 | H211: ParraJosé FélixCaja Rural - Seguros RGA | I211: Caja Rural - Seguros RGA | L211: 12:1412:14 | M211: ..
A212: 28 | B212: 29 | C212: ▲1 | D212: 65 | F212: Climber | G212: 29 | H212: TejadaHaroldXDS Astana Team | I212: XDS Astana Team | L212: 12:3112:31 | M212: ..
A213: 29 | B213: 24 | C213: ▼5 | D213: 142 | F213: Climber | G213: 25 | H213: CastrilloPabloMovistar Team | I213: Movistar Team | L213: 12:4412:44 | M213: ..
A214: 30 | B214: 31 | C214: ▲1 | D214: 161 | F214: GC | G214: 37 | H214: IzagirreIonCofidis | I214: Cofidis | L214: 13:2813:28 | M214: ..
A215: 31 | B215: 33 | C215: ▲2 | D215: 8 | F215: Climber | G215: 33 | H215: YatesAdamUAE Team Emirates - XRG | I215: UAE Team Emirates - XRG | L215: 13:5313:53 | M215: ..
A216: 32 | B216: 35 | C216: ▲3 | D216: 77 | F216: GC | G216: 25 | H216: TiberiAntonioBahrain - Victorious | I216: Bahrain - Victorious | L216: 15:1015:10 | M216: ..
A217: 33 | B217: 30 | C217: ▼3 | D217: 43 | F217: Climber | G217: 25 | H217: BaudinAlexEF Education - EasyPost | I217: EF Education - EasyPost | L217: 15:3315:33 | M217: ..
A218: 34 | B218: 34 | C218: - | D218: 24 | F218: Climber | G218: 30 | H218: HindleyJaiRed Bull - BORA - hansgrohe | I218: Red Bull - BORA - hansgrohe | L218: 15:4115:41 | M218: ..
A219: 35 | B219: 32 | C219: ▼3 | D219: 52 | F219: Classic | G219: 32 | H219: BenootTiesjDecathlon CMA CGM Team | I219: Decathlon CMA CGM Team | L219: 15:5915:59 | M219: ..
A220: 36 | B220: 36 | C220: - | D220: 34 | F220: Hills | G220: 25 | H220: SimmonsQuinnLidl - Trek | I220: Lidl - Trek | K220: 6″ | L220: 16:3316:33 | M220: ..
A221: 37 | B221: 37 | C221: - | D221: 88 | F221: GC | G221: 25 | H221: VauquelinKévinNetcompany INEOS | I221: Netcompany INEOS | L221: 16:3916:39 | M221: ..
A222: 38 | B222: 39 | C222: ▲1 | D222: 4 | F222: GC | G222: 28 | H222: McNultyBrandonUAE Team Emirates - XRG | I222: UAE Team Emirates - XRG | L222: 17:4817:48 | M222: ..
A223: 39 | B223: 40 | C223: ▲1 | D223: 186 | F223: Climber | G223: 33 | H223: MartinGuillaumeGroupama - FDJ United | I223: Groupama - FDJ United | L223: 18:0818:08 | M223: ..
A224: 40 | B224: 38 | C224: ▼2 | D224: 17 | F224: Climber | G224: 31 | H224: KussSeppTeam Visma | Lease a Bike | I224: Team Visma | Lease a Bike | L224: 18:1018:10 | M224: ..
A225: 41 | B225: 43 | C225: ▲2 | D225: 16 | F225: GC | G225: 27 | H225: JorgensonMatteoTeam Visma | Lease a Bike | I225: Team Visma | Lease a Bike | L225: 19:1219:12 | M225: ..
A226: 42 | B226: 42 | C226: - | D226: 133 | F226: GC | G226: 36 | H226: BennettGeorgeNSN Cycling Team | I226: NSN Cycling Team | L226: 19:1919:19 | M226: ..
A227: 43 | B227: 41 | C227: ▼2 | D227: 181 | F227: Classic | G227: 23 | H227: GrégoireRomainGroupama - FDJ United | I227: Groupama - FDJ United | L227: 19:5819:58 | M227: ..
A228: 44 | B228: 44 | C228: - | D228: 174 | F228: Hills | G228: 30 | H228: HermansQuintenPinarello Q36.5 Pro Cycling Team | I228: Pinarello Q36.5 Pro Cycling Team | L228: 20:1320:13 | M228: ..
A229: 45 | B229: 45 | C229: - | D229: 28 | F229: Classic | G229: 26 | H229: Van GilsMaximRed Bull - BORA - hansgrohe | I229: Red Bull - BORA - hansgrohe | L229: 23:4023:40 | M229: ..
A230: 46 | B230: 46 | C230: - | D230: 57 | F230: GC | G230: 29 | H230: ProdhommeNicolasDecathlon CMA CGM Team | I230: Decathlon CMA CGM Team | L230: 24:3224:32 | M230: ..
A231: 47 | B231: 47 | C231: - | D231: 126 | F231: Classic | G231: 31 | H231: SkaarsethAndersUno-X Mobility | I231: Uno-X Mobility | L231: 24:3624:36 | M231: ..
A232: 48 | B232: 50 | C232: ▲2 | D232: 222 | F232: GC | G232: 26 | H232: BalderstoneAbelCaja Rural - Seguros RGA | I232: Caja Rural - Seguros RGA | L232: 26:3926:39 | M232: ..
... A254: 70 | B254: 58 | C254: ▼12 | D254: 115 | F254: Classic | G254: 35 | H254: MatthewsMichaelTeam Jayco AlUla | I254: Team Jayco AlUla | L254: 36:4836:48 | M254: ..
A255: 71 | B255: 78 | C255: ▲7 | D255: 33 | F255: Classic | G255: 30 | H255: PedersenMadsLidl - Trek | I255: Lidl - Trek | K255: 10″ | L255: 37:2037:20 | M255: ..
A256: 72 | B256: 80 | C256: ▲8 | D256: 111 | F256: GC | G256: 30 | H256: O'ConnorBenTeam Jayco AlUla | I256: Team Jayco AlUla | L256: 38:2338:23 | M256: ..
A257: 73 | B257: 81 | C257: ▲8 | D257: 148 | F257: Climber | G257: 28 | H257: RubioEinerMovistar Team | I257: Movistar Team | L257: 38:3038:30 | M257: ..
A258: 74 | B258: 73 | C258: ▼1 | D258: 42 | F258: TT | G258: 31 | H258: AsgreenKasperEF Education - EasyPost | I258: EF Education - EasyPost | L258: 38:4838:48 | M258: ..
A259: 75 | B259: 69 | C259: ▼6 | D259: 73 | F259: GC | G259: 38 | H259: CarusoDamianoBahrain - Victorious | I259: Bahrain - Victorious | L259: 38:5638:56 | M259: ..
A260: 76 | B260: 84 | C260: ▲8 | D260: 36 | F260: Classic | G260: 35 | H260: SkujiņšTomsLidl - Trek | I260: Lidl - Trek | L260: 39:2139:21 | M260: ..
A261: 77 | B261: 79 | C261: ▲2 | D261: 218 | F261: GC | G261: 25 | H261: van den BroekFrankTeam Picnic PostNL | I261: Team Picnic PostNL | L261: 39:3739:37 | M261: ..
A262: 78 | B262: 83 | C262: ▲5 | D262: 23 | F262: Hills | G262: 32 | H262: DenzNicoRed Bull - BORA - hansgrohe | I262: Red Bull - BORA - hansgrohe | L262: 39:4339:43 | M262: ..
A263: 79 | B263: 66 | C263: ▼13 | D263: 94 | F263: Classic | G263: 34 | H263: StuyvenJasperSoudal Quick-Step | I263: Soudal Quick-Step | L263: 39:5139:51 | M263: ..
A264: 80 | B264: 77 | C264: ▼3 | D264: 163 | F264: Classic | G264: 30 | H264: AranburuAlexCofidis | I264: Cofidis | L264: 39:5539:55 | M264: ..
A265: 81 | B265: 74 | C265: ▼7 | D265: 92 | F265: Classic | G265: 29 | H265: EenkhoornPascalSoudal Quick-Step | I265: Soudal Quick-Step | L265: 40:1040:10 | M265: ..
A266: 82 | B266: 76 | C266: ▼6 | D266: 225 | F266: Hills | G266: 28 | H266: NicolauJoelCaja Rural - Seguros RGA | I266: Caja Rural - Seguros RGA | L266: 41:3841:38 | M266: ..
A267: 83 | B267: 82 | C267: ▼1 | D267: 196 | F267: Climber | G267: 29 | H267: StorerMichaelTudor Pro Cycling Team | I267: Tudor Pro Cycling Team | L267: ,,41:38 | M267: ..
... A321: 137 | B321: 135 | C321: ▼2 | D321: 125 | F321: GC | G321: 26 | H321: JohannessenAnders HallandUno-X Mobility | I321: Uno-X Mobility | L321: 57:3057:30 | M321: ..
A322: 138 | B322: 140 | C322: ▲2 | D322: 64 | F322: Sprint | G322: 28 | H322: KanterMaxXDS Astana Team | I322: XDS Astana Team | K322: 6″ | L322: 58:0958:09 | M322: ..
A323: 139 | B323: 142 | C323: ▲3 | D323: 131 | F323: Classic | G323: 26 | H323: GirmayBiniamNSN Cycling Team | I323: NSN Cycling Team | L323: 58:2858:28 | M323: ..
A324: 140 | B324: 141 | C324: ▲1 | D324: 86 | F324: Classic | G324: 36 | H324: KwiatkowskiMichałNetcompany INEOS | I324: Netcompany INEOS | L324: 59:2359:23 | M324: ..
A325: 141 | B325: 139 | C325: ▼2 | D325: 215 | F325: Hills | G325: 22 | H325: DhondtRobbeTeam Picnic PostNL | I325: Team Picnic PostNL | L325: 59:2459:24 | M325: ..
A326: 142 | B326: 134 | C326: ▼8 | D326: 226 | F326: Hills | G326: 28 | H326: OldaniStefanoCaja Rural - Seguros RGA | I326: Caja Rural - Seguros RGA | L326: 59:3259:32 | M326: ..
A327: 143 | B327: 145 | C327: ▲2 | D327: 105 | F327: Sprint | G327: 28 | H327: PhilipsenJasperAlpecin - Premier Tech | I327: Alpecin - Premier Tech | L327: 1:00:221:00:22 | M327: ..
A328: 144 | B328: 143 | C328: ▼1 | D328: 6 | F328: Classic | G328: 27 | H328: VermeerschFlorianUAE Team Emirates - XRG | I328: UAE Team Emirates - XRG | L328: 1:00:341:00:34 | M328: ..
...

Sheet Stage06
A1: Rnk | B1: GC | C1: Timelag | D1: BIB | E1: H2H | F1: Specialty | G1: Age | H1: Rider | I1: Team | J1: UCI | K1: Pnt | M1: Time
A2: 1 | B2: 1 | C2: +0:00 | D2: 1 | F2: Climber | G2: 27 | H2: PogačarTadej UAE Team Emirates - XRG | I2: UAE Team Emirates - XRG | J2: 210 | K2: 100 | L2: 10″ | M2: 4:32:074:32:07
A3: 2 | B3: 2 | C3: +2:42 | D3: 11 | F3: GC | G3: 29 | H3: VingegaardJonas Team Visma | Lease a Bike | I3: Team Visma | Lease a Bike | J3: 150 | K3: 70 | L3: 6″ | M3: 2:382:38
A4: 3 | B4: 3 | C4: +3:27 | D4: 2 | F4: Climber | G4: 22 | H4: del ToroIsaacUAE Team Emirates - XRG | I4: UAE Team Emirates - XRG | J4: 110 | K4: 50 | L4: 4″ | M4: 2:572:57
A5: 4 | B5: 4 | C5: +3:30 | D5: 21 | F5: Climber | G5: 26 | H5: EvenepoelRemcoRed Bull - BORA - hansgrohe | I5: Red Bull - BORA - hansgrohe | J5: 90 | K5: 40 | M5: ,,2:57
A6: 5 | B6: 6 | C6: +3:55 | D6: 51 | F6: Climber | G6: 19 | H6: SeixasPaulDecathlon CMA CGM Team | I6: Decathlon CMA CGM Team | J6: 70 | K6: 32 | M6: ,,2:57
A7: 6 | B7: 7 | C7: +4:00 | D7: 25 | F7: GC | G7: 25 | H7: LipowitzFlorianRed Bull - BORA - hansgrohe | I7: Red Bull - BORA - hansgrohe | J7: 55 | K7: 26 | M7: ,,2:57
A8: 7 | B8: 5 | C8: +3:34 | D8: 31 | F8: Climber | G8: 23 | H8: AyusoJuanLidl - Trek | I8: Lidl - Trek | J8: 45 | K8: 22 | M8: ,,2:57
A9: 8 | B9: 9 | C9: +4:57 | D9: 35 | F9: Climber | G9: 25 | H9: SkjelmoseMattiasLidl - Trek | I9: Lidl - Trek | J9: 40 | K9: 18 | M9: ,,2:57
A10: 9 | B10: 8 | C10: +4:21 | D10: 71 | F10: Climber | G10: 22 | H10: KussSeppTeam Visma | Lease a Bike | I10: Bahrain - Victorious | J10: 35 | K10: 14 | M10: 3:023:02
A11: 10 | B11: 24 | C11: +13:33 | D11: 17 | F11: Climber | G11: 31 | H11: MartinezLennyBahrain - Victorious | I11: Team Visma | Lease a Bike | J11: 30 | K11: 10 | M11: 3:063:06
A12: 11 | B12: 11 | C12: +9:12 | D12: 81 | F12: GC | G12: 29 | H12: BernalEganNetcompany INEOS | I12: Netcompany INEOS | J12: 25 | K12: 8 | M12: 4:474:47
A13: 12 | B13: 19 | C13: +10:56 | D13: 201 | F13: Climber | G13: 27 | H13: JegatJordanTotalEnergies | I13: TotalEnergies | J13: 20 | K13: 6 | M13: 8:188:18
A14: 13 | B14: 22 | C14: +13:06 | D14: 65 | F14: Climber | G14: 29 | H14: TejadaHaroldXDS Astana Team | I14: XDS Astana Team | J14: 15 | K14: 4 | M14: ,,8:18
A15: 14 | B15: 14 | C15: +9:45 | D15: 97 | F15: GC | G15: 26 | H15: Van WilderIlanSoudal Quick-Step | I15: Soudal Quick-Step | J15: 10 | K15: 2 | M15: ,,8:18
A16: 15 | B16: 15 | C16: +9:50 | D16: 171 | F16: Classic | G16: 26 | H16: PidcockTomPinarello Q36.5 Pro Cycling Team | I16: Pinarello Q36.5 Pro Cycling Team | J16: 5 | K16: 1 | M16: ,,8:18
A17: 16 | B17: 21 | C17: +12:21 | D17: 198 | F17: GC | G17: 27 | H17: VoisardYannisTudor Pro Cycling Team | I17: Tudor Pro Cycling Team | M17: 8:218:21
A18: 17 | B18: 25 | C18: +14:31 | D18: 8 | F18: Climber | G18: 33 | H18: YatesAdamUAE Team Emirates - XRG | I18: UAE Team Emirates - XRG | M18: ,,8:21
A19: 18 | B19: 13 | C19: +9:42 | D19: 121 | F19: Climber | G19: 26 | H19: JohannessenTobias HallandUno-X Mobility | I19: Uno-X Mobility | M19: ,,8:21
A20: 19 | B20: 18 | C20: +10:51 | D20: 156 | F20: Climber | G20: 24 | H20: Van EetveltLennertLotto Intermarché | I20: Lotto Intermarché | M20: ,,8:21
A21: 20 | B21: 26 | C21: +18:26 | D21: 4 | F21: GC | G21: 28 | H21: McNultyBrandonUAE Team Emirates - XRG | I21: UAE Team Emirates - XRG | M21: ,,8:21
A22: 21 | B22: 17 | C22: +10:46 | D22: 18 | F22: GC | G22: 24 | H22: PiganzoliDavideTeam Visma | Lease a Bike | I22: Team Visma | Lease a Bike | M22: ,,8:21
A23: 22 | B23: 23 | C23: +13:24 | D23: 142 | F23: Climber | G23: 25 | H23: CastrilloPabloMovistar Team | I23: Movistar Team | M23: 8:238:23
A24: 23 | B24: 16 | C24: +10:46 | D24: 41 | F24: Climber | G24: 33 | H24: CarapazRichardEF Education - EasyPost | I24: EF Education - EasyPost | M24: 8:518:51
A25: 24 | B25: 33 | C25: +29:23 | D25: 173 | F25: GC | G25: 31 | H25: HarperChrisPinarello Q36.5 Pro Cycling Team | I25: Pinarello Q36.5 Pro Cycling Team | M25: 9:339:33
A26: 25 | B26: 10 | C26: +7:10 | D26: 37 | F26: TT | G26: 24 | H26: VacekMathiasLidl - Trek | I26: Lidl - Trek | M26: 11:0311:03
A27: 26 | B27: 20 | C27: +11:26 | D27: 102 | F27: Climber | G27: 23 | H27: DebruyneRamsesAlpecin - Premier Tech | I27: Alpecin - Premier Tech | M27: ,,11:03
A28: 27 | B28: 40 | C28: +36:30 | D28: 38 | F28: GC | G28: 33 | H28: VeronaCarlosLidl - Trek | I28: Lidl - Trek | M28: 15:4615:46
... A178: 177 | B178: 163 | C178: +1:47:01 | D178: 132 | F178: Classic | G178: 25 | H178: AskeyLewisNSN Cycling Team | I178: NSN Cycling Team | M178: ,,45:24
A179: DNF | D179: 96 | F179: Classic | G179: 33 | H179: Van LerbergheBertSoudal Quick-Step | I179: Soudal Quick-Step
A180: DNF | D180: 141 | F180: GC | G180: 23 | H180: UijtdebroeksCianMovistar Team | I180: Movistar Team
A181: DNF | D181: 192 | F181: Sprint | G181: 32 | H181: de KleijnArvidTudor Pro Cycling Team | I181: Tudor Pro Cycling Team
